engine_displacement,num_cylinders,horsepower,vehicle_weight,acceleration,model_year,origin,fuel_type,drivetrain,num_doors,fuel_efficiency_mpg
170,3,159,3413.433758606219,17.7,2003,Europe,Gasoline,All-wheel drive,0,13.231728906241411
130,5,97,3149.6649342200353,17.8,2007,USA,Gasoline,Front-wheel drive,0,13.688217435463793
170,,78,3079.03899736884,15.1,2018,Europe,Gasoline,Front-wheel drive,0,14.246340998160866
220,4,,2542.392401828378,20.2,2009,USA,Diesel,All-wheel drive,2,16.91273559598635
210,1,140,3460.870989989018,14.4,2009,Europe,Gasoline,All-wheel drive,2,12.488369121964562
190,3,,2484.883986036068,14.7,2008,Europe,Gasoline,All-wheel drive,-1,17.271818372724237
240,7,127,3006.5422872171457,22.2,2012,USA,Gasoline,Front-wheel drive,1,13.210412112385608
150,4,239,3638.6577802809,17.3,2020,USA,Diesel,All-wheel drive,1,12.848883861524026
250,1,174,2714.219309645285,10.3,2016,Asia,Diesel,Front-wheel drive,-1,16.823553726916543
150,4,123,3509.036569100613,10.2,2005,USA,Gasoline,Front-wheel drive,-1,12.298354983681604
230,5,100,3111.8101813891717,15.4,2014,Europe,Diesel,All-wheel drive,0,13.386605047290962
150,5,,1967.2004212521003,12.6,2014,USA,Diesel,Front-wheel drive,2,20.504446719890534
320,5,145,2783.8689742437728,15.1,2010,Asia,Diesel,All-wheel drive,1,16.17581958009284
170,1,193,2274.7351905647565,17.5,2000,Europe,Diesel,Front-wheel drive,0,18.792742345719034
200,6,160,3582.6873677151316,14.9,2007,Asia,Diesel,All-wheel drive,0,11.871091010445811
220,4,179,2631.0652035914763,16,2006,USA,Gasoline,All-wheel drive,1,16.756081170464494
160,3,180,2673.5529409560954,8.5,2013,Europe,Diesel,All-wheel drive,-1,17.516175727210882
190,6,132,2427.3118562098525,17.8,2011,USA,Diesel,Front-wheel drive,-1,17.65868533963579
250,2,110,2971.2145745989487,,2003,Europe,Gasoline,Front-wheel drive,1,14.735962194497768
180,1,126,2986.958657420011,17.9,2004,Europe,Gasoline,All-wheel drive,-1,15.097137105104313
150,3,197,2231.8081416029345,18.7,2011,Asia,Gasoline,Front-wheel drive,1,18.88908257097108
160,4,133,2659.431450757995,,2016,Asia,Gasoline,Front-wheel drive,-1,16.077730214491176
190,1,144,2438.8421255552466,16.4,2016,Europe,Diesel,Front-wheel drive,1,17.08040493384839
230,2,160,3342.6060274901347,12.9,2009,Europe,Gasoline,All-wheel drive,0,13.738380584666501
260,3,156,4267.390497388771,20,2004,USA,Diesel,Front-wheel drive,1,7.853194329416397
210,6,157,2860.206191293806,12.6,2013,USA,Gasoline,All-wheel drive,,15.906421807842525
180,8,160,3080.170161717871,10.6,2002,USA,Diesel,All-wheel drive,2,15.089880004688073
120,6,206,3467.355490131792,18.3,2016,USA,Gasoline,Front-wheel drive,-1,13.04899290040456
220,4,154,3335.0681874881448,14.8,2005,USA,Diesel,All-wheel drive,-1,13.411265956371402
230,4,132,2479.7829741497544,15.6,2014,Europe,Diesel,All-wheel drive,0,17.34901126810939
280,5,140,2598.598215530185,17.1,2022,USA,Gasoline,Front-wheel drive,0,16.852517863788954
160,4,153,3106.306111675653,15.8,2000,Europe,Gasoline,All-wheel drive,-1,14.04564452468013
40,5,136,3619.3707301766626,19.5,2017,Europe,Gasoline,All-wheel drive,-1,11.02937073424243
200,4,168,2946.9791685788814,18.6,2001,USA,Diesel,Front-wheel drive,0,15.76758556294088
150,2,149,2844.2275338857653,17.3,2014,Asia,Diesel,Front-wheel drive,0,15.353788201522017
160,3,127,2961.158679125447,14.8,2004,USA,Gasoline,Front-wheel drive,0,14.671771671571785
200,5,143,3040.2365213942894,14.2,2006,USA,Diesel,All-wheel drive,-1,15.01132504011616
80,3,132,3444.8921095893515,17.2,2023,Europe,Gasoline,Front-wheel drive,-1,11.704658142342613
190,5,158,3761.9940381922206,,2019,Asia,Gasoline,Front-wheel drive,1,11.645724047561528
240,6,176,2676.886843633655,14.5,2002,Europe,Gasoline,Front-wheel drive,-1,17.322851581349216
110,1,108,2292.675257052191,14.5,2015,Europe,Gasoline,Front-wheel drive,0,18.63000885913826
230,2,125,2563.9027023821623,18.1,2008,Europe,Gasoline,All-wheel drive,0,16.890273538222665
240,4,123,2612.0154112627533,10.5,2013,USA,Diesel,Front-wheel drive,-1,16.416020840488873
170,4,123,2957.6811098887447,14.4,2012,Asia,Diesel,All-wheel drive,-1,15.039796931634644
240,2,142,2544.5168017694277,12.9,2016,Asia,Gasoline,All-wheel drive,0,17.600327865900464
380,,139,1833.1964030710933,16.7,2022,USA,Gasoline,Front-wheel drive,-1,20.728616942029674
190,4,170,2607.6950038058926,20.8,2019,USA,Diesel,Front-wheel drive,1,15.932777017483826
270,1,135,3858.9146336751146,,2006,Europe,Gasoline,Front-wheel drive,2,10.0898180828745
190,5,202,2531.185247040718,16.2,2016,Asia,Gasoline,All-wheel drive,0,17.983505227568678
140,7,99,3602.664482911108,17,2015,Europe,Gasoline,All-wheel drive,1,11.25726765887053
220,6,156,3494.539764392151,16.9,2005,USA,Diesel,Front-wheel drive,,11.906123234382632
270,3,152,2730.9471044643847,,2015,Asia,Diesel,All-wheel drive,-1,15.820981654894679
200,4,148,3020.0554311841893,13,2006,USA,Diesel,Front-wheel drive,1,15.354315603784112
290,7,151,3715.0970820743396,8.9,2004,Europe,Diesel,All-wheel drive,0,12.47727027649097
180,6,155,1894.9115442646041,11.1,2022,USA,Diesel,All-wheel drive,1,21.35395717138927
110,4,146,3047.5782862531237,12.5,2022,USA,Diesel,Front-wheel drive,,15.489931554064501
250,2,199,3475.3397338282793,11.3,2001,USA,Diesel,Front-wheel drive,-2,13.693649129535178
210,5,128,3654.1395563912347,17.3,2015,Asia,Gasoline,Front-wheel drive,,11.550323928127572
230,8,103,2496.5486592559587,16.7,2019,USA,Gasoline,All-wheel drive,0,16.66713972255865
150,4,182,3444.1762239366262,,2023,USA,Gasoline,Front-wheel drive,-1,13.1821351382378
240,5,,2677.52170988898,13.2,2003,Asia,Diesel,Front-wheel drive,0,16.31743149857548
240,3,136,2243.691520952068,10.2,2013,USA,Diesel,Front-wheel drive,2,18.823831691830833
130,4,141,2838.747941010729,13.3,2007,USA,Gasoline,All-wheel drive,0,16.36873544856327
180,4,180,1986.4427824908344,,2011,USA,Gasoline,All-wheel drive,0,20.3838142199241
170,4,126,2066.342671940454,11.7,2020,USA,Diesel,Front-wheel drive,-2,19.311357076485475
240,5,,1820.8737660981283,13.2,2005,USA,Diesel,All-wheel drive,-2,21.442806053191937
240,1,159,2771.392226792315,17.7,2022,Europe,Diesel,All-wheel drive,1,15.531199454744357
210,2,113,2803.4197005468427,15.8,2014,Europe,Diesel,All-wheel drive,-1,15.6627313224175
270,3,154,2942.601034449063,17.1,2022,Europe,Diesel,Front-wheel drive,1,15.007972875086685
260,4,133,3056.8393110396287,17.4,2008,Europe,Diesel,All-wheel drive,0,14.22756612084751
340,3,148,2431.5896227586677,,2002,USA,Diesel,All-wheel drive,1,17.634290034368867
110,7,133,2385.7237522515015,16.3,2017,USA,Diesel,All-wheel drive,1,17.470582291536815
120,4,109,2489.428224360583,17.8,2012,Europe,Gasoline,Front-wheel drive,1,16.474120060324143
180,1,155,2866.4260011734855,13.2,2003,Europe,Gasoline,All-wheel drive,0,16.192534808562236
160,6,196,2858.7154325606157,16.8,2006,Asia,Gasoline,All-wheel drive,0,16.138145622702815
240,4,110,2986.4128410857165,21.6,2023,USA,Diesel,All-wheel drive,1,14.314549046649999
190,4,133,3925.5069117609924,17.1,2000,Asia,Gasoline,Front-wheel drive,0,10.236175734106144
250,3,148,2642.367225695948,10,2022,USA,Diesel,Front-wheel drive,-2,17.689312290094463
260,6,111,3582.774204083698,18.2,2015,USA,Diesel,Front-wheel drive,0,10.954906037501958
210,3,152,3429.1693920190837,16.8,2012,Asia,Gasoline,Front-wheel drive,1,12.919793266773631
230,3,118,2969.0506097874677,15.5,2013,Europe,Gasoline,All-wheel drive,1,14.96371429463623
110,3,152,3461.4125548995908,19.4,2003,Europe,Diesel,All-wheel drive,1,11.835500612703004
200,3,139,1733.654687611878,12.9,2022,Europe,Diesel,All-wheel drive,0,21.215411080967744
110,4,222,3989.6318950559385,10.2,2006,USA,Gasoline,Front-wheel drive,-2,10.694222537146487
190,5,122,2759.74744662664,14.6,2013,Europe,Diesel,Front-wheel drive,-1,15.290457303497131
230,2,,3640.7299919419897,13.5,2016,Europe,Gasoline,All-wheel drive,0,10.838228201369937
130,6,194,3087.1045672603655,13.2,2006,Europe,Gasoline,All-wheel drive,-3,15.673689388881288
240,0,179,2928.390984041444,16.2,2010,Asia,Diesel,Front-wheel drive,1,15.1925413931655
240,7,166,3925.5586878590752,9.8,2010,Asia,Gasoline,Front-wheel drive,0,11.781953644467873
180,4,101,2065.5431253394445,17.7,2005,Asia,Gasoline,All-wheel drive,0,19.106654789919126
140,1,72,3020.108580384754,16.9,2002,USA,Gasoline,All-wheel drive,-1,14.414130345693069
200,8,135,3141.561010952698,,2001,Europe,Diesel,All-wheel drive,0,12.956332020672727
230,3,125,3068.6365260654934,16,2018,Europe,Gasoline,All-wheel drive,0,13.238181826922967
200,5,157,2489.8232807694117,15.4,2011,USA,Diesel,Front-wheel drive,-1,17.966938699690704
110,5,132,3195.203212632137,13.2,2014,USA,Gasoline,All-wheel drive,1,14.04037370093363
200,2,232,3476.591796603671,11,2016,USA,Gasoline,All-wheel drive,1,14.674506736607647
120,5,172,3475.0045282296674,13.8,2013,USA,Diesel,All-wheel drive,,12.743223824798541
280,2,133,3398.340991866751,15.3,2015,Europe,Diesel,All-wheel drive,1,13.930128293792098
250,,109,3210.919483501148,14.6,2021,USA,Diesel,All-wheel drive,0,13.128946484301027
240,5,194,3019.8822374078773,17.5,2017,USA,Gasoline,All-wheel drive,1,14.882406411279126
240,4,176,3932.732061884642,15.5,2010,USA,Diesel,Front-wheel drive,1,10.410719931791657
240,6,165,2331.406515535685,,2015,USA,Diesel,Front-wheel drive,-1,18.901012629086203
250,6,177,2705.632696518827,10.1,2003,Asia,Gasoline,All-wheel drive,2,17.36358518579527
150,1,190,3996.1417942125117,13.1,2018,USA,Diesel,Front-wheel drive,0,10.119102319223048
140,1,166,3238.177967641373,14.9,2011,Asia,Gasoline,All-wheel drive,1,13.784027898457635
310,,103,3514.690129960512,15.7,2011,Asia,Gasoline,Front-wheel drive,0,11.745027917789637
150,4,123,3390.065057053367,17.2,2001,Europe,Diesel,Front-wheel drive,1,12.664050253023738
210,3,129,2431.8282967615232,17,2013,USA,Diesel,Front-wheel drive,1,17.386008085774705
290,4,184,3090.89413681191,16.6,2002,Asia,Gasoline,All-wheel drive,1,14.98594049869758
110,1,147,2672.437293696432,14,2006,USA,Gasoline,Front-wheel drive,0,16.962654563626934
250,2,177,2799.6167045577713,13.4,2013,Europe,Diesel,All-wheel drive,0,16.40491228582689
240,6,151,3444.2532181983206,12.1,2008,Asia,Diesel,Front-wheel drive,,13.190997221220325
180,8,137,2641.6528554910265,18.3,2018,Europe,Gasoline,All-wheel drive,0,16.613312340215607
200,2,163,3146.743143565958,13,2005,Asia,Gasoline,All-wheel drive,0,14.395615578556114
270,3,97,3158.4436102477116,11.7,2015,Europe,Gasoline,All-wheel drive,0,14.178157582977777
210,3,162,3642.4980770826865,15.6,2001,Asia,Gasoline,All-wheel drive,0,10.963506046167412
170,3,186,3320.3326781525057,11,2018,USA,Diesel,Front-wheel drive,0,14.865375998453427
280,1,104,3650.722390412526,13.3,2010,Asia,Gasoline,Front-wheel drive,1,11.342614871840736
220,2,99,3210.419881960088,14.7,2000,USA,Diesel,All-wheel drive,0,13.704305239232044
230,2,137,2859.2704254744935,15.4,2017,Asia,Gasoline,All-wheel drive,-1,15.534575330284182
190,3,132,3398.1373112791266,11.8,2008,USA,Gasoline,All-wheel drive,1,12.418218621483197
210,2,182,2703.3369108144393,,2021,USA,Gasoline,All-wheel drive,0,17.021586543663005
100,5,120,2826.2462900791475,13.7,2014,Europe,Gasoline,Front-wheel drive,0,15.251511069744547
270,6,135,2435.3611644468947,15,2006,Asia,Gasoline,Front-wheel drive,0,17.958386086087742
180,5,177,3062.5055845670486,13.6,2007,Europe,Diesel,All-wheel drive,1,14.793726761151737
200,3,143,2950.8221213345873,17.1,2013,Asia,Diesel,Front-wheel drive,-1,15.331214658436405
240,5,145,3329.4263192442004,,2022,USA,Gasoline,All-wheel drive,0,12.831510932548387
190,4,200,3080.694707350197,14,2020,Europe,Gasoline,All-wheel drive,0,14.99649771898821
140,6,189,2821.0037241823256,21.2,2014,USA,Gasoline,Front-wheel drive,0,15.667962277800497
200,3,167,3030.4471440781385,16.5,2012,Europe,Diesel,All-wheel drive,0,15.196812924261454
180,5,164,3011.935745333787,13.5,2018,Asia,Gasoline,All-wheel drive,0,15.519705640049803
200,4,123,2842.992310766458,15.7,2010,Asia,Gasoline,Front-wheel drive,3,15.172158285749552
110,4,149,2686.2920420207847,13.9,2011,Asia,Diesel,All-wheel drive,0,16.54995387725934
140,4,191,2599.007718544653,15.7,2009,Europe,Gasoline,All-wheel drive,1,17.469316960081535
90,1,148,2528.3479461904435,11.9,2002,Asia,Diesel,Front-wheel drive,1,17.540475740681295
170,4,153,3678.720747386177,15.8,2022,Asia,Gasoline,Front-wheel drive,-1,11.353188504588237
210,,195,3073.656145330289,12.9,2001,USA,Gasoline,Front-wheel drive,1,14.846456488308398
220,,96,3067.9510714224807,17.8,2005,Europe,Gasoline,All-wheel drive,1,14.193803648855138
190,2,152,2375.7961705649936,10.3,2014,Europe,Gasoline,All-wheel drive,1,18.645561424313144
260,6,127,2972.5966697819536,19.6,2009,USA,Diesel,Front-wheel drive,2,14.197881595983631
110,1,,3879.8204315564744,14.3,2020,USA,Gasoline,All-wheel drive,,10.33731152134293
170,5,122,2675.1259602542978,,2016,USA,Gasoline,Front-wheel drive,0,16.25498101242529
240,2,,2768.167545158817,18.7,2020,Europe,Gasoline,Front-wheel drive,1,15.421865641326615
200,5,181,3100.2165515995666,17.5,2018,USA,Gasoline,Front-wheel drive,-1,14.470139497478241
260,2,200,2216.540197957567,15,2016,Asia,Gasoline,All-wheel drive,1,18.841960135846293
80,1,193,3411.602985817675,10.5,2020,USA,Gasoline,All-wheel drive,0,13.65143153147079
210,,123,2701.494864764436,20.5,2016,Europe,Gasoline,All-wheel drive,-2,15.424736618884307
170,1,181,2671.2242376289846,19.6,2010,Europe,Gasoline,Front-wheel drive,1,16.3693072711133
310,7,97,2837.600275479973,14.8,2006,USA,Gasoline,All-wheel drive,-2,15.352222413298646
240,,156,3176.7542563822444,12.1,2014,Europe,Gasoline,Front-wheel drive,-2,13.900224938553865
160,2,194,2798.569232678463,13,2015,USA,Diesel,All-wheel drive,-1,16.469556287901753
190,2,179,3953.311649204393,15.6,2003,Asia,Diesel,Front-wheel drive,0,10.188722574984988
220,1,128,3388.183705004871,11.2,2004,Europe,Diesel,Front-wheel drive,1,12.962764497645237
310,0,159,2376.284548972947,,2005,Asia,Diesel,All-wheel drive,-1,17.863914553778507
140,4,172,3966.299770850817,14.3,2014,Asia,Gasoline,All-wheel drive,-1,9.984908640845253
180,4,191,3427.6705807257467,19.3,2004,USA,Gasoline,All-wheel drive,-1,13.178823178208138
220,1,139,2577.120411484481,15.1,2007,Asia,Diesel,Front-wheel drive,0,17.390924993136817
180,5,71,3809.2002806707346,10.9,2015,USA,Diesel,Front-wheel drive,,10.77868732348475
120,7,,2846.3716423519236,13.6,2008,Europe,Diesel,Front-wheel drive,-1,15.901727776131771
260,4,168,2888.7266943869013,17.3,2022,Europe,Diesel,All-wheel drive,-2,16.087246679961126
140,8,130,2403.181129982779,15,2020,Asia,Diesel,Front-wheel drive,-1,17.798755253041886
220,6,170,2374.4828658875795,16.8,2015,Asia,Diesel,Front-wheel drive,1,18.357378387890183
140,3,130,3430.301837840579,19.1,2007,Europe,Gasoline,Front-wheel drive,-1,12.148450271780602
200,5,,2576.7241754638226,14.4,2006,USA,Diesel,All-wheel drive,-1,17.34526560912104
240,4,159,2773.9240907742733,18.3,2020,Europe,Diesel,Front-wheel drive,-1,15.601223133198223
210,3,133,2913.1824950552814,12,2001,Europe,Diesel,All-wheel drive,1,14.757738350133856
200,5,150,3965.339213908783,12,2018,Asia,Gasoline,All-wheel drive,0,10.465232689090865
150,4,192,2824.478265006889,13.8,2002,Asia,Diesel,All-wheel drive,2,16.696031085278673
200,3,135,2657.524923605972,,2019,Europe,Gasoline,Front-wheel drive,-1,17.0545162706995
190,1,190,2994.8751905870145,15.2,2018,Europe,Gasoline,All-wheel drive,-2,16.096701972790964
210,,126,2996.8027928658603,14.6,2009,Europe,Gasoline,Front-wheel drive,1,14.933980338499737
200,8,217,2156.3676639373502,16.7,2012,Asia,Gasoline,Front-wheel drive,1,19.442473480309197
200,2,147,4043.595771631228,16.2,2014,Asia,Gasoline,All-wheel drive,1,9.957139470311276
230,3,172,2697.423182331291,16.1,2011,Asia,Diesel,All-wheel drive,2,16.75466934147011
230,1,139,2992.3829395474777,13.1,2012,USA,Diesel,Front-wheel drive,1,15.810960056530352
150,3,176,2286.930129247111,13.7,2004,Europe,Gasoline,All-wheel drive,0,19.312658535626483
240,,120,3450.59314322959,14.3,2023,Asia,Diesel,All-wheel drive,1,12.895396757676426
220,2,112,3301.553275456787,,2019,Europe,Gasoline,Front-wheel drive,,13.546385082711314
170,9,177,3886.1866687112074,18.3,2009,USA,Diesel,All-wheel drive,-2,10.577865420345667
120,6,137,3668.9855422177234,16.7,2008,Europe,Gasoline,All-wheel drive,-2,11.581257181965942
240,3,160,3858.656702366004,10.4,2013,USA,Gasoline,All-wheel drive,0,10.826352942342915
170,7,155,2477.692722820394,16.2,2000,USA,Diesel,Front-wheel drive,-1,16.932948440566346
200,2,220,3296.271708281133,14.3,2005,Europe,Gasoline,All-wheel drive,-1,14.406190944540866
110,6,185,2699.5969876883237,17.7,2004,USA,Diesel,All-wheel drive,1,16.764266483624212
140,9,83,3007.3271482865844,16.6,2022,Asia,Diesel,All-wheel drive,1,13.991309283118838
210,6,101,2725.9192226806317,11.6,2015,Asia,Diesel,Front-wheel drive,0,16.003261680782987
310,3,177,3642.97053921638,16,2007,USA,Gasoline,All-wheel drive,-1,10.865296360425452
220,,124,2519.1958229261973,,2010,USA,Diesel,All-wheel drive,-1,17.219835993936357
230,4,141,4116.351836187175,17.9,2009,USA,Diesel,Front-wheel drive,2,9.166316193643121
330,2,,3320.0229499658294,15.5,2016,Europe,Diesel,Front-wheel drive,0,12.309909134728498
190,3,161,3254.925525863878,18.6,2007,Asia,Diesel,Front-wheel drive,0,12.805813109081539
160,5,185,2925.8835946322506,16,2022,Asia,Gasoline,All-wheel drive,1,15.551863923622783
140,4,169,3325.3748630868536,16.4,2013,Europe,Gasoline,All-wheel drive,0,14.191660501155042
230,3,98,3712.8099901535356,14.7,2000,Europe,Diesel,All-wheel drive,0,11.01043701295423
240,7,117,2785.3378616596187,14.4,2010,Europe,Gasoline,Front-wheel drive,0,15.741152017701786
170,8,,3383.8670882512283,15.9,2008,Europe,Diesel,Front-wheel drive,-1,13.439791190841234
150,2,172,3270.1340110427836,9.5,2008,Europe,Gasoline,All-wheel drive,0,13.969112297500919
160,2,122,3047.4465965311597,18.7,2007,Europe,Diesel,All-wheel drive,,14.35817135096865
220,2,174,2446.6949871327843,15,2009,Asia,Gasoline,All-wheel drive,2,18.439731427933378
230,4,134,3066.341811364545,17.1,2006,Europe,Gasoline,All-wheel drive,-2,14.288481033881608
170,3,135,2750.851077285825,16.9,2020,Asia,Gasoline,All-wheel drive,0,16.432156339924635
270,2,157,2015.659283715203,17.3,2009,Europe,Diesel,All-wheel drive,0,19.63806157259075
230,3,172,2940.3772671655165,14.7,2002,Asia,Gasoline,All-wheel drive,-1,15.130734018215115
130,3,163,2249.12909153009,,2006,Europe,Gasoline,All-wheel drive,1,19.1469557951747
150,3,80,3504.248301935137,14.5,2019,Asia,Gasoline,All-wheel drive,1,12.126609117663138
190,2,184,2904.5579064942285,15.9,2003,USA,Diesel,All-wheel drive,0,15.651528754229046
190,5,92,3421.9638526794047,15.8,2014,Europe,Diesel,Front-wheel drive,-1,12.285139595920356
170,5,158,3799.096198199624,14.5,2020,Asia,Gasoline,All-wheel drive,-1,11.022729129417908
120,12,165,2990.881339172087,13.3,2013,USA,Gasoline,Front-wheel drive,1,15.258743593726928
160,6,179,3791.505087854457,13.7,2008,Asia,Gasoline,All-wheel drive,0,12.175115129232339
190,1,115,2902.7860167043414,14.2,2011,Asia,Diesel,Front-wheel drive,,14.974771455703404
110,4,,2567.5508144585383,18.4,2018,Asia,Gasoline,Front-wheel drive,1,15.840718257146316
170,3,182,2593.095054677401,13.1,2014,Asia,Diesel,All-wheel drive,0,17.932349026260564
170,5,146,3484.304166715797,16.6,2012,Asia,Diesel,Front-wheel drive,-1,11.95483106838749
110,7,160,2826.8428574305713,8.8,2002,Europe,Diesel,All-wheel drive,0,17.065596922781754
130,8,162,2670.3354124789794,15.2,2013,USA,Diesel,Front-wheel drive,1,16.760242638352906
130,1,168,2948.80065582089,16.1,2014,Europe,Gasoline,Front-wheel drive,1,15.55693691207639
80,6,150,3294.7486328781056,15.2,2020,Asia,Gasoline,All-wheel drive,2,13.572634429616706
240,1,129,3227.1736723512636,16.1,2022,Asia,Diesel,All-wheel drive,0,13.42298531291123
170,3,145,3054.5491597799173,17.9,2022,Europe,Diesel,All-wheel drive,0,14.765343878316486
160,8,160,3513.768885984202,12.8,2008,USA,Gasoline,All-wheel drive,0,12.436712722226485
130,1,121,3139.6913546352484,18.8,2009,Europe,Gasoline,Front-wheel drive,1,13.888749992290835
160,4,214,2871.1034177497727,13.4,2002,Asia,Gasoline,Front-wheel drive,2,16.74919072037798
190,7,186,3089.7469511561962,13.8,2020,Asia,Gasoline,All-wheel drive,1,15.283297010033813
190,1,130,2322.856317807375,19.4,2022,Europe,Diesel,Front-wheel drive,0,17.9208494892752
190,2,94,3292.080030820942,14.9,2017,Asia,Diesel,All-wheel drive,-2,13.215203826775971
110,5,126,2958.596423012351,16,2004,Europe,Gasoline,Front-wheel drive,2,15.108471830566566
210,,,3136.11861478225,15.3,2004,USA,Gasoline,Front-wheel drive,0,13.731613925828722
140,2,185,3362.8591225326704,16.4,2018,Asia,Gasoline,All-wheel drive,1,13.460320229124333
170,5,165,1973.4679344868193,14.4,2016,Europe,Diesel,Front-wheel drive,2,20.256124932320088
190,3,90,3603.4941487959504,17.1,2016,Europe,Diesel,All-wheel drive,1,11.542828312651936
140,0,108,2912.716544712457,12,2001,Asia,Diesel,All-wheel drive,1,15.00153266810731
160,2,134,2963.890461496888,13.5,2001,Europe,Diesel,Front-wheel drive,2,14.642639234669165
160,2,134,3510.850707854016,18.2,2015,USA,Gasoline,All-wheel drive,1,12.256453172126417
200,3,210,3053.1361675891053,15.1,2011,USA,Gasoline,All-wheel drive,1,15.609537289892208
140,3,,3401.3576914516843,14.6,2016,USA,Gasoline,Front-wheel drive,-1,12.639721454099165
140,,126,2984.1356459107633,14,2022,Asia,Diesel,All-wheel drive,0,14.750993966506396
250,4,156,3854.6241598747297,20.6,2020,USA,Diesel,Front-wheel drive,-1,9.846968421529322
310,3,96,2579.5565056072155,17,2021,USA,Gasoline,All-wheel drive,0,16.40056550186383
190,5,90,3586.3215690955058,14.2,2022,Asia,Gasoline,All-wheel drive,0,11.631184815880026
310,10,83,2680.4074656506486,18.3,2005,Europe,Diesel,All-wheel drive,1,15.609664460295667
150,2,92,2880.4549736629774,13.7,2012,USA,Diesel,Front-wheel drive,1,14.804039524061036
190,5,160,2780.464846009056,,2001,Asia,Gasoline,Front-wheel drive,0,16.386913622300682
220,6,110,3745.8460030544384,17.3,2015,USA,Diesel,Front-wheel drive,,10.69877310575774
180,7,112,2154.5246093366613,17.3,2018,Asia,Gasoline,Front-wheel drive,-1,18.848790913668395
210,5,132,2783.162465819864,14.9,2012,Europe,Diesel,All-wheel drive,0,16.20678395349986
170,3,164,2990.040916716882,9.7,2019,Europe,Diesel,Front-wheel drive,0,15.963018865529914
130,1,138,3458.198702562361,9.6,2018,Europe,Diesel,All-wheel drive,2,13.4812375239162
290,10,198,3171.1407250109505,16.5,2019,USA,Gasoline,All-wheel drive,1,14.477468854374118
220,4,147,2669.7018858719066,13.5,2015,Asia,Gasoline,Front-wheel drive,1,16.549890847131095
270,4,138,2714.536778771385,15,2002,Asia,Diesel,All-wheel drive,-1,16.306775111249312
180,3,133,2581.4046084322435,13.8,2014,USA,Diesel,All-wheel drive,2,16.466021212444875
210,3,100,2917.6120216004215,16,2019,Europe,Gasoline,All-wheel drive,1,15.39679598399251
280,5,112,3319.8965492982225,18.2,2015,Europe,Diesel,Front-wheel drive,2,12.906637258347159
120,,175,3079.478438351866,11.7,2007,Europe,Gasoline,All-wheel drive,,14.773140999794514
230,3,109,2633.3667848767755,15.7,2000,Europe,Gasoline,Front-wheel drive,0,16.355374852312472
220,3,149,3455.3884787131788,,2003,Asia,Diesel,Front-wheel drive,-1,12.574482348737936
290,2,179,2807.1729378476857,15.5,2019,USA,Diesel,All-wheel drive,0,15.79852539736033
230,3,,2623.0250982671937,,2004,USA,Gasoline,Front-wheel drive,0,16.885037361393177
190,4,183,3168.684046784446,17.8,2002,Asia,Gasoline,Front-wheel drive,-1,14.518770435482049
260,3,126,3097.007834861726,13.9,2005,USA,Diesel,Front-wheel drive,0,14.988190287130637
210,4,187,2787.0769340424845,17.9,2003,Europe,Diesel,Front-wheel drive,0,16.422447651517537
240,9,152,3621.3584313053366,15.2,2006,Europe,Gasoline,All-wheel drive,0,12.715355054129684
220,3,190,3464.62683210765,16.1,2001,Asia,Gasoline,All-wheel drive,0,13.65965655590136
180,8,148,2422.530482701861,12.8,2010,USA,Diesel,Front-wheel drive,2,18.07554317152856
160,10,190,2867.1210989978426,17.7,2003,Asia,Gasoline,Front-wheel drive,1,15.806511850079655
260,4,149,2934.056297569357,15.7,2006,USA,Gasoline,Front-wheel drive,-2,14.664216612284108
240,4,140,2425.932315011492,11.3,2022,USA,Diesel,Front-wheel drive,0,18.364945214338704
180,6,173,3240.2934229764487,18.8,2001,Europe,Gasoline,Front-wheel drive,-2,13.511031307075285
240,4,95,3743.6971591412007,15.5,2014,Europe,Diesel,All-wheel drive,0,10.606547717012038
280,3,,3086.3316671279053,14.5,2012,Europe,Gasoline,All-wheel drive,1,14.490224194211828
240,5,123,3611.073982040467,14.3,2007,Europe,Diesel,All-wheel drive,1,11.771411141621616
130,2,136,3333.7338628696807,21.8,2013,Asia,Diesel,Front-wheel drive,0,12.346532354070137
180,3,140,2951.5318323530128,17.6,2003,Asia,Gasoline,All-wheel drive,-1,14.744511937755272
200,7,199,2927.875023329272,17.9,2011,Europe,Gasoline,All-wheel drive,-1,15.169111817411077
110,4,127,3273.610751625405,19.3,2009,Asia,Diesel,Front-wheel drive,1,12.38940503795111
270,4,129,2606.5728217881688,15,2012,Europe,Gasoline,All-wheel drive,0,17.21720773244218
200,3,122,3114.013495660735,15.5,2006,Asia,Diesel,Front-wheel drive,1,14.034147826649265
260,6,155,3256.556022379917,14.7,2014,Asia,Gasoline,All-wheel drive,,13.638998563283351
220,0,165,3065.284242689174,,2023,Asia,Diesel,All-wheel drive,-1,14.42583219707705
170,2,145,3046.770802455745,18.6,2005,Asia,Diesel,Front-wheel drive,-1,14.545581937899787
250,5,155,3303.776901781832,12.7,2005,Asia,Diesel,Front-wheel drive,,13.351128293152257
190,2,142,3823.0717737140503,15.2,2015,USA,Diesel,All-wheel drive,0,10.618651664899772
200,4,166,2624.670687191329,14.3,2014,USA,Gasoline,All-wheel drive,0,17.391529800474913
160,3,127,3157.477047461999,16.1,2011,Asia,Diesel,All-wheel drive,2,13.367590240053348
160,7,148,2638.2250331466257,13.4,2022,Europe,Diesel,All-wheel drive,1,17.12375599386975
240,7,,3106.148985720139,,2004,Europe,Diesel,Front-wheel drive,1,14.676092098069429
170,4,145,2767.2155007181277,13.1,2010,Europe,Diesel,Front-wheel drive,-2,16.109721678085357
210,5,199,4098.827534690869,13.6,2004,USA,Diesel,Front-wheel drive,-1,9.99537984414206
270,0,162,2171.6787843257434,16.5,2020,USA,Gasoline,Front-wheel drive,,19.517040681059513
220,7,117,3414.2791601564763,17.5,2018,USA,Gasoline,Front-wheel drive,0,11.736125092767574
290,,113,4011.020411256396,13.2,2013,Europe,Gasoline,All-wheel drive,-1,9.461128953678152
140,6,138,2326.103444507341,11.9,2023,Asia,Gasoline,Front-wheel drive,0,18.25941636565636
240,6,184,2645.8048859779233,15.3,2002,Europe,Diesel,All-wheel drive,0,17.04514980394756
240,1,131,2937.511809635033,14.1,2016,Asia,Gasoline,All-wheel drive,1,15.371390034490165
200,5,106,3235.742612925002,12.6,2019,USA,Gasoline,Front-wheel drive,-1,13.817646617076296
220,1,117,3141.3403153699455,18.2,2004,Asia,Gasoline,All-wheel drive,1,13.14994112983961
160,2,,2991.864132442691,14,2006,Asia,Diesel,All-wheel drive,1,15.339000294941403
190,5,167,3491.2578229436126,,2013,Asia,Gasoline,All-wheel drive,0,12.357765792116961
150,3,134,3499.065176317293,14.4,2000,Europe,Diesel,Front-wheel drive,-1,11.765269293455654
210,3,156,2598.520311645916,17,2005,Europe,Diesel,All-wheel drive,0,17.051450165064935
190,2,165,3681.186984429557,16,2015,Europe,Gasoline,All-wheel drive,-1,11.37937993930982
110,4,204,2839.2909002744655,14.7,2018,Asia,Gasoline,Front-wheel drive,2,16.241482049232317
120,5,93,3487.7656776239064,,2014,USA,Gasoline,Front-wheel drive,1,11.396732753459615
120,0,130,2928.900221847013,13.9,2004,USA,Diesel,Front-wheel drive,0,15.61476801220341
210,5,158,3766.75309703536,19.2,2015,USA,Gasoline,All-wheel drive,0,10.59243513841361
170,1,131,2811.82523372534,15.8,2008,Asia,Diesel,Front-wheel drive,1,15.682482755780395
140,6,128,3547.4570088853725,13.7,2021,Asia,Gasoline,Front-wheel drive,1,12.072259311886453
120,4,147,2647.8359285752995,21,2004,Europe,Diesel,Front-wheel drive,1,15.619787733105845
260,4,130,2649.270072215085,21.5,2007,USA,Gasoline,All-wheel drive,1,16.84575848151081
210,4,204,3697.2888246009657,12.8,2017,Asia,Gasoline,All-wheel drive,0,11.864086817879242
240,2,159,2916.9879208935845,16.3,2001,Asia,Gasoline,Front-wheel drive,1,15.06641609689505
210,5,,3012.1705235550785,15.1,2001,Asia,Gasoline,All-wheel drive,0,16.194432743178204
190,5,118,3561.6002241336055,15.9,2007,Europe,Gasoline,All-wheel drive,2,11.991167397495005
90,4,174,3242.7744244582477,12.8,2002,Asia,Diesel,All-wheel drive,-1,14.449852395699889
90,7,118,2909.527056397295,13,2008,Asia,Diesel,All-wheel drive,-1,15.410559473401776
190,4,133,2357.7875141078985,13.8,2018,Asia,Diesel,All-wheel drive,2,18.441925884127567
260,3,,2335.8532220606603,14.8,2016,USA,Gasoline,Front-wheel drive,-1,18.883424677917773
140,7,158,3694.9643152440626,13.6,2006,Europe,Diesel,All-wheel drive,-1,11.88890352237606
200,4,139,2992.212544129344,11.4,2023,Asia,Gasoline,All-wheel drive,0,15.079960547992894
210,5,120,3230.174577845224,18.9,2014,Europe,Diesel,All-wheel drive,0,12.907506177721688
250,4,174,3129.215763094721,12.9,2015,Asia,Gasoline,Front-wheel drive,0,14.955744967007865
180,4,162,3918.0620528753134,17.3,2018,Europe,Diesel,All-wheel drive,-1,10.307308514995748
200,6,114,3267.640735670615,,2016,Asia,Gasoline,All-wheel drive,0,13.991931517794196
210,6,121,2858.8140740258423,14.9,2005,Europe,Gasoline,All-wheel drive,2,15.970130959064551
220,,183,3593.9356745615446,20.5,2010,Asia,Diesel,All-wheel drive,1,11.141277642814686
200,3,132,2566.8245221906423,12.1,2007,USA,Gasoline,All-wheel drive,1,17.214653798014865
250,4,144,3603.063212995751,18.8,2015,Europe,Gasoline,All-wheel drive,-1,11.455649643047115
170,5,180,2657.2016801138725,13.1,2003,Asia,Gasoline,Front-wheel drive,-2,17.276152856045577
90,,178,3425.024875753029,12.3,2019,Asia,Diesel,All-wheel drive,-2,13.410022964578399
170,3,154,2740.621151647041,15,2009,USA,Diesel,Front-wheel drive,1,16.012510001705035
250,8,128,3219.1165602466763,15.1,2008,Asia,Diesel,Front-wheel drive,1,13.852657971352661
230,2,174,3021.0266577523616,18.5,2019,Asia,Diesel,All-wheel drive,1,14.84199733910719
330,3,207,3486.549303555135,13.9,2011,Asia,Gasoline,All-wheel drive,0,12.763705199269342
210,11,123,2149.5480170475284,17.5,2003,USA,Gasoline,Front-wheel drive,0,18.97711569389871
160,7,183,3193.4737508843837,14.7,2002,USA,Gasoline,Front-wheel drive,0,14.199134750659157
270,7,143,2981.1905152847357,14,2010,Asia,Diesel,All-wheel drive,-1,14.540042442099622
270,10,144,2676.8731987705764,12.1,2016,USA,Diesel,Front-wheel drive,0,16.798167373544715
220,5,106,2542.6349265590634,13.4,2019,Europe,Gasoline,Front-wheel drive,-1,16.829889250989762
210,3,155,3191.6596248516107,,2018,Asia,Diesel,Front-wheel drive,0,13.409948334233246
210,5,151,2983.840326397406,10,2007,Europe,Diesel,All-wheel drive,0,15.310466565497793
290,,113,2995.9361731715994,17.9,2022,Europe,Gasoline,Front-wheel drive,-1,14.41838117685505
100,2,155,2665.3877936574336,16.2,2005,Asia,Diesel,Front-wheel drive,-1,16.573413343545056
240,2,,1652.8837529517552,11,2018,Asia,Gasoline,Front-wheel drive,0,23.204566404854635
200,2,134,2752.7771858790625,14.2,2004,Europe,Gasoline,All-wheel drive,1,15.743395639657425
220,2,155,3269.9067916963704,,2015,Asia,Gasoline,All-wheel drive,-1,13.839514863651926
150,3,167,2583.754263653306,,2004,Asia,Gasoline,All-wheel drive,1,16.700828973991218
210,7,196,2657.2223308162284,14,2011,Europe,Gasoline,All-wheel drive,,17.738661142974536
180,4,163,1789.9124553366069,15.4,2011,Asia,Gasoline,All-wheel drive,0,21.17479230894528
200,5,145,2837.4042846811744,12.9,2022,Asia,Diesel,All-wheel drive,-1,16.083240768040447
220,2,177,3157.927871640091,18.4,2023,Asia,Gasoline,Front-wheel drive,0,14.17458859143127
260,5,161,3022.1488395013153,14.9,2021,USA,Gasoline,All-wheel drive,-1,14.769734756246695
160,4,165,2553.420109737541,13.2,2002,USA,Gasoline,All-wheel drive,-1,17.860006036898582
260,4,206,3080.917615681677,16.9,2000,Asia,Diesel,Front-wheel drive,-2,14.958087194627812
170,3,185,2815.8503683949666,15.6,2004,USA,Gasoline,Front-wheel drive,0,16.77232095717566
180,4,185,2656.4000707808614,14.8,2002,USA,Diesel,Front-wheel drive,-2,17.41962869253824
220,,152,1596.8086109380843,19.4,2014,USA,Gasoline,All-wheel drive,1,22.30998057927344
130,4,104,2949.249103140428,15.6,2016,Europe,Diesel,All-wheel drive,0,13.90616045535194
260,4,143,3056.544384276369,10.2,2005,Europe,Diesel,All-wheel drive,0,15.324559427300574
200,3,,3006.534825981745,16.7,2018,USA,Diesel,Front-wheel drive,0,13.901400022560743
190,2,143,3242.7271302722334,14.5,2009,Asia,Diesel,All-wheel drive,0,14.196067118989422
210,0,104,2221.0189994966186,11.9,2016,Europe,Diesel,Front-wheel drive,0,18.613816036973187
290,5,159,2947.930646886212,16,2020,USA,Gasoline,All-wheel drive,-1,14.672423203665392
180,1,171,3046.1367877590897,15.6,2016,USA,Diesel,Front-wheel drive,-1,14.345984118271101
280,2,153,3454.8475775927914,14.2,2002,USA,Gasoline,All-wheel drive,,12.607767349337399
170,8,188,2797.526251187545,14.4,2019,USA,Gasoline,Front-wheel drive,1,16.219883806794385
210,1,148,3007.295669109304,14.4,2014,USA,Diesel,Front-wheel drive,0,15.056614367773943
210,4,113,3039.7303015050593,13.4,2006,USA,Diesel,All-wheel drive,-1,14.556835351884015
200,,120,2619.3066267465656,18.8,2020,USA,Gasoline,Front-wheel drive,0,16.551125920787737
180,4,128,3043.9384262230938,12,2002,Asia,Gasoline,All-wheel drive,-1,14.809929629631444
260,7,169,3309.603076256375,10.1,2018,USA,Gasoline,All-wheel drive,1,13.837388837158652
160,3,207,3313.0526129141485,16.3,2008,USA,Diesel,Front-wheel drive,-1,13.598703006566046
220,1,190,2557.8443301902116,18.6,2008,Asia,Diesel,Front-wheel drive,-1,17.475278714647324
240,2,169,2756.813562673335,13.4,2021,USA,Diesel,All-wheel drive,0,17.382350737355765
200,5,109,3217.287245715582,,2021,Asia,Diesel,Front-wheel drive,-2,13.773382505906978
260,,152,3722.5480289931656,17.1,2007,USA,Gasoline,All-wheel drive,0,11.294544627197917
210,1,136,3546.627895175062,14.5,2020,Europe,Diesel,Front-wheel drive,,12.537039957655582
220,5,184,3762.6127583456437,15,2021,Europe,Diesel,Front-wheel drive,-2,11.769134341063609
300,5,189,2570.7939215458928,14.2,2019,Europe,Diesel,Front-wheel drive,-2,16.988300807897797
210,2,,3686.8388524105417,23.4,2002,Europe,Gasoline,All-wheel drive,0,10.320473184203898
220,5,151,2599.1042763525256,14.6,2004,Asia,Diesel,Front-wheel drive,-1,17.385711306452308
160,1,186,3221.018259646815,15,2003,Asia,Gasoline,Front-wheel drive,0,15.247000089062142
240,2,165,3361.5061977923956,17,2007,Europe,Gasoline,Front-wheel drive,1,13.806147059994501
260,2,154,3421.6319471407987,12.8,2011,Asia,Diesel,Front-wheel drive,0,12.567755504762022
250,3,180,4117.123492110867,13.3,2017,USA,Gasoline,Front-wheel drive,0,9.44128618597651
190,3,171,2857.5351888588184,,2001,Asia,Diesel,All-wheel drive,-1,15.912298119398677
260,4,141,2814.180470384673,16.4,2011,USA,Gasoline,All-wheel drive,1,15.377681992347355
160,9,147,3205.679841445424,17.7,2002,USA,Gasoline,All-wheel drive,-2,13.350469214668797
160,3,230,2396.835023448222,18.5,2007,Asia,Diesel,Front-wheel drive,-1,18.734205199180145
220,3,189,4049.2052061955064,16.5,2012,Asia,Gasoline,All-wheel drive,,10.16445687210666
240,6,159,4002.3834575259125,18.3,2012,Europe,Diesel,Front-wheel drive,-1,9.577742614278252
230,3,184,4274.347201461292,17.1,2018,USA,Diesel,All-wheel drive,1,9.032538329664249
290,3,192,2999.651515402543,,2019,Europe,Diesel,All-wheel drive,0,15.077316324752623
190,4,123,2642.943558204673,20.3,2010,USA,Diesel,All-wheel drive,-1,16.164620552085886
230,0,126,3834.8223425606475,14.2,2001,Asia,Diesel,Front-wheel drive,0,11.444937156394687
110,5,157,3258.0382994507377,20.4,2014,USA,Diesel,Front-wheel drive,-1,13.163344504035328
150,7,87,2969.4043298012853,11.3,2007,Europe,Diesel,Front-wheel drive,0,14.475353559801594
170,1,,2881.6185295794985,11.6,2015,USA,Diesel,Front-wheel drive,-1,15.614227317583639
270,4,185,4012.316736293076,,2020,Asia,Gasoline,All-wheel drive,0,9.76907259411154
170,5,173,3527.0988925098245,14,2016,Europe,Gasoline,All-wheel drive,1,11.437054433578469
200,5,159,2664.9597528969425,15.4,2008,USA,Gasoline,Front-wheel drive,2,17.036499290043913
190,2,117,3087.4196086315405,,2005,Europe,Diesel,Front-wheel drive,1,14.36357689175245
240,6,193,3456.5366120093954,,2022,Asia,Diesel,Front-wheel drive,1,12.516481661518329
140,1,227,3618.782636422737,17.7,2002,Europe,Diesel,All-wheel drive,0,12.707283800475738
170,3,178,3377.457461762661,15.5,2006,USA,Gasoline,All-wheel drive,-1,12.769641835989875
120,3,120,2676.5791155548286,13.7,2006,Europe,Gasoline,All-wheel drive,1,16.88375245878325
230,4,149,3409.212446936999,16.6,2009,Asia,Diesel,Front-wheel drive,-1,12.994661906180633
130,7,,2264.9822574776904,13.8,2007,Asia,Diesel,All-wheel drive,-1,18.42625410677967
200,3,93,2976.42851884231,14.6,2004,USA,Diesel,All-wheel drive,1,14.645987617165611
190,1,156,3016.531170589753,15.9,2015,Asia,Gasoline,Front-wheel drive,-1,14.775661804355137
280,5,151,2457.1827691845765,15.6,2013,Asia,Diesel,Front-wheel drive,0,17.555366535376223
190,5,119,3889.0600515419687,17.7,2006,Asia,Diesel,Front-wheel drive,0,9.40379354164734
240,4,135,2970.047160546337,17.3,2012,Asia,Gasoline,Front-wheel drive,,15.185659929568757
130,1,117,3027.617949205628,11.9,2001,USA,Gasoline,Front-wheel drive,-1,15.191668129495532
130,2,159,2846.4684704158,,2017,Asia,Gasoline,Front-wheel drive,-2,15.566442847377635
160,5,192,2904.7827180009153,19.6,2009,USA,Gasoline,Front-wheel drive,-1,14.886031529482324
200,3,127,2664.769968818238,14.8,2002,USA,Diesel,Front-wheel drive,-1,16.841532873044205
220,7,150,3213.566341225342,12.6,2004,USA,Diesel,Front-wheel drive,1,13.755058304793593
170,5,169,2507.8508173817368,,2021,Europe,Gasoline,All-wheel drive,0,17.301432815903677
200,6,105,2697.009243193267,16.8,2003,USA,Diesel,Front-wheel drive,0,16.28270225724075
180,,168,2788.2898555329184,12.6,2009,USA,Diesel,Front-wheel drive,1,16.232751502072507
220,5,177,2278.342106359938,15.5,2008,USA,Gasoline,All-wheel drive,-1,18.932863672307736
260,3,181,2321.1422487363147,13.3,2005,Europe,Gasoline,Front-wheel drive,0,19.135029213686074
160,2,182,3371.1638621216916,12.5,2015,USA,Gasoline,Front-wheel drive,0,14.153172282679556
230,4,141,3384.6816134892097,15.9,2006,USA,Gasoline,Front-wheel drive,-3,12.428821887951143
200,5,143,3389.8153251963067,12.7,2006,USA,Diesel,All-wheel drive,0,12.825585653230307
180,2,127,3154.7386627148653,17.1,2023,Asia,Gasoline,All-wheel drive,-1,14.211467906980209
190,2,164,3638.7654719503835,13.3,2017,Europe,Gasoline,All-wheel drive,1,11.20912110738936
210,9,139,2821.1961197366863,16.3,2011,Europe,Diesel,Front-wheel drive,2,15.504375291105195
160,7,141,3091.7746459617174,16.1,2005,Europe,Diesel,All-wheel drive,0,14.133844385961781
180,3,185,3175.0801951804756,16.2,2017,Europe,Diesel,Front-wheel drive,0,13.984731809239841
210,1,125,3907.3869339023668,,2016,Europe,Diesel,Front-wheel drive,-2,11.352623957562232
230,0,104,3168.4357729619733,16.1,2021,Asia,Gasoline,Front-wheel drive,0,13.302154465184286
200,7,,3320.666871002291,16.7,2020,USA,Gasoline,Front-wheel drive,-1,12.587989340452687
170,3,151,3800.735716650401,14.2,2022,Europe,Diesel,All-wheel drive,0,10.624268544247284
230,4,,3611.5223115023778,14.5,2019,Asia,Gasoline,All-wheel drive,0,12.288833866154869
190,4,125,2771.2995120527207,16.3,2018,Asia,Gasoline,All-wheel drive,-2,16.422234715022114
160,3,158,2378.1661842974067,18.2,2020,Asia,Diesel,Front-wheel drive,1,17.765319448446434
260,5,,3506.1957218363586,12.8,2017,Asia,Gasoline,Front-wheel drive,0,11.580638786037989
250,4,146,2926.2902612356897,17.6,2023,Europe,Diesel,All-wheel drive,-1,15.411443809825728
260,1,141,3115.4547310251187,12.3,2001,USA,Gasoline,All-wheel drive,1,14.182363672344227
160,11,192,2640.6509872706315,,2005,USA,Gasoline,Front-wheel drive,0,17.125980357515044
240,3,136,2706.691350476337,18.9,2003,Europe,Gasoline,All-wheel drive,-2,15.766763779308738
240,1,151,3639.7138422145117,7.1,2014,Europe,Diesel,All-wheel drive,0,13.107686400908518
180,4,173,3019.3454365027815,15.1,2010,Europe,Gasoline,Front-wheel drive,0,14.63552551447458
240,2,142,2466.6086248494257,13.1,2010,Asia,Diesel,All-wheel drive,1,18.05540114719427
190,5,102,2609.6031548314663,18.1,2002,Europe,Diesel,Front-wheel drive,0,16.923887171868383
190,3,124,3144.2462462692106,,2015,Asia,Gasoline,Front-wheel drive,-2,13.963351602706059
170,4,179,3590.195702644093,17.1,2002,USA,Gasoline,Front-wheel drive,0,11.880074603907843
160,2,163,3380.8415464394884,17.1,2008,USA,Gasoline,All-wheel drive,-1,13.832356643319411
170,4,73,3074.8286598235404,15.5,2019,USA,Diesel,Front-wheel drive,-1,14.059015388165886
150,5,206,3395.3620957362878,15.8,2011,Asia,Gasoline,All-wheel drive,1,13.836700566525362
280,2,167,2644.530037616986,15.7,2007,Asia,Gasoline,All-wheel drive,-2,17.202918995254354
120,2,136,3833.080237158517,13.7,2002,Asia,Gasoline,All-wheel drive,,10.497535659203173
230,,145,2334.130692012759,12.7,2022,USA,Diesel,Front-wheel drive,-1,18.32584198791322
190,7,153,2696.8126837786313,15.4,2020,Asia,Gasoline,All-wheel drive,0,16.698255546610326
250,3,189,2897.375448830523,15,2002,Asia,Gasoline,Front-wheel drive,0,15.213285291555593
140,7,,3712.9677907567593,11.9,2002,Europe,Gasoline,All-wheel drive,-1,11.650058708617312
170,4,136,2428.5149104923676,11.3,2009,Europe,Diesel,All-wheel drive,0,17.788399213132298
210,5,208,3250.779830427717,11.6,2009,USA,Gasoline,All-wheel drive,-1,14.844284568018626
210,3,,2607.13886429164,15.4,2016,Asia,Diesel,Front-wheel drive,-1,17.062675634725068
210,2,172,2841.17265003032,15.8,2003,USA,Diesel,Front-wheel drive,-2,15.468201075030779
290,8,143,2491.696715199102,11.7,2009,Asia,Diesel,All-wheel drive,-1,17.484951527304453
200,3,104,2235.096447854715,13.3,2015,Europe,Gasoline,All-wheel drive,0,18.64503100138298
230,2,116,2602.086100632583,13.7,2019,Asia,Diesel,All-wheel drive,,17.015652166142537
210,3,155,3179.575340897846,,2007,USA,Diesel,Front-wheel drive,0,13.48439160274517
200,7,181,3127.519710166816,16.4,2002,Europe,Diesel,Front-wheel drive,0,14.872378710983087
190,1,171,2919.251624801197,15.3,2015,Asia,Gasoline,Front-wheel drive,1,15.469463163840866
150,7,190,3524.1270078833904,12.3,2007,Europe,Diesel,Front-wheel drive,0,12.853710380718221
290,3,128,3259.0343862657896,11.1,2013,Asia,Diesel,All-wheel drive,-1,14.059177317074859
150,7,163,2734.638696856301,15.8,2002,Asia,Gasoline,All-wheel drive,1,16.0743163611482
180,,141,2435.084704947126,14.6,2021,USA,Diesel,Front-wheel drive,-1,17.47712302636081
140,1,165,2918.4118215850117,19.4,2007,USA,Gasoline,All-wheel drive,-1,14.834610805821534
110,3,131,3398.378413416043,14.8,2017,Asia,Diesel,Front-wheel drive,1,12.668335016375172
190,4,148,3711.603564804736,16.8,2003,Europe,Diesel,Front-wheel drive,-2,10.915448217079229
250,4,171,2138.6217102685177,16.7,2016,Asia,Gasoline,Front-wheel drive,-1,19.028993259304656
210,3,108,2258.98734265425,16.3,2003,Europe,Gasoline,Front-wheel drive,0,18.485315742854226
200,1,149,2838.8591294788325,17.2,2000,Asia,Diesel,All-wheel drive,-1,16.37124299389892
100,5,,2832.8209616013582,9.3,2015,USA,Gasoline,Front-wheel drive,0,16.69631224264932
200,,199,4170.287499143822,9.9,2008,Europe,Gasoline,All-wheel drive,0,9.839440413102782
180,3,146,2721.8347027301247,13.4,2020,USA,Diesel,All-wheel drive,-1,15.795490506167335
180,2,114,2893.490724618555,15.8,2001,Europe,Diesel,All-wheel drive,0,14.755743630280207
170,3,,2723.6965543526703,15,2016,USA,Gasoline,All-wheel drive,-1,15.846333864091395
220,3,144,2535.8875912388694,18.7,2009,USA,Gasoline,All-wheel drive,2,16.642943419221385
270,4,142,3553.317555560956,18.2,2013,Asia,Diesel,All-wheel drive,0,11.710240165977083
210,4,173,2610.6552615052233,14.1,2019,Asia,Diesel,Front-wheel drive,2,17.450577995953807
280,1,158,3746.5198620187894,15.2,2009,USA,Gasoline,All-wheel drive,-2,11.795229080242406
230,5,,3577.9796297474704,14.9,2019,Asia,Gasoline,Front-wheel drive,0,12.375658892183779
220,1,137,3748.48521011285,17.3,2019,Europe,Diesel,Front-wheel drive,2,10.801588590620067
150,1,129,3303.8430310978924,17.8,2019,Asia,Diesel,All-wheel drive,2,12.827126632567568
270,2,117,2443.50730288092,11.5,2015,Asia,Diesel,All-wheel drive,-2,17.80275629078118
230,6,174,3980.2158231291687,15.9,2002,Europe,Gasoline,All-wheel drive,-1,10.64395066072242
150,5,79,2390.2346905985673,16.4,2015,USA,Diesel,Front-wheel drive,0,17.590982272234477
240,4,207,3432.7542533475157,13.1,2012,Asia,Gasoline,All-wheel drive,1,12.991403833049846
240,6,170,3420.465798047341,14.3,2009,USA,Gasoline,Front-wheel drive,1,12.782754431228609
260,2,174,2702.257300664509,18.4,2011,Europe,Gasoline,All-wheel drive,2,16.068974943928346
210,4,149,2361.0853876626225,12.2,2020,Europe,Gasoline,Front-wheel drive,,18.79946518226176
160,7,157,3216.103539857937,16.3,2017,USA,Gasoline,All-wheel drive,-1,14.199961642500513
160,3,195,2583.2000276808367,14.2,2014,Europe,Diesel,Front-wheel drive,0,17.63344225295785
260,8,158,3111.7631257389817,10.3,2009,Europe,Gasoline,Front-wheel drive,2,15.271079875340485
140,4,198,2489.511084387069,16.4,2009,Asia,Gasoline,All-wheel drive,1,18.4309278067054
270,1,127,3489.9857640623322,15.4,2017,Asia,Gasoline,All-wheel drive,0,12.502944988974024
180,7,126,2699.0513191450045,17.9,2021,USA,Gasoline,Front-wheel drive,0,16.310941106349947
250,4,156,2169.0506630504456,18.8,2016,USA,Diesel,All-wheel drive,0,18.620322545831712
190,7,150,3473.4800709437004,13.3,2012,USA,Gasoline,Front-wheel drive,0,13.043912418671765
160,2,148,2787.185554522082,17.3,2014,Europe,Gasoline,All-wheel drive,0,15.838814079802122
180,6,129,3514.9220240763016,13.5,2011,USA,Gasoline,Front-wheel drive,-1,12.317281794622644
200,5,145,2712.224190295228,10.5,2002,Europe,Gasoline,All-wheel drive,0,16.753676968365685
180,3,,2465.8295957754,13.9,2002,Europe,Diesel,Front-wheel drive,1,18.27329218502559
140,4,192,3229.9568797642264,16.5,2004,USA,Diesel,All-wheel drive,0,14.087310734211538
350,4,134,3506.054190840474,17.1,2006,Asia,Diesel,Front-wheel drive,1,12.638279948161847
210,1,161,2777.9992777963375,15.1,2013,Europe,Gasoline,Front-wheel drive,1,15.824303863726438
170,3,148,2641.2149138000023,7,2018,USA,Gasoline,All-wheel drive,,17.470705583840065
190,2,91,4348.632314750403,20.2,2015,USA,Diesel,Front-wheel drive,-1,6.893651807690461
270,6,209,3216.9808764049512,14,2006,Asia,Gasoline,All-wheel drive,-1,14.937345183428937
180,5,141,2715.903471568898,16.5,2008,Asia,Gasoline,All-wheel drive,1,15.461504007311198
240,4,130,3645.6476779819013,12.5,2013,Asia,Diesel,Front-wheel drive,-2,11.930866060165668
200,4,159,2821.0904776461066,12.8,2022,Europe,Gasoline,All-wheel drive,-1,15.986430600400153
190,7,134,3634.247524535205,,2000,USA,Diesel,All-wheel drive,0,12.399464049595753
300,6,148,3736.322634625046,13.1,2004,Asia,Gasoline,Front-wheel drive,-1,11.889363958548492
220,2,154,2998.4988487996975,15.3,2016,Asia,Gasoline,Front-wheel drive,1,15.414154052082212
150,6,83,3553.839590259745,,2016,USA,Gasoline,All-wheel drive,-1,10.635816481990386
230,,123,2391.1778738333724,15.3,2018,USA,Diesel,All-wheel drive,,17.766820637841683
240,3,152,2700.409491164027,16.7,2020,Asia,Diesel,All-wheel drive,0,16.184925594415233
170,4,123,3006.585881158975,11,2014,Europe,Gasoline,All-wheel drive,,15.48786124201589
180,8,177,3037.1852594192615,15.2,2017,USA,Diesel,All-wheel drive,1,14.780613440456754
230,2,210,2568.1359947310366,13.5,2004,Asia,Diesel,All-wheel drive,,18.19811325754722
210,2,130,2705.164707739958,15.4,2005,USA,Gasoline,All-wheel drive,0,15.972113866746465
160,5,103,2941.587292544564,13,2003,Europe,Diesel,All-wheel drive,0,15.210662148712574
220,5,,3041.606546672158,11.7,2023,USA,Diesel,All-wheel drive,0,14.877695248306978
210,2,191,2958.4345322577337,12.8,2015,USA,Gasoline,All-wheel drive,0,16.310870295185595
240,1,199,3464.3581280378985,11,2021,Europe,Diesel,Front-wheel drive,-1,13.07494985480001
160,4,186,2611.3873144664476,17.5,2020,Europe,Gasoline,All-wheel drive,-1,16.44826440819991
190,,151,2959.1690444162846,15.8,2013,USA,Gasoline,Front-wheel drive,1,15.249702208133009
170,5,143,3457.263841688162,16.1,2010,USA,Gasoline,Front-wheel drive,-1,12.432797679181842
180,6,111,3196.276057620832,14.5,2007,Asia,Diesel,Front-wheel drive,2,13.584699236050383
120,3,179,2744.1483302150323,19,2014,Europe,Gasoline,All-wheel drive,0,15.464984912494948
240,4,173,3371.0057820387897,16.2,2016,Europe,Gasoline,All-wheel drive,0,13.16973586272001
230,4,135,2844.2233956890395,,2003,USA,Gasoline,Front-wheel drive,0,14.908030801841047
230,4,152,3074.5230103921112,11.3,2011,USA,Diesel,All-wheel drive,,14.479653322894132
310,1,161,2918.307777747784,13.1,2015,Asia,Diesel,Front-wheel drive,1,16.06296328072799
200,2,125,3774.0340179733043,16,2006,USA,Diesel,All-wheel drive,0,10.730817682797033
180,6,180,3078.2216692395477,17.4,2007,USA,Gasoline,All-wheel drive,,15.336678946718397
280,0,143,2965.6162569356034,12,2022,Europe,Diesel,Front-wheel drive,-1,14.951000979627997
330,6,90,3187.0622713545395,13.9,2010,Europe,Gasoline,All-wheel drive,0,12.718522634569752
160,6,137,2425.411146095221,11.3,2010,Europe,Gasoline,All-wheel drive,-1,17.844913430279167
180,1,112,3631.9470981838967,11.3,2000,USA,Diesel,Front-wheel drive,-1,11.559667536909709
220,2,68,3109.9173493705493,10.8,2001,USA,Diesel,All-wheel drive,,13.632921815834045
200,2,139,3700.481323271607,17.4,2021,Europe,Gasoline,Front-wheel drive,0,10.711981277299499
210,3,162,2341.339480850543,13.6,2007,Asia,Gasoline,All-wheel drive,0,18.569411974859236
220,3,156,2431.3274918135758,17.5,2014,Asia,Gasoline,Front-wheel drive,0,18.063684128517536
90,5,105,3172.94318218979,15,2001,USA,Gasoline,All-wheel drive,1,13.749133803875807
210,3,136,3248.480072945362,13.9,2021,Asia,Gasoline,Front-wheel drive,-1,13.257859464146973
200,6,166,3769.90525561084,14.2,2004,USA,Diesel,All-wheel drive,-2,11.54021810647505
210,1,208,3179.566307131091,16.4,2021,USA,Gasoline,All-wheel drive,0,14.371639144565114
190,5,167,3415.242994629537,18.2,2004,Europe,Diesel,Front-wheel drive,-1,13.39165733975743
250,6,197,3123.123390921366,14,2011,Asia,Gasoline,Front-wheel drive,0,15.350244730935342
200,3,147,3192.545076657084,8.2,2010,Europe,Diesel,Front-wheel drive,1,14.758246195638364
280,3,138,2920.5890088058327,15.4,2019,Asia,Diesel,All-wheel drive,-2,15.058699166573021
190,,136,3122.4371931634328,13.6,2003,USA,Diesel,Front-wheel drive,1,14.50741312942314
240,5,151,1314.8396248752756,15,2012,USA,Gasoline,Front-wheel drive,0,23.5560754486301
220,2,160,3488.5469694603926,12.1,2001,USA,Diesel,All-wheel drive,-1,13.091433853723636
170,2,149,3022.817424460918,,2012,USA,Diesel,All-wheel drive,0,14.514411317628776
120,5,,2812.364875287527,13.8,2017,USA,Gasoline,All-wheel drive,-1,16.125273183226284
230,2,163,1984.2388575078521,,2000,USA,Diesel,All-wheel drive,0,20.533355245064683
190,2,161,3161.505434268304,17.7,2004,Europe,Diesel,Front-wheel drive,,13.417282596555717
160,3,158,2511.7067674053474,15.2,2014,USA,Gasoline,All-wheel drive,2,17.14208273824692
40,4,103,2103.882203595413,14.5,2003,USA,Diesel,Front-wheel drive,0,19.13057088226418
110,1,164,2936.038945820719,,2021,USA,Gasoline,Front-wheel drive,1,16.348820707049825
110,6,154,2314.8735954672597,,2007,Asia,Diesel,Front-wheel drive,,18.811125781126453
270,2,101,3786.3148672062025,19.4,2002,Europe,Gasoline,Front-wheel drive,,10.032801790816162
250,6,134,3747.614092686227,15.3,2008,Asia,Gasoline,All-wheel drive,-1,11.05112842786684
250,,130,3180.135374944721,8.7,2013,Asia,Gasoline,All-wheel drive,1,14.751082649882967
140,2,190,2862.439564339746,14.1,2001,Europe,Diesel,Front-wheel drive,-1,15.9444958775221
220,,163,2864.8512560596328,20.5,2005,Europe,Gasoline,All-wheel drive,2,15.051160109600625
220,1,136,2445.9484200233687,16.7,2003,USA,Diesel,Front-wheel drive,0,18.056886830307118
170,3,237,2972.111718001562,14.7,2006,USA,Diesel,All-wheel drive,1,16.08866187031419
240,5,134,3682.077372065766,12.2,2022,USA,Diesel,All-wheel drive,,12.456828688289965
300,3,138,2863.884443940309,,2022,Asia,Diesel,Front-wheel drive,-1,15.695654998629776
260,6,193,2918.2908899723393,11.3,2020,Asia,Diesel,Front-wheel drive,-1,16.593035665958325
170,4,178,3162.541274515426,15.6,2004,Asia,Gasoline,All-wheel drive,0,14.600129563747352
180,3,121,3554.283729944791,17.9,2006,USA,Diesel,Front-wheel drive,1,11.60486229454458
180,9,144,2897.9179104806612,15.5,2003,USA,Gasoline,All-wheel drive,-1,15.495707892355842
150,3,129,2614.0583875314064,14.7,2016,Europe,Gasoline,Front-wheel drive,0,16.969421277013804
270,2,138,3676.493792422243,17,2012,Asia,Diesel,All-wheel drive,1,11.95422319006187
180,,,2166.907159280246,,2022,USA,Gasoline,Front-wheel drive,0,18.912034176183177
190,3,158,2868.6109435179,,2007,Asia,Gasoline,All-wheel drive,-1,15.619968370596471
220,6,,2650.1103719370158,12.8,2014,Europe,Gasoline,All-wheel drive,0,16.45491317552372
130,4,132,3717.134106964579,14.9,2017,USA,Diesel,All-wheel drive,0,11.663768541094571
230,2,159,3082.8043108511006,15.3,2009,Asia,Diesel,Front-wheel drive,0,14.306531619865332
150,3,102,3531.9161219493226,17.4,2023,Europe,Diesel,All-wheel drive,1,11.26129497533106
250,3,155,3321.2456056705782,16.4,2018,Europe,Diesel,Front-wheel drive,2,13.160777783112326
240,5,174,3087.199303287738,13.3,2016,USA,Gasoline,Front-wheel drive,0,14.765816341162617
190,5,149,3214.608851849379,12,2000,USA,Diesel,All-wheel drive,0,13.723851073242098
130,3,129,2621.1315305261023,15.3,2006,Europe,Diesel,All-wheel drive,0,17.079138229883117
150,7,155,2524.894899767022,15.1,2018,USA,Diesel,All-wheel drive,0,17.952180080938845
190,4,124,3288.8953847356056,12.7,2019,Asia,Gasoline,Front-wheel drive,1,12.89699034255601
140,4,156,2149.298447640323,12.3,2011,USA,Diesel,Front-wheel drive,-2,19.356765825115264
180,4,168,2946.714079501913,18.1,2021,USA,Diesel,Front-wheel drive,0,14.92351214005176
190,2,119,3027.1729228349463,19,2020,USA,Diesel,All-wheel drive,0,13.873636418002178
220,2,109,3787.040059101977,17,2002,Europe,Diesel,Front-wheel drive,1,10.548121986580496
260,5,125,3765.6900072330322,9.9,2014,Asia,Gasoline,Front-wheel drive,0,11.12622164012825
240,1,176,3495.8017403001077,13.5,2019,Asia,Gasoline,Front-wheel drive,-1,13.32742437576558
220,,110,2923.509742629295,8.9,2003,Europe,Gasoline,All-wheel drive,-1,15.337620885841307
210,3,162,3411.489903215318,,2019,Asia,Gasoline,All-wheel drive,0,13.077310494844248
270,3,166,3121.054267378737,16,2016,Asia,Gasoline,Front-wheel drive,0,14.339274457753776
190,3,121,2600.0480170503056,12.2,2004,USA,Gasoline,Front-wheel drive,1,17.291251524483776
220,5,130,2627.506841737158,13.3,2006,Europe,Gasoline,All-wheel drive,-1,17.278681632368308
200,4,171,3524.547541136606,19.5,2005,Asia,Diesel,All-wheel drive,-1,12.523275995073607
270,2,194,3180.748771306784,16.5,2005,Europe,Gasoline,All-wheel drive,0,13.818747235217215
160,3,158,2696.3765186003334,15.1,2010,Asia,Diesel,All-wheel drive,0,16.593158443337444
280,5,113,2761.0385971136043,18.5,2022,Europe,Gasoline,All-wheel drive,0,15.205757881113605
230,4,112,3600.2050433414142,17.1,2002,USA,Gasoline,Front-wheel drive,1,12.228065663830252
250,7,154,3401.442911632435,,2014,USA,Diesel,Front-wheel drive,3,12.999593277679852
250,2,167,2691.805317748478,17.7,2007,Europe,Gasoline,Front-wheel drive,0,16.138900538768386
290,1,132,3179.1059029093676,14.4,2002,USA,Gasoline,Front-wheel drive,1,13.767257129006646
170,3,100,3219.931122411899,13.8,2019,Europe,Gasoline,Front-wheel drive,0,12.969423842320145
230,5,105,3038.0144068911277,13.3,2001,USA,Diesel,Front-wheel drive,-1,14.339914950961546
190,4,106,3709.013158602411,,2005,Europe,Gasoline,All-wheel drive,0,10.401144469830118
210,5,148,2704.1882807768357,18.6,2002,USA,Diesel,Front-wheel drive,1,16.712600633505808
240,3,151,3357.060256753696,12.5,2006,Europe,Diesel,Front-wheel drive,0,13.878632277416004
70,3,172,2789.1088471913577,9.3,2011,USA,Gasoline,All-wheel drive,-1,16.864927537356486
350,6,153,3901.9498465042693,11.1,2015,Asia,Gasoline,All-wheel drive,1,10.593346543820298
160,4,94,3113.422491545254,16.7,2014,Asia,Gasoline,Front-wheel drive,0,13.749054418907491
180,3,126,3094.443060349744,17.2,2007,USA,Diesel,All-wheel drive,-1,14.809238310661659
160,7,158,3297.526643544662,15.6,2020,USA,Gasoline,Front-wheel drive,-1,13.405938715664766
230,4,176,2817.9014680002065,11.8,2005,Asia,Diesel,Front-wheel drive,-1,17.101933546918865
220,3,122,2854.114744904971,16.6,2008,Asia,Diesel,All-wheel drive,0,14.901416057245129
240,5,99,4334.574746384842,15,2021,Asia,Gasoline,All-wheel drive,1,7.626113769946237
150,3,144,2594.34942551437,16.4,2018,Europe,Diesel,All-wheel drive,-1,16.50061275936834
140,3,,2917.3749825900222,14.6,2023,USA,Gasoline,All-wheel drive,-1,15.907734712807931
250,6,147,3106.866609884498,15.6,2004,Europe,Diesel,Front-wheel drive,-1,14.208516079613407
200,2,120,3796.696035681667,15.2,2014,Europe,Diesel,All-wheel drive,1,10.294284881905352
250,2,128,3270.640287486607,15.8,2013,Asia,Diesel,All-wheel drive,-1,12.960833810835737
180,0,165,2658.9682476201892,13.9,2013,Asia,Gasoline,Front-wheel drive,1,17.27810768820629
130,4,159,2931.2206567171256,17.2,2006,USA,Gasoline,All-wheel drive,1,14.583787139296989
310,5,,2452.4466389752406,15.4,2018,Europe,Gasoline,All-wheel drive,0,17.72364423321486
250,2,160,3688.2869219310437,13.4,2007,USA,Gasoline,Front-wheel drive,0,11.65305310963618
130,2,122,3193.398433454753,13.2,2015,Europe,Diesel,All-wheel drive,0,14.182743821968874
270,4,101,3535.883693841896,,2021,USA,Gasoline,All-wheel drive,-1,12.071729195206363
320,2,152,3859.397439927598,11.6,2004,Europe,Diesel,Front-wheel drive,-1,10.642783390064897
200,3,112,2458.527300182095,17.4,2016,Asia,Gasoline,All-wheel drive,0,16.967653522048124
100,2,145,2437.3728394600894,12.6,2008,USA,Diesel,All-wheel drive,0,17.792328311447065
210,3,143,3329.858077710184,11.6,2014,Europe,Diesel,Front-wheel drive,-1,12.864170613264363
250,3,166,3100.5083995861087,14.7,2007,Asia,Gasoline,Front-wheel drive,-1,14.786646432225961
280,3,140,3164.408534556802,11.1,2022,Asia,Diesel,Front-wheel drive,0,14.278837531937137
220,6,137,2366.4100152882684,16.8,2019,Europe,Gasoline,Front-wheel drive,-1,17.36707965413204
210,10,,2765.2684461242297,19,2022,Europe,Gasoline,Front-wheel drive,-1,16.03677356408939
220,0,92,3032.0570528461285,,2021,USA,Gasoline,All-wheel drive,-1,14.312423698182776
140,5,136,2507.9105902880397,11.7,2017,USA,Gasoline,Front-wheel drive,1,17.472047202953284
80,4,176,4525.09670482728,15.5,2017,Europe,Diesel,Front-wheel drive,0,7.257553227034075
220,4,143,2944.941881707284,14.9,2008,Asia,Gasoline,Front-wheel drive,-2,14.937434112698693
290,2,186,3558.816128575261,14.1,2011,Asia,Diesel,All-wheel drive,-2,12.609708965568355
290,3,164,1966.3412643757129,14.3,2005,Europe,Gasoline,Front-wheel drive,2,20.304270017526246
140,3,164,2812.0648303137455,13.1,2015,USA,Diesel,All-wheel drive,-2,16.539415585683102
270,1,168,2874.88648902703,15.3,2006,USA,Gasoline,All-wheel drive,-2,16.061691249415283
110,3,128,3873.9059943401726,14.4,2017,Europe,Diesel,Front-wheel drive,0,10.087138676983235
130,4,125,4102.372953992065,14.9,2017,Asia,Diesel,Front-wheel drive,-1,9.403592638325545
200,4,,2947.143980322281,18.1,2022,Europe,Diesel,All-wheel drive,-1,15.446502568185542
210,4,155,3504.316154267681,15.8,2009,Asia,Gasoline,All-wheel drive,0,12.315945529958082
190,7,194,3102.6129504128894,14.2,2019,Asia,Diesel,Front-wheel drive,-2,14.599781753812735
310,2,144,2174.0868948423426,17.3,2018,USA,Gasoline,All-wheel drive,-1,19.043471234025986
140,5,220,3525.410542060009,15,2008,Asia,Diesel,Front-wheel drive,-2,13.306512573523767
250,3,161,2850.896049369238,11.7,2020,Asia,Diesel,Front-wheel drive,0,17.068502393145323
180,5,181,2677.0998886297634,16.2,2023,Asia,Diesel,Front-wheel drive,0,16.889498711973584
180,4,181,2535.814263232394,12.6,2021,Asia,Diesel,Front-wheel drive,0,18.317298867899293
230,3,146,2375.7730204674617,,2019,USA,Gasoline,Front-wheel drive,0,18.061173430980258
250,4,173,2876.3821877144696,15.3,2007,Asia,Gasoline,Front-wheel drive,0,16.02227670927608
180,6,122,2614.061310936263,14.3,2019,Europe,Gasoline,All-wheel drive,-2,16.406170382663866
190,4,144,3148.233721307225,16.9,2002,USA,Diesel,Front-wheel drive,-1,14.017455852241614
200,2,145,3236.421913953471,14.4,2020,Europe,Gasoline,All-wheel drive,0,13.961214473680803
160,5,184,3545.5335406410836,15.3,2003,Asia,Gasoline,Front-wheel drive,3,12.173020376215202
280,3,137,2972.040690729422,13.7,2016,Asia,Diesel,All-wheel drive,0,15.282704487611484
100,6,134,3644.474453462626,17.6,2015,Europe,Gasoline,All-wheel drive,-1,10.523836749227245
190,3,182,2823.867915853349,,2006,Europe,Diesel,Front-wheel drive,0,16.774492585219154
140,2,172,2851.968835263528,15.6,2014,Europe,Gasoline,Front-wheel drive,0,15.303483955696478
220,3,157,3004.653503861755,19.4,2019,Asia,Diesel,Front-wheel drive,0,14.854483818295511
110,4,143,2975.0360753645364,19.5,2003,USA,Diesel,All-wheel drive,0,14.511306224397067
190,1,138,3471.408871421731,19.2,2022,Asia,Diesel,Front-wheel drive,1,13.06026807725717
240,5,204,2808.1384163245602,16.3,2016,Asia,Diesel,Front-wheel drive,0,16.37735405945929
180,4,126,3063.8156271396756,15.9,2021,Asia,Gasoline,All-wheel drive,2,14.540559884978723
260,6,163,3100.0958220965363,,2014,USA,Gasoline,Front-wheel drive,2,14.022537068242228
120,3,168,2781.133291284023,16.6,2016,Europe,Diesel,Front-wheel drive,-1,16.117812220685405
190,3,173,3395.444131704207,14.2,2001,Europe,Diesel,Front-wheel drive,2,13.38044017215528
210,1,,2861.311110604716,18,2005,Asia,Gasoline,Front-wheel drive,0,15.241594692036951
150,3,114,3502.320098322822,12,2010,Europe,Diesel,All-wheel drive,0,12.115459570911053
240,2,131,2490.053616969473,13,2018,Asia,Gasoline,All-wheel drive,1,17.623714486951826
200,4,94,2689.5808383192493,,2015,Europe,Gasoline,All-wheel drive,-1,16.381948754513097
210,8,78,2974.9052405517964,,2005,USA,Gasoline,Front-wheel drive,1,13.92288205849239
350,1,151,3156.265077724164,17.1,2023,Europe,Gasoline,Front-wheel drive,1,13.875915763000439
230,2,135,2835.139700558332,18.4,2011,Europe,Gasoline,Front-wheel drive,0,15.673654511857222
210,3,120,3709.4339733983957,18.4,2013,Asia,Gasoline,All-wheel drive,1,9.945552644062921
170,2,,3245.4825681063476,14,2021,Asia,Gasoline,Front-wheel drive,1,14.48465556697204
180,3,125,3836.2238807674157,12.5,2005,Europe,Gasoline,All-wheel drive,1,11.1691972563724
160,2,170,3542.628725164472,16.2,2013,Europe,Diesel,All-wheel drive,0,11.953056726135744
120,2,118,3095.2400489440356,15.4,2013,Europe,Diesel,All-wheel drive,1,14.58187975002784
250,3,124,2509.244296745436,16.6,2006,Asia,Gasoline,Front-wheel drive,1,17.10693367464628
210,6,158,2892.3132097000084,,2021,USA,Gasoline,All-wheel drive,0,14.77552945801853
250,3,145,3151.047474990633,13,2020,Europe,Gasoline,All-wheel drive,-1,14.632598297753741
160,2,135,2940.556379879795,11.8,2017,Asia,Gasoline,Front-wheel drive,0,15.997967090041417
170,6,158,2971.8366699643702,11.5,2000,Europe,Gasoline,All-wheel drive,-1,15.204162542211744
120,,136,3035.5536736795893,19.3,2014,USA,Diesel,Front-wheel drive,0,14.595061055756926
230,,138,2504.0826478709405,16,2006,Asia,Gasoline,Front-wheel drive,1,17.484210585095035
220,2,174,3496.54612576492,13.8,2005,USA,Diesel,All-wheel drive,0,12.847892725518783
240,4,127,2927.730604051694,18.7,2019,Europe,Diesel,Front-wheel drive,-1,14.789963380734587
110,2,152,2397.3879027227704,16.1,2002,USA,Gasoline,Front-wheel drive,0,17.073273694795123
180,6,179,3719.813627411064,13.6,2013,Europe,Diesel,All-wheel drive,,11.801294175311435
150,3,110,2133.470209097091,15.3,2003,USA,Gasoline,All-wheel drive,0,18.750953181204984
190,3,173,3247.6373701896864,17.9,2000,Asia,Diesel,Front-wheel drive,0,14.465277467540556
210,6,160,3420.10885346233,13.8,2017,Europe,Diesel,Front-wheel drive,1,12.692127678788658
200,3,89,3976.831034277824,22.1,2011,USA,Gasoline,All-wheel drive,0,8.817440841583737
230,3,131,2936.0366001869625,14.8,2005,Europe,Gasoline,Front-wheel drive,1,15.096080321632659
140,5,,3566.1846168546617,,2005,Europe,Diesel,All-wheel drive,1,12.190280800441277
200,6,172,3212.7937311986743,12.4,2021,Europe,Diesel,Front-wheel drive,-2,14.26668680848473
240,2,82,2940.6024223495424,15.8,2009,USA,Gasoline,All-wheel drive,0,15.22596773575698
190,5,159,3318.4066710853317,,2021,Europe,Gasoline,All-wheel drive,1,13.697793130235894
200,6,145,2588.4092023112134,,2022,Asia,Gasoline,Front-wheel drive,-1,17.954275301826083
250,3,170,3364.5974106727613,14.1,2012,Europe,Gasoline,Front-wheel drive,0,12.635853882060916
190,,,2197.5100744728843,,2000,USA,Gasoline,All-wheel drive,-1,19.25056804381134
150,4,148,2150.5301758567066,15,2010,USA,Gasoline,Front-wheel drive,0,18.77528882002527
180,4,99,2682.239824084509,12.6,2019,USA,Diesel,Front-wheel drive,2,16.554311128393508
170,6,117,2713.3369369926463,10.4,2007,USA,Gasoline,Front-wheel drive,1,16.932133150579418
250,2,111,2419.2689541451427,17.8,2002,Asia,Diesel,All-wheel drive,-2,17.353768366321336
160,,169,3543.7401947444105,18.3,2008,Europe,Gasoline,All-wheel drive,1,12.029881336644834
80,5,77,2666.4972198003716,14.9,2021,Europe,Diesel,All-wheel drive,0,15.82732385922224
240,4,160,3140.811934856761,10.9,2002,Asia,Diesel,Front-wheel drive,0,15.085862096049157
210,5,124,3785.1775060382074,,2006,Asia,Diesel,Front-wheel drive,1,10.86664112101502
150,1,160,2806.3687833174313,14.1,2013,Asia,Gasoline,All-wheel drive,-1,16.432157773727557
170,5,160,2135.615928862226,16.4,2022,Europe,Diesel,Front-wheel drive,-1,18.78783666557352
240,5,171,2535.906213304523,18,2015,Asia,Diesel,Front-wheel drive,2,16.928482937165793
100,4,,2858.313272589842,17.9,2006,USA,Diesel,Front-wheel drive,1,15.825537053853509
170,1,125,2614.905884141233,15.1,2022,Asia,Diesel,All-wheel drive,1,17.101755763573273
180,3,147,2997.7495025795783,17.5,2001,Europe,Gasoline,Front-wheel drive,-1,14.878157789472555
280,4,134,3516.8782159051834,14.9,2003,Asia,Gasoline,All-wheel drive,1,12.404104134877649
230,3,159,3207.8047469532034,19.1,2023,Europe,Diesel,All-wheel drive,1,13.576698220697804
170,5,169,1828.1786779749016,16,2009,USA,Diesel,Front-wheel drive,0,20.773407516954972
170,5,177,3299.7204635951803,14.6,2010,Europe,Diesel,Front-wheel drive,0,14.131636593118934
300,2,180,3054.589367415985,18.9,2005,USA,Diesel,Front-wheel drive,,14.581266086414727
200,6,185,3668.245505402467,15.4,2016,Asia,Gasoline,All-wheel drive,1,11.9116044057401
210,2,185,3479.0840383962404,16.2,2006,Asia,Diesel,All-wheel drive,,12.867954810063472
290,5,139,2738.7483236016333,17.9,2010,Asia,Diesel,Front-wheel drive,-1,15.59814057913477
180,5,153,2789.239091006943,17.1,2004,USA,Gasoline,All-wheel drive,-1,15.477293089982004
320,2,108,2754.579035149795,14.5,2015,USA,Diesel,All-wheel drive,-2,15.433471883206124
200,1,213,3312.309105904036,11.2,2012,Asia,Diesel,Front-wheel drive,1,14.876510588189465
160,4,150,1997.4076589650626,14.8,2013,USA,Diesel,All-wheel drive,-1,20.148733053288385
210,6,165,2846.2470407703463,14.7,2019,USA,Diesel,All-wheel drive,0,15.869623147169056
210,2,125,3567.9916613144173,9.6,2005,Asia,Diesel,Front-wheel drive,-1,13.046424971775437
230,8,90,3225.4373000371224,19.6,2013,USA,Diesel,Front-wheel drive,1,12.329842409987492
210,1,167,3243.957855777548,14.8,2004,USA,Gasoline,All-wheel drive,1,13.807274391079234
220,4,89,3318.4345383826903,17,2001,Asia,Gasoline,Front-wheel drive,-1,12.832127690687688
130,4,192,4029.961443918789,13.3,2008,USA,Gasoline,Front-wheel drive,1,9.682622756327602
200,4,214,2919.258823225772,15.3,2004,Asia,Diesel,All-wheel drive,1,16.3574129708103
220,3,156,2756.871410886936,16.4,2003,USA,Diesel,Front-wheel drive,-2,16.13493611097085
220,4,,2472.706093861803,16,2012,USA,Gasoline,Front-wheel drive,0,17.787214965998142
80,3,170,3308.933656060947,12.6,2012,Europe,Gasoline,Front-wheel drive,-3,14.15699630773747
290,4,180,2106.344270935739,16.1,2015,USA,Gasoline,Front-wheel drive,0,19.40378964714222
200,3,129,2666.5213977627086,,2005,Asia,Diesel,All-wheel drive,0,16.87123315877569
240,4,175,2268.983436371559,11.9,2014,Europe,Diesel,All-wheel drive,2,19.08299382517407
220,3,,3029.31974876446,17.6,2009,Asia,Gasoline,Front-wheel drive,0,14.517067061725179
180,,133,2685.5627312879406,11,2022,USA,Gasoline,Front-wheel drive,-1,16.905293589390656
130,1,138,3165.6785718029273,19.3,2006,Europe,Diesel,Front-wheel drive,-1,13.382790109492332
200,2,180,3928.553993558141,,2005,Europe,Gasoline,All-wheel drive,-1,9.95066425926649
250,3,,3402.0545331882854,13.2,2017,Asia,Gasoline,All-wheel drive,-1,12.658407469319904
220,4,106,3986.9704952406523,14.4,2019,Europe,Gasoline,Front-wheel drive,2,9.491127663463889
210,3,122,3197.0964694834615,18.8,2008,Europe,Gasoline,All-wheel drive,0,13.484293378928326
230,7,,2832.1893931254367,11.9,2015,Asia,Gasoline,Front-wheel drive,-1,15.912995368457018
150,3,,2825.2824744290274,15.7,2019,Europe,Diesel,All-wheel drive,1,15.939135740354565
140,4,161,3068.868433429401,18.3,2003,Europe,Diesel,All-wheel drive,-1,14.417661128012764
110,3,159,3306.3983634534716,13.6,2018,Asia,Diesel,All-wheel drive,0,13.385230581838044
170,1,162,3640.0916448761063,13.9,2022,Europe,Diesel,All-wheel drive,0,12.347949662396978
230,3,142,3084.616985546471,16.6,2007,USA,Gasoline,Front-wheel drive,2,15.126902493281824
180,6,143,2545.9760185031937,12.3,2015,Europe,Diesel,Front-wheel drive,-1,16.97574843076033
280,7,168,2538.500206595599,15.9,2013,Asia,Gasoline,All-wheel drive,1,17.632815867076438
190,5,180,2799.3035632705473,16.4,2002,USA,Diesel,All-wheel drive,1,16.430135176633616
190,6,134,3010.5228912489656,,2015,USA,Gasoline,All-wheel drive,-1,15.140663374614693
200,4,162,2244.350292289806,12.1,2012,Asia,Gasoline,All-wheel drive,1,18.578123958316798
210,8,,3182.1128877706465,,2012,Asia,Diesel,Front-wheel drive,0,13.213197955127704
190,4,199,2133.0139680224065,10.1,2015,Asia,Diesel,Front-wheel drive,,20.447985501285856
220,3,137,2373.2273401593125,16.6,2020,Europe,Diesel,Front-wheel drive,2,18.333684236963038
80,7,161,3134.7630300331957,12.5,2005,USA,Diesel,All-wheel drive,0,14.611816130837468
230,,129,3147.594594419899,14.4,2017,Europe,Gasoline,Front-wheel drive,0,13.919570289871347
250,2,179,3028.686804579831,19.6,2019,Europe,Diesel,Front-wheel drive,0,14.48676449603198
210,3,,3779.87408158372,12.4,2002,Europe,Diesel,All-wheel drive,1,11.116590670251023
180,,121,3295.310679583003,13.9,2002,USA,Diesel,Front-wheel drive,,13.499952609216761
270,5,175,2699.3908157254295,14.4,2005,Asia,Gasoline,All-wheel drive,0,16.97803291635902
130,7,110,3249.445541304098,14,2001,Europe,Diesel,Front-wheel drive,-1,13.263638964090918
210,2,142,3159.335841569851,15.3,2012,Europe,Gasoline,Front-wheel drive,1,13.897484800758898
290,5,125,2763.1830945384927,,2007,Europe,Gasoline,All-wheel drive,0,16.145121873478022
180,4,59,3059.1059887155216,14.4,2006,Asia,Diesel,Front-wheel drive,-1,13.676067126763334
180,8,182,2700.3813050361064,14.7,2000,USA,Diesel,All-wheel drive,-1,17.192171527674837
220,8,137,2790.0067265127745,19,2004,USA,Diesel,Front-wheel drive,0,15.146326713319121
230,3,116,3557.3097639732628,16.4,2009,USA,Gasoline,Front-wheel drive,-1,11.954279569051456
190,,126,2404.0072630034992,13.5,2012,Europe,Gasoline,All-wheel drive,-1,17.798538309555152
220,4,158,2103.960955163814,16.9,2004,USA,Diesel,All-wheel drive,-1,19.464331728421293
220,3,,2576.3014138514636,12.8,2013,Europe,Diesel,All-wheel drive,-1,16.866288019346044
220,5,142,3854.1038925749576,15.7,2004,Europe,Gasoline,All-wheel drive,-1,11.024863787216956
130,4,153,2675.3011591748023,15.6,2022,Europe,Diesel,All-wheel drive,0,15.929275150380636
170,2,136,2018.0339180286464,15.8,2020,Europe,Gasoline,Front-wheel drive,1,18.92559142337997
300,1,123,2900.5317450224757,16.4,2004,Asia,Diesel,Front-wheel drive,,15.344578863398894
210,4,165,3423.683866006379,16,2010,Europe,Diesel,Front-wheel drive,0,12.802676372330795
130,6,,3034.2122891256536,15.8,2021,Asia,Gasoline,Front-wheel drive,,14.355569681688744
170,2,148,3168.2677794445885,13.4,2005,Europe,Diesel,All-wheel drive,0,14.221035073665469
240,4,92,3340.910329855403,16.3,2011,USA,Diesel,Front-wheel drive,-1,12.517820603922326
210,4,171,3585.305690093656,18.8,2007,USA,Gasoline,Front-wheel drive,1,11.682971545240845
170,5,120,3585.324608795546,12,2021,USA,Gasoline,Front-wheel drive,1,12.239554873021007
170,7,176,2988.347175084757,21.1,2019,Europe,Gasoline,All-wheel drive,1,14.270006005604984
180,4,72,2917.835306441764,13.6,2006,USA,Diesel,Front-wheel drive,0,14.850268567399004
210,0,128,1924.918419570624,14.1,2011,USA,Gasoline,Front-wheel drive,0,20.25313650336682
90,3,162,2399.9132892459575,12.7,2006,USA,Gasoline,All-wheel drive,0,18.08885896154122
140,4,170,2779.8205561157074,16.4,2014,Europe,Diesel,All-wheel drive,0,16.684778313704076
140,7,138,3473.8934792795085,,2001,Europe,Gasoline,Front-wheel drive,0,13.072140976613868
230,4,89,3442.9161353448303,13.7,2010,Asia,Gasoline,All-wheel drive,0,11.934600836859227
210,7,145,2991.7358701861685,18.6,2017,Asia,Gasoline,All-wheel drive,-2,14.613468508234902
240,6,165,3338.693571754987,,2020,USA,Diesel,Front-wheel drive,0,13.09541515744237
200,2,137,2749.553861225151,,2009,Europe,Gasoline,Front-wheel drive,-1,16.09550560360275
310,3,,2717.9640111576123,15.1,2021,Asia,Gasoline,Front-wheel drive,0,16.83624804139558
170,3,178,3733.2166582419277,14,2001,Asia,Gasoline,Front-wheel drive,1,11.660929542464558
200,0,141,2828.557036664763,15.3,2017,Asia,Gasoline,Front-wheel drive,-1,15.935984748881813
190,6,125,3053.2418347111106,14.5,2010,Asia,Diesel,All-wheel drive,0,14.278688976686157
200,7,83,2823.188228102463,11.3,2008,USA,Diesel,All-wheel drive,-1,15.777110042550321
180,0,183,3174.7767995060312,13,2013,USA,Diesel,All-wheel drive,1,14.79238957648383
190,5,156,2897.137754087329,17.8,2021,USA,Gasoline,Front-wheel drive,0,15.201307420932508
90,3,167,3460.9234302256177,17,2007,Asia,Diesel,Front-wheel drive,1,12.454547064919394
150,6,155,2754.1594131839374,15,2014,USA,Diesel,Front-wheel drive,0,14.779708011629959
250,4,172,2836.27042069909,13.3,2003,USA,Gasoline,Front-wheel drive,-1,15.867533642348867
310,5,144,2474.698801736477,11.8,2014,Asia,Diesel,All-wheel drive,-1,18.668574456902654
240,3,,2710.759701103073,12.7,2007,USA,Diesel,All-wheel drive,-1,16.253575444093364
200,3,191,3318.7306272775463,17.7,2011,USA,Diesel,Front-wheel drive,0,13.529375298106205
190,3,195,2617.270589220805,16.8,2021,Asia,Gasoline,Front-wheel drive,0,17.20443176630461
200,2,145,2662.6324284093753,10.5,2008,USA,Gasoline,Front-wheel drive,0,17.22839900355804
160,6,136,3524.011397972683,17.9,2004,USA,Gasoline,Front-wheel drive,-1,11.216531989440229
230,4,176,2091.4114567002844,,2000,Asia,Diesel,All-wheel drive,0,19.443230588672773
180,8,137,2984.987337083377,,2017,Europe,Diesel,All-wheel drive,-1,15.52297670691656
230,,163,3369.7549334459886,,2012,USA,Diesel,All-wheel drive,-1,13.25937192714857
240,,141,2210.04527604324,12.1,2010,Asia,Diesel,All-wheel drive,-1,19.20651808634305
240,2,147,2675.8961461864483,15.9,2019,USA,Gasoline,All-wheel drive,-2,16.872873615547903
280,4,148,3394.0988111682245,14.5,2005,USA,Diesel,All-wheel drive,1,12.583936441983328
80,7,103,1871.6236100045996,17.1,2004,USA,Gasoline,All-wheel drive,2,20.546374936157953
180,3,216,2832.6060374087983,,2004,Europe,Gasoline,Front-wheel drive,2,16.205944330750736
230,5,167,3131.8602125402226,9.9,2005,Asia,Gasoline,All-wheel drive,-2,15.041740008884094
210,3,134,3224.525095244606,17.5,2017,Europe,Gasoline,All-wheel drive,-1,13.387152306713835
300,1,161,1976.6026643302303,14.8,2019,USA,Diesel,All-wheel drive,0,20.843243863223535
170,3,96,3782.2904743819827,13.2,2014,Asia,Gasoline,Front-wheel drive,-1,10.316108884669156
110,4,127,2925.0322440781347,14.7,2016,Europe,Gasoline,All-wheel drive,1,15.209055718999652
210,7,142,3365.112533072822,,2014,USA,Gasoline,All-wheel drive,0,13.163180809493419
170,0,127,2874.8654523885675,21.6,2020,USA,Gasoline,All-wheel drive,1,14.338712336283562
200,3,109,3990.5264893552103,12.8,2002,Asia,Diesel,Front-wheel drive,0,10.339403939385528
210,0,166,2871.984060347319,14.8,2014,USA,Diesel,Front-wheel drive,0,15.8819663889315
230,2,120,3330.4615222533666,14.8,2004,Asia,Diesel,Front-wheel drive,0,13.480209172950168
250,6,132,2999.2875502926213,15.4,2012,USA,Diesel,All-wheel drive,1,14.914151955905213
160,3,,2742.907866895253,16,2001,Europe,Diesel,All-wheel drive,2,16.90378890949681
220,3,116,3029.9871137731816,16.6,2020,USA,Diesel,All-wheel drive,0,14.384992163591171
140,3,185,3157.3908600874624,16.7,2004,Asia,Gasoline,All-wheel drive,0,14.569686547078796
190,6,135,3402.7241350904415,14.6,2012,USA,Diesel,Front-wheel drive,0,12.748712068658765
190,2,157,3279.276175344484,16.1,2008,Europe,Gasoline,Front-wheel drive,0,13.146316811879027
250,1,143,3108.4338435649956,15.7,2022,Asia,Gasoline,All-wheel drive,,14.041818621143118
140,4,,2841.0989383301026,16.9,2012,Asia,Diesel,Front-wheel drive,-1,15.660433524791666
250,7,176,3054.3637486217335,15,2004,USA,Gasoline,All-wheel drive,0,14.599748848552926
190,4,164,2937.4184671637613,,2002,USA,Gasoline,Front-wheel drive,0,15.249441187880988
240,3,137,3689.906080375777,15.3,2018,Europe,Diesel,All-wheel drive,-1,11.860740485172677
260,2,129,1865.4044795117754,14.5,2019,Europe,Gasoline,Front-wheel drive,0,20.502460139742617
200,4,142,2825.5680158703835,,2007,Asia,Diesel,All-wheel drive,0,15.158345848613017
270,3,136,2720.3601576639367,11,2015,Asia,Gasoline,Front-wheel drive,1,16.607433021705887
220,7,201,2688.410080463028,18.3,2018,Asia,Diesel,Front-wheel drive,2,17.275822188604664
230,4,152,3699.3264019637536,16.2,2009,USA,Gasoline,All-wheel drive,-1,10.963813861419995
140,4,168,3685.4475894381458,11.7,2006,Asia,Gasoline,Front-wheel drive,-2,12.137791665669104
200,2,174,2724.6979909677093,17.4,2018,Asia,Gasoline,All-wheel drive,-1,17.35963421727503
210,7,,2225.5670678589477,14.9,2004,Europe,Diesel,All-wheel drive,0,18.57616041311908
260,3,190,3266.9775177192096,10.5,2017,Europe,Gasoline,All-wheel drive,1,14.323603764002792
150,4,149,3402.0200048733104,14.4,2012,USA,Diesel,Front-wheel drive,0,12.456339286454561
220,3,134,2171.395272977205,15.3,2003,Europe,Gasoline,All-wheel drive,,19.27094774179786
190,3,140,3288.657961057864,9.2,2004,Europe,Diesel,All-wheel drive,0,13.798545869372196
300,3,66,2840.7751047103056,13.6,2013,Europe,Diesel,Front-wheel drive,-1,15.496247884023148
150,4,214,2346.8288741640617,16.2,2018,Europe,Diesel,Front-wheel drive,1,18.87556578196868
90,6,145,2536.593186423814,20.8,2012,USA,Gasoline,All-wheel drive,0,16.87143412338905
210,3,,3165.298108946413,15.6,2019,Europe,Gasoline,Front-wheel drive,-2,14.471459499691791
180,4,109,3218.760348814722,14.5,2014,Asia,Gasoline,Front-wheel drive,-1,13.418739145694667
200,3,159,2994.2329937553754,18,2005,USA,Gasoline,All-wheel drive,-1,14.973653010593482
210,1,138,2916.859045600666,17,2002,USA,Diesel,Front-wheel drive,,14.546479338202353
250,2,140,2718.2601739458237,11.8,2006,Europe,Diesel,Front-wheel drive,0,16.230221339805247
220,5,115,2631.218056623818,14.2,2022,USA,Gasoline,All-wheel drive,-1,16.215347276694015
130,4,156,2508.1575165064182,14.7,2014,Europe,Gasoline,Front-wheel drive,-1,16.974907063499412
170,,159,3066.841032473688,18.6,2008,Asia,Diesel,Front-wheel drive,1,14.132175036338236
190,5,88,2506.782038088989,16.2,2003,USA,Gasoline,Front-wheel drive,-1,16.071666189950122
230,6,138,3656.5922597057292,14.8,2009,Asia,Diesel,All-wheel drive,-1,11.474583792864072
280,4,135,2863.8933009230823,16.2,2000,Europe,Gasoline,Front-wheel drive,1,16.014458582107153
80,6,188,2477.184407671072,,2017,USA,Gasoline,All-wheel drive,1,18.11217593883147
180,1,139,2418.533348408192,13.2,2002,Asia,Gasoline,Front-wheel drive,1,17.78429396842956
220,2,190,3138.1744802246762,18.2,2009,Europe,Diesel,Front-wheel drive,-1,14.82010876212741
230,1,168,3058.4755067741803,14.9,2019,Europe,Gasoline,All-wheel drive,0,14.700443104469068
210,5,127,2729.9273887767067,13.8,2000,Europe,Gasoline,All-wheel drive,-2,16.627928503614047
210,8,127,3045.695918434909,16.6,2009,Europe,Gasoline,All-wheel drive,0,14.203786853694702
200,4,165,3266.2701091493113,12.4,2006,Europe,Gasoline,All-wheel drive,0,14.23470872024009
200,3,90,3378.420103698882,13.9,2012,USA,Gasoline,Front-wheel drive,1,12.995353062554596
160,5,125,2834.923911999358,17.3,2021,Asia,Diesel,Front-wheel drive,-1,15.322073075060354
140,5,120,2643.669552162473,16.7,2002,Europe,Gasoline,Front-wheel drive,0,16.0753648217673
270,4,106,1702.2421019875094,12.8,2004,USA,Diesel,All-wheel drive,1,20.7150521530554
310,6,124,3429.5793505301917,13.4,2001,Europe,Gasoline,Front-wheel drive,-1,12.856445961560787
100,2,116,3366.5651448908425,18.7,2013,USA,Gasoline,Front-wheel drive,0,12.405448201279277
280,6,,3552.000578049112,14.7,2013,Asia,Gasoline,Front-wheel drive,-1,12.304496402428603
270,3,141,2717.8128665984614,10.8,2005,Europe,Gasoline,Front-wheel drive,1,17.047710047012153
170,2,133,3078.6692144261115,13,2020,USA,Diesel,Front-wheel drive,1,15.062258163090576
240,5,148,3075.3996543435296,17.2,2003,USA,Gasoline,Front-wheel drive,-1,14.135562500257025
170,6,53,2719.9051889984376,13.8,2009,Europe,Diesel,Front-wheel drive,2,16.08294341392453
130,5,130,3017.484393072058,13.4,2003,Europe,Diesel,All-wheel drive,0,14.958741282905136
230,3,178,2596.657190643771,16.5,2000,Europe,Diesel,Front-wheel drive,-1,16.724633212263388
160,6,196,1476.0105694621443,16.1,2002,Europe,Gasoline,Front-wheel drive,0,22.939712083919783
230,4,205,3361.202712532364,15.2,2004,Europe,Gasoline,Front-wheel drive,0,14.371343022887922
230,5,118,2768.139206448341,13.1,2010,Asia,Gasoline,All-wheel drive,1,16.069005037168075
190,6,112,3265.435795286363,12.1,2002,USA,Gasoline,Front-wheel drive,0,12.990764840279112
190,2,149,1989.529184943152,13.8,2006,Europe,Gasoline,All-wheel drive,1,20.08384395952213
220,8,193,3329.3603840033143,16.4,2015,Europe,Diesel,Front-wheel drive,0,13.243471933676325
210,5,97,2105.3781452053736,12.9,2023,Asia,Gasoline,All-wheel drive,,18.931417376826765
170,6,222,3087.0230245761936,18.5,2012,Asia,Gasoline,All-wheel drive,-1,15.37271715232102
110,5,139,3064.1648974883656,16.7,2012,Europe,Gasoline,Front-wheel drive,-1,13.775716204521155
240,3,138,3215.0255349136633,14.8,2000,Europe,Diesel,All-wheel drive,-1,13.73496579014858
300,4,117,3597.9116917226715,13.3,2021,Asia,Gasoline,All-wheel drive,0,12.497355015389575
250,1,174,3284.0485231395496,14.4,2004,Asia,Gasoline,Front-wheel drive,-1,14.063167338354836
180,6,181,3235.3986724926476,16.5,2014,USA,Diesel,All-wheel drive,,14.409371369053357
150,5,131,3008.1754915146444,19.4,2019,Europe,Diesel,Front-wheel drive,-1,14.336606259264776
290,3,157,2965.687384241529,18.4,2006,Asia,Diesel,Front-wheel drive,-2,15.232554419890104
200,2,144,2143.531769006787,,2018,USA,Gasoline,Front-wheel drive,1,18.824235030934545
170,3,,3158.193283705044,18.7,2013,USA,Diesel,All-wheel drive,2,13.775769715053038
180,2,173,2380.3522168298646,15.6,2003,Europe,Gasoline,Front-wheel drive,1,17.89728146768564
210,5,,2831.939210103963,16,2005,USA,Gasoline,All-wheel drive,1,16.132373884423956
190,3,179,2683.218165433716,10.7,2019,Europe,Diesel,All-wheel drive,-1,17.132171951302205
310,3,170,2740.4728998014525,18.6,2013,Europe,Diesel,Front-wheel drive,0,15.81221837912769
170,3,170,1980.1847807312797,18.9,2012,Asia,Gasoline,Front-wheel drive,-1,19.734806797033634
160,7,164,3481.4795346675883,13.7,2022,Asia,Diesel,All-wheel drive,0,13.102477345746557
240,3,108,4295.314279660593,18.4,2016,Asia,Diesel,Front-wheel drive,1,7.880316920922702
200,,158,3173.248700005988,,2006,Asia,Gasoline,All-wheel drive,1,14.607901440084767
250,2,146,2259.518823118523,20.2,2015,Europe,Diesel,All-wheel drive,1,18.392212781572844
250,3,223,3273.1826621063365,18.5,2013,Europe,Gasoline,All-wheel drive,-1,13.103039273769477
240,2,119,3274.611968949029,14.3,2002,USA,Diesel,Front-wheel drive,0,13.04503690344697
130,2,151,2388.1526898370535,10.5,2019,USA,Diesel,Front-wheel drive,0,18.50200929486457
220,7,169,3022.1886537480086,12.6,2022,Asia,Gasoline,Front-wheel drive,0,15.01009501607939
130,9,169,3080.9339390126074,16.5,2000,Asia,Gasoline,Front-wheel drive,1,15.308933185816205
180,6,86,3622.4676528311356,13.1,2015,USA,Gasoline,All-wheel drive,0,11.644807180939946
190,4,159,4200.111075939867,12.8,2004,Europe,Diesel,Front-wheel drive,-1,9.25621068789186
190,4,180,3102.577630331541,13,2000,USA,Gasoline,All-wheel drive,-2,14.69031597710943
240,3,156,3741.326440137226,14.2,2009,USA,Gasoline,Front-wheel drive,-1,11.872511558036416
140,6,,2581.2925874513403,10.7,2011,USA,Gasoline,Front-wheel drive,0,16.850831590869323
110,6,150,3740.5070362119654,15.4,2010,USA,Gasoline,All-wheel drive,0,11.157438813631842
260,4,100,3073.153323302858,17,2006,USA,Diesel,Front-wheel drive,,13.712815490471549
290,,135,2162.7749872003706,,2015,Asia,Gasoline,All-wheel drive,1,18.753973859196634
250,2,159,2576.8355357319206,13.3,2015,Europe,Diesel,Front-wheel drive,0,16.82258021860863
240,6,124,2560.128364867068,13.5,2023,Europe,Gasoline,Front-wheel drive,-1,17.172111674866517
280,,,2706.171171971747,15,2013,USA,Diesel,Front-wheel drive,-1,16.75877925271718
190,0,177,2771.693034888444,14.8,2001,Asia,Diesel,Front-wheel drive,-1,15.687218219942636
250,2,159,1865.5472135175646,15.8,2006,Asia,Gasoline,All-wheel drive,-1,20.59179633302517
180,4,169,3186.0218690206448,16.6,2000,Asia,Gasoline,Front-wheel drive,0,14.075603628066547
290,3,196,2787.818008327356,,2005,USA,Diesel,All-wheel drive,0,15.850939732802033
230,5,140,3596.825794121574,,2010,Europe,Diesel,All-wheel drive,1,12.070598804856328
220,5,151,2268.377597243506,13.6,2002,Europe,Diesel,All-wheel drive,0,18.385704914481927
250,,132,3114.3719779552243,11.7,2001,Asia,Gasoline,All-wheel drive,1,14.472171866598073
270,5,220,3079.72144933027,15.9,2012,Europe,Diesel,Front-wheel drive,-1,14.977432919951067
210,3,136,2767.3253953584695,20.5,2009,Europe,Diesel,Front-wheel drive,-1,15.618052086675519
170,5,161,2690.592520224039,16.9,2005,USA,Diesel,All-wheel drive,-1,16.73389425455403
170,3,185,3580.6992697714127,17.5,2013,Europe,Diesel,All-wheel drive,-1,11.886066785164587
160,7,131,2579.229319180858,13.1,2004,Asia,Gasoline,Front-wheel drive,-1,17.20371670861877
210,5,119,3898.112717613487,13.1,2007,Europe,Diesel,All-wheel drive,0,10.288518557968
280,7,196,3205.6029201682873,17.1,2009,Europe,Gasoline,All-wheel drive,1,14.19290025047489
190,6,122,2161.4645569298723,20.7,2022,Asia,Gasoline,Front-wheel drive,-1,18.22568770426172
300,4,147,2956.250575290571,15.3,2021,Europe,Gasoline,Front-wheel drive,0,15.168208129718474
250,,146,2778.4256437066706,13.7,2009,Europe,Gasoline,All-wheel drive,0,16.602469450949503
170,2,,3381.6292870569446,13.7,2016,Europe,Diesel,Front-wheel drive,-1,12.464418434650895
110,3,197,2331.0815845881225,15,2017,Asia,Gasoline,Front-wheel drive,2,19.267999016067193
220,2,165,2632.9177748128272,12.6,2011,Asia,Gasoline,Front-wheel drive,-2,17.439221662448844
220,5,199,2941.8099144299986,17.1,2000,Europe,Diesel,All-wheel drive,-1,15.523972010477497
260,4,161,2741.323736707247,13,2001,Europe,Diesel,All-wheel drive,0,16.442143053286244
200,7,136,2889.5649868683167,15.1,2006,Europe,Gasoline,All-wheel drive,0,15.417194138317376
140,5,83,2427.1084173260983,15.4,2003,USA,Diesel,All-wheel drive,-1,17.103732851877623
250,7,149,3163.2462124908684,13.3,2020,USA,Diesel,Front-wheel drive,0,14.465600311668185
190,2,174,3283.0937967252125,16.9,2008,USA,Gasoline,Front-wheel drive,1,13.928849364353269
170,6,156,2862.878886930431,14.3,2020,Asia,Diesel,All-wheel drive,-2,15.823310872092037
190,3,157,2079.6565592235006,18.7,2011,USA,Diesel,All-wheel drive,1,19.100350387404998
130,10,103,3505.858253645386,15.3,2009,USA,Diesel,All-wheel drive,1,11.844917938491642
210,4,195,2598.810428773879,18.3,2008,USA,Gasoline,Front-wheel drive,-1,16.032498282564173
200,5,142,2550.8404500962192,,2022,Europe,Diesel,Front-wheel drive,0,16.77575906450075
230,1,132,2332.446869955499,15.3,2014,Asia,Diesel,All-wheel drive,1,18.510621533056174
90,5,213,2812.0089879336138,18.2,2018,USA,Gasoline,Front-wheel drive,-1,15.634470002649769
150,7,142,3292.7276375816427,13.1,2012,USA,Diesel,Front-wheel drive,0,13.766145254941264
200,5,170,3201.1912590974207,14,2022,Europe,Diesel,All-wheel drive,-1,14.045258825472565
230,3,188,2792.1581736608614,,2010,Asia,Gasoline,Front-wheel drive,1,16.852898557819866
180,5,134,3128.096656705971,14.5,2022,USA,Gasoline,All-wheel drive,0,14.84796554428645
120,3,128,1936.6682717455458,16.7,2007,USA,Diesel,Front-wheel drive,0,19.949941562040596
310,2,133,2373.948875436535,14.3,2017,Europe,Gasoline,All-wheel drive,1,18.106764586185594
200,3,166,3596.6343538461915,,2018,Europe,Gasoline,Front-wheel drive,1,11.76273147508398
200,2,140,4005.907178336847,18.7,2015,Europe,Diesel,Front-wheel drive,0,9.47451534922394
250,5,160,3779.359531817356,12.1,2005,Asia,Gasoline,All-wheel drive,,11.624085509137911
250,5,154,2587.582570657139,15.5,2019,Asia,Diesel,Front-wheel drive,-1,16.57120337128283
170,9,108,3554.0627368840283,19.1,2004,Asia,Gasoline,All-wheel drive,1,11.014743466671797
300,4,142,3699.6987848784006,18.1,2002,Europe,Diesel,Front-wheel drive,0,11.021464545511222
280,4,119,3249.1188723514547,13.2,2008,USA,Gasoline,Front-wheel drive,1,13.849367466778398
190,4,189,3507.5373128222477,17.7,2020,USA,Gasoline,All-wheel drive,-1,12.59862768182778
170,6,130,2703.3194823346284,14,2000,Asia,Diesel,Front-wheel drive,3,16.17444468103431
90,,112,2769.2700201712346,17.8,2003,Asia,Gasoline,All-wheel drive,0,15.315121521144707
190,1,122,3319.0183103503923,15.1,2007,Asia,Gasoline,Front-wheel drive,-1,13.609853831927888
270,4,136,2244.9582301896385,20.5,2006,USA,Diesel,Front-wheel drive,0,18.863827581517825
140,6,160,3359.2200555099125,,2003,USA,Diesel,All-wheel drive,0,13.094945214560266
300,,196,3396.4901369684903,14.2,2019,USA,Gasoline,All-wheel drive,2,14.163504582180357
170,4,146,2291.5791470785775,11.9,2021,USA,Diesel,Front-wheel drive,1,19.40895992076292
280,5,142,2681.4982204567004,18.1,2003,Europe,Gasoline,Front-wheel drive,1,15.971660118752455
200,5,125,3116.568769792314,16.1,2018,USA,Gasoline,Front-wheel drive,1,14.786988498105293
190,2,133,3183.9696499772936,15,2018,USA,Gasoline,Front-wheel drive,0,14.299259515395905
240,4,199,2930.924097501533,,2006,USA,Gasoline,Front-wheel drive,0,16.28064098861479
220,6,188,2967.7614483149723,15.6,2018,USA,Gasoline,All-wheel drive,-1,14.463586265009743
210,5,140,3991.584305407652,13,2013,Europe,Gasoline,Front-wheel drive,-2,9.862837724485434
190,4,197,2235.172862173403,16.8,2010,Europe,Diesel,All-wheel drive,,19.955187307542882
240,,149,2990.9844885602142,,2013,USA,Diesel,All-wheel drive,2,16.152408172043977
220,4,148,2936.4966946907275,14.4,2010,USA,Diesel,Front-wheel drive,-1,15.310379730640658
160,3,157,2424.531882615657,,2011,Asia,Diesel,Front-wheel drive,0,17.840073042590458
170,3,151,2757.3433000886216,,2015,Europe,Gasoline,All-wheel drive,1,15.969133100322516
180,4,87,2941.262496574169,,2009,USA,Gasoline,All-wheel drive,1,13.775148859180627
200,5,,2147.543053995306,11.2,2013,USA,Gasoline,Front-wheel drive,-1,19.258775030351522
170,3,166,3614.473927773349,16.6,2001,Europe,Diesel,All-wheel drive,0,11.627881738758393
190,6,183,2919.1529697809583,14,2003,Asia,Gasoline,All-wheel drive,-1,15.659931788506038
170,3,152,2815.7643822375235,15.3,2022,Europe,Gasoline,Front-wheel drive,1,15.91026850791111
170,5,,3258.493827217256,13.3,2004,Asia,Diesel,Front-wheel drive,-1,14.245589711594425
190,5,139,2318.180010664607,17.1,2022,USA,Gasoline,Front-wheel drive,0,17.945127397406395
210,3,156,2983.2808371455617,16.6,2013,Europe,Gasoline,Front-wheel drive,1,14.593468269091172
220,4,,2109.8732187123023,18,2011,Europe,Gasoline,All-wheel drive,1,19.39724915404473
160,4,175,2797.8274050577375,14.2,2017,Europe,Gasoline,All-wheel drive,,15.721795712482306
200,2,186,3768.3730671729,15.9,2013,Europe,Gasoline,Front-wheel drive,0,11.548556177407384
150,,159,2334.12905946777,9.7,2003,Asia,Gasoline,All-wheel drive,-1,19.006096580854052
130,2,138,2626.0303034547173,10.4,2014,Asia,Diesel,All-wheel drive,2,16.852834547850062
210,3,172,2849.374078149122,14.1,2008,USA,Gasoline,All-wheel drive,-1,16.812672198726993
210,1,137,3206.898944308078,12,2002,Europe,Diesel,Front-wheel drive,1,13.844612101737885
180,4,125,2945.9398484226745,14.7,2021,USA,Gasoline,All-wheel drive,1,15.48230087298148
210,3,181,3378.1969134954497,15.7,2019,USA,Diesel,Front-wheel drive,0,13.427274428241084
120,1,137,2152.422942649832,12.7,2009,Asia,Gasoline,All-wheel drive,0,19.42437590728572
230,4,119,3625.4653591170336,18.6,2020,USA,Diesel,All-wheel drive,0,11.941183063771637
310,8,205,2499.185901207024,12.6,2007,USA,Gasoline,All-wheel drive,1,18.398263963849836
180,2,184,2630.9436824491872,15,2016,Asia,Gasoline,All-wheel drive,1,16.877048051704715
170,3,159,2395.8846665402325,10.9,2002,Asia,Gasoline,Front-wheel drive,0,19.25727789772857
210,4,111,3893.886339138677,11.9,2000,Asia,Gasoline,Front-wheel drive,1,10.741351784594924
250,7,,4064.8829064837582,13.3,2010,USA,Diesel,All-wheel drive,0,10.537325734484401
190,11,129,3308.582706961389,16.4,2021,Asia,Gasoline,All-wheel drive,1,13.106046705842193
190,4,160,3372.844106526742,18.9,2018,USA,Diesel,All-wheel drive,0,13.544132074029298
170,5,181,3263.4200147303222,13,2017,USA,Diesel,All-wheel drive,0,14.578130493778595
130,5,159,2819.3542032981068,15.5,2017,USA,Diesel,Front-wheel drive,,16.227539921010482
190,3,115,3305.979204985836,17.5,2017,USA,Diesel,All-wheel drive,0,12.572704240965146
200,1,154,3786.670778578272,16,2012,USA,Diesel,Front-wheel drive,2,10.465695367362802
220,2,82,2900.30116685353,13.7,2001,USA,Diesel,All-wheel drive,-1,15.108563087167296
250,2,123,3116.4797127018505,13.9,2008,Europe,Diesel,Front-wheel drive,-1,14.491680659540398
110,5,182,2705.6987178057116,14.5,2007,USA,Gasoline,All-wheel drive,0,16.670443249548892
200,2,144,4095.864282109166,14,2014,USA,Gasoline,Front-wheel drive,-1,9.310513556595684
190,6,108,3067.506063968256,10.7,2019,Asia,Gasoline,Front-wheel drive,0,14.240283094485486
230,4,181,2995.775293592146,13.6,2019,USA,Diesel,All-wheel drive,0,15.834152023582178
170,2,129,2393.5710885038343,15.6,2001,USA,Diesel,Front-wheel drive,0,17.692536161922522
190,,113,3301.2685797565814,15.8,2019,USA,Gasoline,Front-wheel drive,0,12.917369133929597
80,,127,3239.658485141561,12.4,2023,USA,Gasoline,All-wheel drive,0,13.675591452465618
220,4,153,2982.2206746467277,13.8,2012,USA,Gasoline,All-wheel drive,-1,15.4615830883758
170,2,196,2628.8240046983697,17.6,2018,Europe,Diesel,Front-wheel drive,0,16.830181171630098
110,6,116,3333.324517223393,22.7,2018,Asia,Diesel,Front-wheel drive,0,12.064896307856676
160,6,140,2459.782849342588,12.9,2005,USA,Diesel,All-wheel drive,-1,17.7694303438685
200,10,155,2943.4221061121266,,2007,USA,Diesel,All-wheel drive,,15.089145777660471
170,6,113,4211.281685256323,15.1,2017,USA,Gasoline,Front-wheel drive,1,9.418984946353712
200,2,176,3306.494027169801,16.3,2004,USA,Gasoline,Front-wheel drive,-1,14.001233390465028
250,4,171,3076.393992260004,14.2,2002,USA,Gasoline,All-wheel drive,,15.37871909635322
300,3,125,2744.2631639007823,14.9,2016,Europe,Gasoline,Front-wheel drive,0,15.5489290426021
190,6,178,3449.0502509870935,17.9,2022,Asia,Diesel,Front-wheel drive,1,12.585470040471197
310,6,120,1963.5095972858023,16.3,2016,USA,Gasoline,All-wheel drive,,19.488670682648245
290,9,110,3489.440754069101,13.3,2012,Asia,Gasoline,All-wheel drive,-1,12.515764720123812
130,4,131,3690.9604299371017,12.4,2019,Europe,Gasoline,Front-wheel drive,0,11.529390009111701
160,3,136,3086.67509885291,15.6,2006,USA,Gasoline,All-wheel drive,-1,14.505030027057458
240,4,142,2506.6958028754057,14.5,2006,USA,Diesel,All-wheel drive,1,17.1622637466548
170,2,155,3076.1853870420837,17,2019,Asia,Gasoline,Front-wheel drive,0,14.08631871519711
190,4,182,3179.591331109072,15.6,2018,USA,Diesel,All-wheel drive,0,13.926362513151386
150,4,148,2455.506522615202,12.7,2020,Europe,Diesel,Front-wheel drive,,17.78153548921344
190,10,130,2563.5180209507935,16.9,2020,USA,Gasoline,All-wheel drive,0,17.049984507958023
170,5,174,3358.6918245554566,18.9,2018,USA,Gasoline,All-wheel drive,,13.746967310182978
130,4,133,2937.7134219378036,14.7,2003,Asia,Gasoline,Front-wheel drive,0,15.3620582502171
200,4,173,2897.077555838388,,2009,Europe,Gasoline,Front-wheel drive,,15.572507343660112
180,6,,3397.5219814707434,16.9,2003,USA,Gasoline,Front-wheel drive,-2,12.646168287023693
280,,114,2942.7622055543793,13.5,2015,USA,Gasoline,Front-wheel drive,0,14.916376113942508
140,6,133,3765.8575178726524,14.5,2015,Asia,Diesel,Front-wheel drive,0,10.363307319219217
160,5,169,3751.996486771851,17.9,2000,USA,Diesel,Front-wheel drive,0,11.22383775097509
230,,149,3151.028222178016,14.8,2019,USA,Gasoline,All-wheel drive,-2,14.183584590213872
180,1,160,2712.1010388528452,12.8,2002,USA,Gasoline,Front-wheel drive,0,16.800264582320956
190,3,151,3211.497461398839,13,2006,USA,Diesel,All-wheel drive,2,14.327932986333485
60,5,185,2844.185560802398,11.4,2020,Europe,Gasoline,Front-wheel drive,,16.640131521986284
120,2,168,2146.6058370921774,15.1,2014,Asia,Diesel,Front-wheel drive,0,19.5795563763218
160,4,157,3181.6228282510183,15.5,2007,Europe,Diesel,All-wheel drive,1,13.529496565068197
210,2,158,2744.29150455682,10.4,2010,Asia,Diesel,Front-wheel drive,2,16.69929263157646
120,4,193,2359.7647075792156,13.6,2002,Asia,Diesel,Front-wheel drive,-2,18.947839954468343
190,2,134,3217.7284825406878,16.4,2014,USA,Gasoline,Front-wheel drive,0,13.422665428990829
160,4,122,3778.9043119257926,14.1,2006,Asia,Gasoline,Front-wheel drive,0,10.90896668188229
180,0,,3287.761416372782,14.6,2007,Europe,Diesel,Front-wheel drive,-1,13.13638004849964
180,10,133,3301.6289698066253,13,2009,Europe,Diesel,All-wheel drive,,13.210652876866572
170,,161,2775.20892019003,16.8,2020,Asia,Gasoline,All-wheel drive,-1,16.5132579538451
180,3,141,3950.976149878171,10.5,2007,USA,Diesel,Front-wheel drive,-1,10.398084815257903
180,7,72,1833.154987342133,19.7,2001,Europe,Diesel,Front-wheel drive,1,20.137838141278635
220,4,133,3345.293461579851,14.3,2017,Europe,Gasoline,All-wheel drive,-1,12.960534079651557
130,7,124,3572.249419637965,14.1,2016,USA,Gasoline,Front-wheel drive,,12.43486856697096
210,6,93,4345.732509500189,18.9,2021,Asia,Diesel,All-wheel drive,0,6.886244726750004
170,,141,2561.275952293442,15.5,2014,USA,Diesel,Front-wheel drive,-1,17.080175019360077
200,2,86,2544.530014429247,17.7,2015,Europe,Diesel,All-wheel drive,0,16.043244523723487
230,8,163,3042.8480011566617,,2016,Asia,Gasoline,All-wheel drive,-1,14.511747879827215
150,5,201,2925.864523810402,12.3,2017,Asia,Diesel,All-wheel drive,1,15.636662541951448
200,3,151,3023.224337591626,15.8,2013,Asia,Gasoline,Front-wheel drive,,14.86921479910637
130,3,189,2832.6484789762785,12.9,2020,Asia,Gasoline,All-wheel drive,,16.8272148261983
260,3,119,3876.7769799666103,13.9,2018,USA,Gasoline,Front-wheel drive,1,10.86334062062248
220,6,161,2544.1754797027293,16.6,2021,Europe,Diesel,All-wheel drive,,17.55575244036418
280,4,,3395.7536723380003,18.6,2011,Europe,Gasoline,All-wheel drive,-1,12.963419561255016
260,5,125,2642.3241801041404,16.5,2012,Asia,Diesel,All-wheel drive,1,16.07996669865303
250,4,152,3285.451564223537,13.8,2020,Europe,Diesel,All-wheel drive,1,13.962406061000099
220,6,181,2570.6658730509685,12.1,2018,USA,Gasoline,All-wheel drive,1,17.378620091325104
100,4,187,3175.498292447198,11.7,2008,Asia,Gasoline,Front-wheel drive,-1,15.522990149097911
150,,121,3031.921595737433,12.2,2002,USA,Gasoline,Front-wheel drive,,15.109895472127654
210,2,178,3158.584373274059,14.3,2015,Asia,Gasoline,Front-wheel drive,-1,15.035504520777755
250,2,127,3087.536757983378,15.9,2020,Asia,Gasoline,All-wheel drive,1,14.32813004119347
110,5,152,4176.803098761158,15.6,2012,Asia,Gasoline,Front-wheel drive,0,8.77772391276181
110,2,150,2769.352530140257,18.6,2017,Europe,Diesel,All-wheel drive,0,15.466382767397107
160,2,180,3086.304884558624,14.5,2020,USA,Gasoline,Front-wheel drive,0,15.014908144559763
170,1,170,2689.618998637286,10,2002,Asia,Diesel,All-wheel drive,-1,16.900631316691733
220,3,171,3350.482417302259,12.1,2010,Europe,Gasoline,Front-wheel drive,0,13.93828869708871
150,,165,3405.8256422250543,10.4,2014,Asia,Gasoline,Front-wheel drive,1,13.0968015461144
140,7,189,1987.645934706149,19.1,2009,Europe,Gasoline,All-wheel drive,0,20.057794493748066
180,5,101,3731.473905111399,,2002,Asia,Gasoline,All-wheel drive,2,11.567242551903528
170,7,144,2965.212754483249,17.8,2001,Asia,Diesel,Front-wheel drive,-2,14.36786319310071
240,4,163,2926.75128500827,11.8,2022,Europe,Gasoline,All-wheel drive,0,15.409781051727164
200,7,111,3681.315221976086,13.8,2015,Europe,Gasoline,All-wheel drive,0,11.637751269973247
150,3,145,2505.6138463802386,19.5,2014,Asia,Diesel,Front-wheel drive,-1,16.799739287335218
200,8,142,3397.8054289153447,14.9,2003,Europe,Diesel,Front-wheel drive,1,13.77644493501067
220,6,217,2637.7349964742334,16.5,2016,Europe,Diesel,All-wheel drive,0,17.916541325602154
190,8,137,2213.1602988287423,18.8,2013,Asia,Gasoline,All-wheel drive,-2,18.112903622431613
200,7,100,2451.691903850454,18.2,2003,Asia,Diesel,Front-wheel drive,0,17.0908221676419
370,5,151,2630.888024967125,13,2017,USA,Gasoline,All-wheel drive,0,17.5860734217106
120,4,130,2767.60612442055,17.7,2013,USA,Gasoline,Front-wheel drive,0,15.699899894777067
290,0,137,3693.7519256423175,15.6,2020,Europe,Diesel,All-wheel drive,-1,11.330670102386941
300,7,169,2338.9042271225467,13.4,2005,Asia,Diesel,Front-wheel drive,1,18.815249363097685
260,4,142,3163.10148007524,14.9,2020,USA,Diesel,All-wheel drive,0,14.711817465625682
230,5,43,3467.1357030648387,13.5,2002,Europe,Gasoline,Front-wheel drive,0,12.258375844501172
210,1,201,3162.2141041936443,15,2001,Europe,Gasoline,All-wheel drive,-1,14.390017541547971
150,4,138,3920.798060197798,12.2,2002,Asia,Gasoline,Front-wheel drive,1,10.240428234969142
200,4,164,2379.9384875657092,17,2004,Europe,Gasoline,All-wheel drive,1,18.11450380879081
120,3,,2669.277055771909,8,2007,Europe,Gasoline,Front-wheel drive,,17.41195007188634
210,1,209,2230.4925759877615,17.4,2010,Europe,Gasoline,All-wheel drive,2,19.089989431825757
190,1,205,2113.609642699884,13.3,2006,USA,Gasoline,All-wheel drive,0,20.08037810256743
200,3,126,2900.6175575573316,21.1,2001,USA,Diesel,Front-wheel drive,0,14.824422642196499
160,0,134,3468.5142712837473,,2006,USA,Diesel,All-wheel drive,0,12.353164291339812
230,3,153,2147.4967297733515,20.3,2002,Europe,Diesel,All-wheel drive,1,19.194449645390403
220,2,177,3344.5643517409817,,2012,Asia,Diesel,Front-wheel drive,-1,13.553092433393717
150,2,124,3030.191676531335,18,2002,Europe,Gasoline,Front-wheel drive,-1,13.58093895242143
190,1,148,2515.8598593649717,13.7,2021,Europe,Diesel,All-wheel drive,1,17.653610187987617
280,1,150,3281.7931445171344,13.9,2014,USA,Diesel,All-wheel drive,-1,13.79436062801783
270,3,113,2952.280077222956,15.9,2020,USA,Diesel,Front-wheel drive,1,14.748942858764156
110,2,187,3434.8214514657725,14.7,2008,Asia,Gasoline,All-wheel drive,0,13.263855164504193
270,4,194,3665.035011341613,19.2,2005,Europe,Gasoline,All-wheel drive,-1,11.74116062112563
200,7,170,3438.746123808244,14.6,2002,USA,Diesel,All-wheel drive,1,13.039690199231947
220,4,,2654.1724971960275,12.5,2003,USA,Gasoline,All-wheel drive,0,17.987222760729235
160,3,172,2630.8634059254005,,2008,USA,Gasoline,All-wheel drive,1,16.2464095035177
220,2,130,2448.547528487227,15.8,2000,Asia,Diesel,All-wheel drive,,18.135419371773708
190,2,151,2694.895371743304,15.6,2020,Asia,Diesel,All-wheel drive,0,16.174551399087157
110,4,132,3700.4386571044233,,2004,Europe,Gasoline,Front-wheel drive,0,10.761731177421739
200,4,179,2273.570609034368,18.8,2007,Asia,Gasoline,Front-wheel drive,0,18.128873389891552
200,4,135,3590.8965157767693,14.3,2005,Europe,Diesel,All-wheel drive,0,11.595160774001904
160,4,187,2713.554745779708,14.9,2004,Europe,Diesel,All-wheel drive,2,16.22404219591897
290,,125,3522.1520807311417,19.6,2002,USA,Diesel,Front-wheel drive,1,11.200821680738784
260,11,164,3035.341175345371,15.9,2008,USA,Diesel,Front-wheel drive,0,14.147398652995413
140,2,136,2789.648944437639,17.4,2011,USA,Diesel,All-wheel drive,1,14.974577678013754
150,6,237,2983.692444146316,13.1,2012,USA,Diesel,Front-wheel drive,-1,15.841358690620316
200,3,,4200.146335242853,13.5,2005,Europe,Gasoline,Front-wheel drive,2,8.948718665487688
150,4,145,3194.5896714274595,,2016,Asia,Diesel,Front-wheel drive,1,13.795088833352933
200,2,177,2521.7707338624073,16.9,2008,Europe,Diesel,Front-wheel drive,-2,17.791788600632756
220,6,99,2627.1193193984936,13.4,2002,Europe,Diesel,All-wheel drive,0,16.077238229604642
190,3,167,3213.0861425179046,15.4,2021,USA,Gasoline,Front-wheel drive,0,13.850417706238414
170,4,,2696.04524881166,,2003,USA,Diesel,All-wheel drive,0,16.352038877064142
110,5,165,2704.5346309494525,,2008,Asia,Diesel,Front-wheel drive,-1,16.892894881805688
170,4,133,3491.0040332710405,16,2009,Europe,Gasoline,All-wheel drive,-1,12.079860331472586
200,5,207,3013.85826597959,9.3,2008,Asia,Gasoline,Front-wheel drive,0,15.666734489422792
220,2,87,2933.042836794372,14.3,2012,USA,Gasoline,Front-wheel drive,0,14.600075226310011
270,2,115,2781.294311470969,11.1,2017,Asia,Diesel,Front-wheel drive,0,16.887894275888907
160,2,168,2833.9686444664744,15.7,2007,Europe,Diesel,All-wheel drive,1,15.663680766762951
150,3,112,3488.9116998855293,9.2,2005,Europe,Gasoline,All-wheel drive,-1,12.295373420353773
180,2,186,3200.9389657798524,15.8,2001,Asia,Gasoline,Front-wheel drive,2,14.09435870299978
210,6,158,2322.310017573336,,2001,Asia,Diesel,Front-wheel drive,0,18.067011589823917
220,5,187,2695.376003495453,11.1,2007,USA,Diesel,All-wheel drive,,17.371167137411664
250,9,168,3355.5417622742275,,2012,USA,Diesel,All-wheel drive,-1,13.802707462350515
190,2,136,3634.500687906204,11,2007,USA,Gasoline,Front-wheel drive,-1,12.205754026146806
220,4,,2592.6084822469666,17.1,2013,Europe,Gasoline,All-wheel drive,1,17.169767600399318
160,3,170,3235.175086810089,17.1,2000,Europe,Diesel,All-wheel drive,-1,14.183955053872035
160,3,166,2970.124758572037,12.1,2015,USA,Diesel,All-wheel drive,0,15.473624726042699
200,6,167,2597.6852439281633,15,2017,USA,Diesel,Front-wheel drive,0,17.244038945668553
270,7,193,2677.230765771451,16.2,2004,USA,Diesel,All-wheel drive,1,17.352701305199872
260,3,163,3846.1390330375066,16.2,2002,USA,Gasoline,All-wheel drive,-1,10.174281589084304
230,2,141,2378.583132563357,11.9,2015,Europe,Gasoline,All-wheel drive,-2,18.450412618383442
210,2,171,2893.122365495075,14.2,2009,Europe,Diesel,All-wheel drive,,15.700766175718202
290,1,192,2348.389614238156,17.1,2014,USA,Diesel,All-wheel drive,1,17.842923252938164
230,7,125,3662.509866478988,16.7,2001,Asia,Diesel,All-wheel drive,,11.384265139585247
220,4,165,2932.4618166563687,15,2008,USA,Diesel,All-wheel drive,-1,15.092052135896251
200,10,,2646.2194665806533,14.7,2015,USA,Diesel,All-wheel drive,0,17.31657688282623
270,4,176,3751.0059870142477,14.7,2017,Europe,Gasoline,Front-wheel drive,-1,11.83102773294676
240,2,135,2545.11465842312,15.9,2020,Europe,Diesel,All-wheel drive,1,17.469618173768698
190,4,176,2840.955287886805,15,2020,Europe,Diesel,All-wheel drive,0,15.945787260420193
230,3,132,2494.224963433407,19,2011,Asia,Gasoline,All-wheel drive,0,16.730309747588596
210,3,123,3325.316212778555,19.4,2003,Asia,Gasoline,Front-wheel drive,-1,12.680981155161033
160,3,,3069.4178208748717,18.1,2006,Asia,Gasoline,All-wheel drive,-2,14.543695055403068
230,2,151,3312.6814912215223,15.1,2003,USA,Diesel,Front-wheel drive,1,13.25380027530006
170,7,184,2956.829574258887,16.4,2017,Asia,Gasoline,All-wheel drive,0,15.126858977452313
230,1,,2699.7759330722088,17.3,2020,USA,Diesel,All-wheel drive,3,16.457830821815968
230,7,107,2877.1977845658184,,2006,Europe,Diesel,Front-wheel drive,1,14.585594662634119
150,3,159,3049.0608299346604,13.2,2019,USA,Diesel,All-wheel drive,-1,15.161066115129554
270,0,118,2401.82184526358,18.6,2000,USA,Gasoline,Front-wheel drive,-1,17.818658360030806
240,5,189,3528.1432649324206,14.2,2021,Asia,Diesel,Front-wheel drive,-1,12.594195609644272
140,6,157,3310.4394153174057,,2004,Asia,Gasoline,All-wheel drive,0,13.689063868222268
240,2,175,3279.856434023861,11.5,2016,Europe,Diesel,All-wheel drive,0,14.775944192407223
170,2,145,3178.5527136567766,13,2006,Asia,Gasoline,All-wheel drive,1,13.899083082458704
280,8,145,2648.8192775438993,18.2,2021,Asia,Gasoline,Front-wheel drive,0,16.276443362392115
190,3,159,3226.505427231917,14,2008,USA,Diesel,All-wheel drive,-1,14.40377257761481
160,5,,3078.3008874195307,17.8,2011,Europe,Diesel,All-wheel drive,1,13.961746705130107
250,2,149,2622.7426152558232,14,2013,Asia,Gasoline,All-wheel drive,0,16.558363543619905
270,3,143,3537.831559807549,13.6,2012,Asia,Diesel,Front-wheel drive,,11.979105833273392
220,3,190,4078.453157459211,,2012,Asia,Gasoline,All-wheel drive,-1,9.260943147019304
70,4,112,3207.373660536346,12.7,2011,Asia,Diesel,All-wheel drive,1,13.705993162510563
240,2,116,3691.198583431634,14.3,2006,USA,Diesel,Front-wheel drive,1,11.474839416215373
260,1,160,3464.3362297777903,11.6,2022,Asia,Diesel,Front-wheel drive,1,13.022364186246605
240,4,194,3412.895295019995,,2010,USA,Diesel,All-wheel drive,1,13.971419158926304
170,3,192,3199.691632799509,,2013,Europe,Diesel,All-wheel drive,0,13.8474747298814
150,4,121,2989.12548483382,19.2,2004,Europe,Gasoline,Front-wheel drive,-1,14.478458922888677
260,6,192,3023.815173680534,19.2,2004,USA,Gasoline,All-wheel drive,-1,15.092539378848587
240,4,139,2699.5195938779284,15.3,2008,Europe,Diesel,Front-wheel drive,-1,15.93553980411316
230,5,175,3041.9582033637253,14.2,2011,USA,Gasoline,Front-wheel drive,1,14.32948198748714
240,7,,2866.3417617955806,14,2007,USA,Diesel,All-wheel drive,-1,16.18475379122632
250,4,148,4033.578774065687,16.9,2013,Asia,Gasoline,Front-wheel drive,1,9.453003482407343
140,6,105,3809.5350318859983,19.8,2018,Asia,Gasoline,All-wheel drive,-2,10.081331955348075
180,2,144,3434.8492820438264,15.2,2014,Europe,Diesel,Front-wheel drive,3,12.488565590401842
210,,129,1976.3016089766038,16.3,2014,Europe,Gasoline,All-wheel drive,1,20.18385701273384
220,8,160,3577.6264617039233,17.2,2021,Europe,Diesel,Front-wheel drive,0,11.085866133530295
180,5,187,2532.6845904161387,15.2,2010,Europe,Gasoline,All-wheel drive,0,17.255775183864895
110,2,154,2703.4778626146885,15.5,2007,USA,Gasoline,All-wheel drive,,16.698809279543358
210,5,,2915.448787211744,16.8,2013,Asia,Diesel,All-wheel drive,0,16.482853197638665
190,4,113,3032.6186337689937,14.9,2013,USA,Gasoline,Front-wheel drive,0,14.648999005326845
190,7,170,2811.6189715625155,13.6,2008,Asia,Gasoline,Front-wheel drive,0,16.736071423340313
210,10,160,3407.7180303252644,11.6,2007,Asia,Gasoline,Front-wheel drive,2,14.314109640893792
250,5,139,2322.9999460631425,14.6,2002,Europe,Diesel,Front-wheel drive,2,18.748941065060116
270,0,149,4126.456786804798,13.1,2020,USA,Diesel,Front-wheel drive,-1,9.58620297204004
160,3,,2458.3101932509953,17.3,2018,Asia,Gasoline,Front-wheel drive,,17.66086357665627
170,3,148,3425.290338570406,,2017,Europe,Gasoline,Front-wheel drive,0,13.232523874649168
240,4,132,4177.992845824889,15.5,2006,Europe,Gasoline,All-wheel drive,1,8.634129360463255
220,4,,3445.535170236367,14.1,2015,Europe,Gasoline,All-wheel drive,0,12.152839024195728
120,4,121,3635.482771548447,14,2007,Europe,Diesel,Front-wheel drive,0,11.489859742789184
250,4,183,3208.5923409600646,,2020,Europe,Gasoline,All-wheel drive,1,14.105513586969945
260,6,187,3696.936626248209,18.7,2019,Asia,Diesel,Front-wheel drive,1,12.103586917609675
210,3,155,2914.731661272499,12.2,2009,Asia,Gasoline,Front-wheel drive,-1,15.58140806163672
160,2,117,3438.2035624145246,17,2002,Asia,Gasoline,Front-wheel drive,0,12.308513744935102
170,4,128,3761.146625794391,17.2,2023,Asia,Diesel,Front-wheel drive,,10.675735918844442
190,,97,3021.461309257129,13.9,2011,USA,Gasoline,Front-wheel drive,0,14.516359737334248
290,5,137,2558.4238082023594,14.8,2010,Europe,Gasoline,All-wheel drive,0,16.607308154813303
200,5,142,2081.33481998025,13.4,2022,USA,Gasoline,All-wheel drive,0,19.540191137962015
140,11,200,2850.884631856707,14.3,2016,Asia,Diesel,Front-wheel drive,1,16.519866433197222
240,2,143,3037.2117984666634,10.8,2009,Asia,Gasoline,All-wheel drive,1,15.969535987440405
160,8,137,4185.518979482459,16.8,2022,Europe,Gasoline,All-wheel drive,0,8.766095163665478
220,2,121,2319.660727984533,16.1,2020,Europe,Diesel,All-wheel drive,1,17.980638887193106
290,2,151,2330.7265789634885,18.1,2019,USA,Gasoline,Front-wheel drive,-2,18.489140630074207
170,5,154,2531.9894992093036,16.5,2005,Europe,Gasoline,Front-wheel drive,0,17.136234933294574
310,0,123,2937.0965640541954,11.9,2009,Asia,Diesel,All-wheel drive,-1,15.323195579162904
140,5,189,2851.6661004766115,14.1,2011,USA,Diesel,Front-wheel drive,,16.14001550460635
220,3,209,3738.1945425989406,15.4,2001,USA,Gasoline,All-wheel drive,0,12.140298900311588
250,2,152,2053.537217563872,13.7,2000,USA,Gasoline,Front-wheel drive,1,19.825749831993786
220,7,163,3131.877753753294,,2014,Europe,Diesel,Front-wheel drive,-1,14.035474559061266
140,7,132,2902.7125106055614,13.5,2008,USA,Gasoline,All-wheel drive,0,15.682563054042486
150,8,119,2900.6553422092193,19.2,2018,Europe,Diesel,Front-wheel drive,1,14.762014218979708
160,4,173,2932.1924952927816,15,2004,Europe,Gasoline,All-wheel drive,-1,15.62744023317033
240,7,159,3071.85794398834,16.7,2014,USA,Gasoline,All-wheel drive,0,15.136559775199622
180,6,139,3188.545385747909,15.6,2011,USA,Gasoline,All-wheel drive,-1,14.753349790492297
140,1,145,2704.00836738345,15,2019,Europe,Diesel,Front-wheel drive,-1,16.317433842002192
130,2,152,2739.5302598594126,14.6,2003,USA,Gasoline,Front-wheel drive,-2,15.691223907484657
150,7,169,2892.0596187851584,16.6,2004,Asia,Gasoline,All-wheel drive,-1,15.648141861737733
230,6,92,3844.429475678735,14.1,2014,USA,Gasoline,All-wheel drive,0,10.699219743657409
160,1,106,1838.9709827050942,14.8,2019,Asia,Gasoline,All-wheel drive,1,20.341920218770188
140,2,122,2770.393379196314,19.7,2013,USA,Diesel,All-wheel drive,1,14.82022238945004
280,5,133,3197.860821723821,16.1,2022,Europe,Gasoline,All-wheel drive,-1,13.728935686457628
160,3,203,2954.284797313101,12.8,2009,Europe,Gasoline,All-wheel drive,0,15.534958871709975
180,3,158,2685.399374733355,15,2007,Asia,Diesel,Front-wheel drive,-1,16.37331008463053
220,2,120,2675.3102309417472,13.5,2021,USA,Gasoline,Front-wheel drive,0,16.294592952607147
140,3,100,2508.857442584669,14.8,2011,Asia,Gasoline,Front-wheel drive,-1,17.21119448092227
140,3,,2458.1715071987633,16,2015,Europe,Gasoline,All-wheel drive,-1,17.042456060549743
200,3,118,2779.2310552118724,19.1,2020,USA,Diesel,All-wheel drive,,15.33481484087103
150,3,187,3146.2808617614373,17.1,2010,Asia,Diesel,All-wheel drive,1,14.171050067089148
180,8,148,3662.0698304931593,13.8,2016,Asia,Diesel,Front-wheel drive,,11.591353159361034
250,2,85,2761.38240163362,15.5,2003,USA,Gasoline,Front-wheel drive,2,14.896698445238787
190,1,118,2807.7053889800645,,2002,Europe,Diesel,Front-wheel drive,0,15.686985991770278
200,4,158,2732.528605063813,10.8,2011,Asia,Diesel,Front-wheel drive,-1,16.861148572196434
220,1,154,2856.1985694845685,10.9,2022,USA,Gasoline,Front-wheel drive,1,16.32507542415997
260,6,133,2787.71481563684,17.9,2010,Asia,Diesel,All-wheel drive,-2,15.706615702849877
160,7,158,2503.191978484016,12,2008,Asia,Gasoline,All-wheel drive,0,18.10609856136476
190,5,203,3259.863048774321,17,2018,Asia,Gasoline,All-wheel drive,1,13.823037275663799
240,2,159,1825.737665809533,16.9,2011,USA,Diesel,Front-wheel drive,0,20.36626059946741
210,7,102,3643.164149161051,17.8,2013,Europe,Diesel,Front-wheel drive,0,11.660782800597927
180,2,150,2104.484702653276,15.7,2019,Europe,Gasoline,Front-wheel drive,1,19.415095612584246
200,3,150,2740.5720964636826,,2016,Europe,Diesel,Front-wheel drive,,16.18796576257651
190,3,141,3836.5188116033246,18.5,2010,Asia,Gasoline,All-wheel drive,-1,11.029703563568916
150,2,123,2020.761408203573,22.7,2008,Europe,Diesel,Front-wheel drive,0,18.36606903359091
210,3,215,2907.013476069891,18.9,2011,Asia,Diesel,Front-wheel drive,0,15.33649052838091
170,2,186,2292.554520127879,15.9,2006,USA,Gasoline,All-wheel drive,-2,19.017985686858125
230,2,173,2865.4647120536883,12.8,2008,Asia,Diesel,Front-wheel drive,1,16.14799789055173
200,6,198,3161.754622270843,14,2001,Europe,Diesel,Front-wheel drive,-2,15.074844324934666
110,8,191,3334.947880792699,15.6,2010,Asia,Gasoline,All-wheel drive,1,13.488128101721609
140,3,117,3797.445343843938,15.4,2002,Asia,Gasoline,All-wheel drive,-3,10.324205087799161
200,6,141,4006.1196435866023,14,2018,Europe,Diesel,All-wheel drive,-1,9.807934421953075
250,5,159,3488.986748413631,13.6,2008,USA,Diesel,Front-wheel drive,0,12.511491072602862
220,4,110,3813.7421555935466,16,2008,Asia,Gasoline,Front-wheel drive,1,10.163131534822371
250,2,147,3177.059565246679,18.2,2012,Europe,Gasoline,Front-wheel drive,0,13.335530259222885
200,5,,2685.2929453020834,16.2,2015,Europe,Diesel,All-wheel drive,0,15.962233703552357
180,6,,3369.1515394818466,12.9,2015,Asia,Diesel,Front-wheel drive,-1,13.71229640001524
240,4,133,2971.120843416211,13.7,2021,USA,Diesel,All-wheel drive,-1,15.172746771346924
170,4,154,2945.3862612679695,10.4,2011,Europe,Diesel,Front-wheel drive,-1,15.358972760019462
240,3,119,2986.829083613046,13.5,2004,USA,Gasoline,All-wheel drive,0,15.070528435500169
200,3,139,2605.2006442072184,15.1,2006,USA,Diesel,All-wheel drive,-1,17.440654964906482
210,6,112,3006.411072890212,19.7,2001,Asia,Gasoline,All-wheel drive,2,14.13171871945893
260,4,121,2524.104995060324,14.1,2015,Europe,Gasoline,Front-wheel drive,0,17.61278685426982
220,5,109,2743.559176523328,11.3,2008,Asia,Diesel,Front-wheel drive,0,16.667496980599548
140,3,160,2976.5618872301397,10.4,2019,Asia,Diesel,Front-wheel drive,2,15.724224483163969
180,3,179,2507.0156221523657,11.1,2003,Asia,Gasoline,Front-wheel drive,0,18.227687164255347
120,8,168,3012.149940565652,16.5,2015,Europe,Gasoline,Front-wheel drive,-1,15.821253498287643
180,3,157,3064.5931086011137,16.6,2006,USA,Diesel,All-wheel drive,0,14.905967452496665
170,3,193,2978.407457274196,17.5,2004,Europe,Diesel,All-wheel drive,-1,15.120578331359061
230,3,70,3202.7725309638718,16.9,2004,Europe,Diesel,All-wheel drive,1,12.105675260059467
140,0,152,2948.543865958066,10.7,2003,Asia,Diesel,Front-wheel drive,1,16.178609969179497
220,6,147,2444.0069764545115,14.9,2003,USA,Diesel,All-wheel drive,0,17.482826586114307
180,5,125,3824.8719310257866,15.6,2010,Asia,Diesel,All-wheel drive,1,10.64350540190462
210,5,157,3227.6999880014573,12.5,2012,USA,Gasoline,Front-wheel drive,0,14.208181918107625
120,5,167,3455.5553953642966,16.4,2010,USA,Gasoline,All-wheel drive,0,13.18550228570531
230,3,148,3326.332126609199,18.5,2004,Europe,Diesel,Front-wheel drive,-1,12.424266048679119
220,2,148,2276.3732471410067,15.7,2020,Europe,Gasoline,Front-wheel drive,-2,18.23299304608077
240,3,150,3456.5488287541866,13.6,2007,USA,Gasoline,All-wheel drive,1,13.079749304073127
200,4,146,2623.985690310318,21.3,2017,Asia,Gasoline,Front-wheel drive,0,15.72102304496052
240,3,120,3301.16735545056,18.4,2000,USA,Gasoline,Front-wheel drive,0,13.135574188490878
210,4,157,3689.894799142652,14.9,2019,Asia,Gasoline,Front-wheel drive,-1,11.242972525938578
180,2,98,2876.696270978443,14.3,2016,Asia,Diesel,Front-wheel drive,0,14.810047509160693
110,7,151,2972.308719725025,14.1,2018,Europe,Gasoline,Front-wheel drive,0,15.190023208347474
230,3,157,3325.260899007603,14.9,2016,USA,Diesel,Front-wheel drive,-1,13.213943988586877
140,1,141,3319.236265690127,13.3,2021,Asia,Gasoline,All-wheel drive,-1,13.77768411732452
160,3,178,4319.211992880042,13.7,2010,USA,Gasoline,All-wheel drive,-1,8.911984266096251
220,6,133,3040.292716144907,13.9,2011,USA,Diesel,All-wheel drive,0,14.875604935908347
260,2,149,2290.039499978651,16.6,2013,Europe,Diesel,Front-wheel drive,-2,18.32495597222638
150,7,165,2745.6376069673165,17.5,2013,Asia,Gasoline,All-wheel drive,1,15.313136439599875
200,7,131,3950.948815719025,16.6,2010,Asia,Gasoline,All-wheel drive,0,9.770691455582476
170,2,113,3256.3638812920735,12.6,2015,Europe,Diesel,Front-wheel drive,-1,13.797765683046247
150,4,172,2800.2117252441085,19.4,2002,Europe,Diesel,All-wheel drive,0,15.657476400332822
200,2,111,3078.868086115977,18.8,2007,Asia,Diesel,All-wheel drive,0,13.390197826658131
230,1,156,2505.9396572891837,17.5,2005,Asia,Diesel,All-wheel drive,1,17.77970376690422
160,3,150,2495.3941563011726,15.1,2009,USA,Diesel,Front-wheel drive,-2,17.34515082314549
210,3,192,2951.7366433641223,11,2014,Europe,Gasoline,All-wheel drive,0,15.781239638611144
210,3,140,3339.813397233429,13.8,2013,USA,Diesel,All-wheel drive,0,13.455156289576465
210,3,205,4037.1594264349296,15.9,2012,Europe,Gasoline,All-wheel drive,0,10.132145815741818
110,1,129,2818.70753167732,8.8,2006,USA,Gasoline,Front-wheel drive,2,16.034062849175264
180,4,142,3241.8439377875184,16.6,2007,Europe,Diesel,Front-wheel drive,0,13.090342147336182
210,4,195,2198.4965501062898,17,2018,Europe,Gasoline,Front-wheel drive,-1,19.637217648462805
280,5,131,2957.1836909169683,,2008,Asia,Diesel,Front-wheel drive,-1,15.035321096165653
100,7,118,2547.038365185447,14.3,2009,Europe,Gasoline,All-wheel drive,2,16.848593529059848
150,5,176,3719.117063959422,14.7,2004,Europe,Diesel,Front-wheel drive,0,11.6630053081282
190,3,122,2782.022581246967,15.5,2013,USA,Gasoline,Front-wheel drive,-1,16.25540045717019
170,6,136,3403.2076195948644,18.1,2003,Europe,Diesel,Front-wheel drive,0,12.208213192736876
240,4,99,3615.0835883969507,16.2,2014,USA,Diesel,All-wheel drive,0,11.119505466138717
190,5,143,2564.7866075012807,13.3,2011,Asia,Gasoline,All-wheel drive,-1,17.44367661326605
190,2,187,3543.875829037296,,2012,Europe,Diesel,All-wheel drive,1,13.238770907248847
270,4,159,2424.366037599104,10.3,2013,Asia,Gasoline,Front-wheel drive,-1,18.375142797089577
110,6,188,3549.0040246619783,13.5,2010,Asia,Diesel,Front-wheel drive,1,12.80403255975646
230,2,196,3372.0890078987936,13.5,2014,Europe,Gasoline,All-wheel drive,-1,14.561901082007356
180,3,135,3280.4407621141695,16.4,2022,USA,Diesel,Front-wheel drive,0,13.237311687918345
230,4,154,2721.6906890103983,,2010,Asia,Diesel,Front-wheel drive,0,16.639557548241683
150,5,152,2889.477845376689,16.3,2012,Europe,Gasoline,Front-wheel drive,1,15.523948129736905
190,5,143,2720.4571902129246,10.6,2007,Europe,Gasoline,Front-wheel drive,-2,17.12646231134376
260,2,75,2531.9970794033393,14.3,2005,Europe,Gasoline,Front-wheel drive,2,16.399893046229465
220,4,,2673.5868462500407,15.3,2008,Asia,Diesel,All-wheel drive,1,16.346541409207422
260,0,190,2962.921971271906,13.3,2019,Asia,Diesel,All-wheel drive,1,16.01085909734222
130,2,123,3844.101086128005,,2021,Asia,Gasoline,Front-wheel drive,0,11.030144135919477
270,2,147,3203.8181194397935,18.5,2021,USA,Gasoline,All-wheel drive,1,14.333811898295409
170,3,111,2842.300362941922,15.5,2004,Europe,Diesel,Front-wheel drive,0,15.240578987973329
250,2,112,2580.0654457411874,14.1,2003,USA,Gasoline,All-wheel drive,1,16.880276010920277
210,,140,3806.875174172703,16,2010,Europe,Gasoline,All-wheel drive,0,11.044978027092624
220,2,46,2061.2511709180417,13.4,2019,USA,Gasoline,All-wheel drive,0,19.497158346297926
170,5,163,2628.965387162369,18,2011,Asia,Gasoline,All-wheel drive,2,15.800822884778997
190,3,162,2761.4226934645276,14.7,2016,Asia,Gasoline,Front-wheel drive,0,15.706092183930624
210,7,217,3219.6855453794306,10.4,2002,USA,Gasoline,Front-wheel drive,-2,14.542820930790802
190,4,159,3437.1624771981574,14.5,2022,USA,Diesel,Front-wheel drive,-1,12.911777710310666
140,,150,3193.9812500326907,19.1,2004,USA,Gasoline,Front-wheel drive,0,13.77466831101155
210,3,92,3285.7331843068723,17.4,2019,USA,Gasoline,Front-wheel drive,-1,12.718924433316264
60,2,193,2912.9234762785663,14.4,2019,USA,Diesel,All-wheel drive,0,14.530801863345138
150,4,145,4187.447916728244,17,2013,Asia,Gasoline,All-wheel drive,1,9.005560177852763
160,3,172,2592.229874383763,12.4,2002,USA,Diesel,Front-wheel drive,1,17.710737515922002
200,,209,2957.530395592215,12.2,2011,Asia,Gasoline,Front-wheel drive,,16.134279961812105
130,5,69,3688.0787259789145,17.7,2021,USA,Diesel,All-wheel drive,2,10.739487189441274
180,2,156,2545.023116954601,17,2008,USA,Gasoline,Front-wheel drive,0,16.635835181816358
80,4,134,3371.815558183863,17.3,2010,USA,Diesel,Front-wheel drive,-2,13.377876070318942
220,3,196,2129.7416421648204,13.5,2003,Europe,Gasoline,All-wheel drive,1,19.85903362278597
150,2,192,1995.1833111024553,14.9,2023,USA,Gasoline,Front-wheel drive,-2,20.718429942855337
180,4,128,2988.6349329190757,14.8,2022,USA,Gasoline,All-wheel drive,3,15.162266518151728
160,7,159,3523.6040713585007,14.2,2013,USA,Gasoline,Front-wheel drive,1,12.439936335666236
310,5,177,3158.089798522014,15.3,2003,USA,Diesel,Front-wheel drive,0,13.99444385433876
190,,118,3643.565889494587,15.9,2018,Asia,Gasoline,Front-wheel drive,0,10.870161158362714
230,7,166,2512.308749764368,16.7,2007,Asia,Diesel,Front-wheel drive,-1,16.993175251062702
140,5,201,3620.650984255326,16.2,2020,USA,Diesel,All-wheel drive,2,12.47466872026912
180,,143,3438.59611082292,19.8,2010,Europe,Diesel,All-wheel drive,0,12.561939790873975
130,3,159,2398.9754987952224,17.5,2006,Europe,Diesel,Front-wheel drive,,18.164577776827958
220,6,125,2941.719839315314,15.7,2003,USA,Diesel,Front-wheel drive,1,14.59118178575697
210,3,169,2152.1917119472205,15.3,2017,Europe,Gasoline,All-wheel drive,0,18.534379981973284
200,,166,2760.1476622614946,14.4,2022,Europe,Diesel,Front-wheel drive,0,16.132701256122058
170,3,,4405.498701583376,,2001,Europe,Diesel,Front-wheel drive,0,8.832517288403931
210,3,164,2833.238586688742,18.9,2023,USA,Gasoline,Front-wheel drive,0,15.55240904731785
180,5,159,3320.7172795283736,19.2,2010,USA,Diesel,Front-wheel drive,,12.214943197200963
140,4,175,2777.9786025764683,15.1,2003,Asia,Gasoline,Front-wheel drive,1,15.433455935152002
170,8,146,3311.8220085812554,15.8,2012,USA,Diesel,Front-wheel drive,1,13.21139989675232
190,1,109,2933.0687793288616,16.3,2013,Asia,Gasoline,All-wheel drive,,14.767432756900837
210,6,207,2579.780030053407,,2004,Asia,Diesel,All-wheel drive,-2,17.28319283678096
290,3,119,3698.623973994328,13.7,2021,USA,Diesel,Front-wheel drive,-1,11.74500955169632
180,5,145,3342.065026861082,15,2004,Asia,Gasoline,All-wheel drive,-1,12.631725857726046
200,,,2965.797288885331,10.8,2001,USA,Gasoline,All-wheel drive,0,14.863791279487097
280,2,111,3206.1944414110058,14.8,2016,Asia,Gasoline,All-wheel drive,0,13.409991126655513
220,8,,3056.9460486242597,17.5,2016,Asia,Gasoline,Front-wheel drive,2,14.586373753473941
270,3,182,3563.7768638174584,11.8,2018,USA,Gasoline,Front-wheel drive,-1,13.320338203482569
200,5,164,2982.014174023616,12.2,2021,Asia,Gasoline,All-wheel drive,-1,15.059698768017908
260,3,139,2649.506796498702,,2002,Asia,Gasoline,All-wheel drive,1,16.69934736357539
150,2,137,2607.6880875764177,16.7,2010,Europe,Diesel,All-wheel drive,1,16.4844358814926
190,5,161,1801.4783346912377,11.7,2022,USA,Diesel,Front-wheel drive,1,21.9470771470571
190,,199,2970.785579699682,16.1,2021,Europe,Diesel,Front-wheel drive,0,15.295008726152313
220,1,174,1922.0363207886776,12.8,2023,Asia,Gasoline,All-wheel drive,0,21.614688845562195
240,3,179,3121.8402776334356,,2002,Europe,Diesel,Front-wheel drive,-1,14.805472094359287
200,1,109,3517.3363040672602,13,2023,Asia,Diesel,All-wheel drive,1,12.513883084333731
190,4,167,2650.430456715191,11.7,2006,USA,Diesel,Front-wheel drive,-1,16.609208537332986
110,6,,3200.7263059789157,13,2007,Asia,Diesel,Front-wheel drive,0,14.347204045379069
190,3,157,3304.894567163119,17.5,2005,Europe,Diesel,Front-wheel drive,-1,12.569461537035963
190,,135,3346.0513839929454,15.6,2015,Asia,Gasoline,Front-wheel drive,0,13.046345746250843
320,1,156,2748.545185082969,,2019,Europe,Gasoline,Front-wheel drive,0,16.58551010512066
210,6,,3607.9685478679985,,2015,Europe,Diesel,All-wheel drive,-1,11.62478048548065
230,4,121,3332.848428627024,15.3,2016,Europe,Diesel,All-wheel drive,,13.105021980183144
210,0,114,2465.053304002527,14.2,2017,Asia,Gasoline,Front-wheel drive,-1,17.478311516919554
210,4,123,3223.9269762871572,12.1,2009,Asia,Gasoline,All-wheel drive,1,13.866259677473279
180,8,136,2688.331142407059,14,2008,USA,Gasoline,Front-wheel drive,-1,16.186968698145545
160,4,179,3845.204498186582,14.9,2021,Asia,Diesel,All-wheel drive,1,10.882700711186049
270,2,145,2931.6878178172938,12.5,2013,USA,Gasoline,All-wheel drive,-1,15.810437326584221
210,5,94,2416.322801318808,14.6,2013,Europe,Gasoline,All-wheel drive,-1,16.88662154723701
260,5,174,3159.733863885245,17.4,2006,Asia,Diesel,All-wheel drive,0,14.802107788065616
180,5,115,2039.4425040334572,16.3,2011,Europe,Gasoline,All-wheel drive,0,18.733311403193685
130,1,92,2775.853363324668,14.1,2002,Europe,Diesel,Front-wheel drive,-2,15.521779376093969
210,1,122,3915.0303807177083,12.1,2022,USA,Gasoline,All-wheel drive,-1,10.495329542255849
110,6,213,2284.6770145998316,15.9,2005,Asia,Diesel,All-wheel drive,1,18.867775400915388
230,5,173,3333.8248958801164,15.5,2003,USA,Diesel,Front-wheel drive,0,12.565728596032441
120,4,147,2633.6477921607966,12.9,2004,Asia,Diesel,All-wheel drive,-1,17.28401116924386
170,4,177,2556.307711355897,10.6,2004,Europe,Diesel,All-wheel drive,,18.08990980396806
280,3,159,3337.5430554060836,20.3,2020,Europe,Gasoline,All-wheel drive,0,12.430888816560717
260,2,174,2430.653880472484,14.2,2000,Asia,Diesel,All-wheel drive,0,18.518300626669784
230,3,144,3518.793319677007,12.7,2007,USA,Diesel,All-wheel drive,0,12.691241801776979
220,0,152,2733.538665812652,19.7,2009,Asia,Diesel,Front-wheel drive,-1,16.140527186031292
130,5,181,2678.166626492026,15.6,2017,Asia,Gasoline,All-wheel drive,-2,17.235312679699305
200,7,151,2156.550165286447,12.9,2007,Europe,Diesel,Front-wheel drive,0,18.80230084179385
180,6,143,2845.802793207997,13.6,2023,Europe,Gasoline,All-wheel drive,0,15.65002751669669
160,6,128,2697.2721544318283,,2015,Asia,Diesel,All-wheel drive,2,16.93400174315275
150,1,172,3854.2833535509853,15.9,2005,Europe,Gasoline,All-wheel drive,0,10.873974252062943
220,4,144,2360.3507388466014,,2015,USA,Gasoline,All-wheel drive,0,18.818968258723103
160,5,,1915.7762268221493,11.6,2002,Asia,Gasoline,All-wheel drive,2,20.888537713425812
130,5,138,3367.1723509545345,13.7,2003,Asia,Gasoline,Front-wheel drive,-2,13.110347013866553
210,2,,3458.6877092531377,11.3,2019,Europe,Diesel,Front-wheel drive,,13.100352320323077
120,5,168,2945.1396596752147,13.8,2013,Asia,Diesel,Front-wheel drive,-2,15.39890291303149
220,5,145,2797.4860672651903,,2001,USA,Diesel,Front-wheel drive,0,16.39006489933113
190,2,129,2895.4387104292014,12.1,2013,USA,Diesel,Front-wheel drive,-1,15.948457106178662
140,4,,3543.885483811224,12.4,2019,Asia,Diesel,Front-wheel drive,1,12.280204968495577
250,2,163,3006.0301347778723,13.3,2008,USA,Diesel,Front-wheel drive,1,14.851240262139719
210,5,150,2544.4165272733317,15.5,2001,Europe,Diesel,Front-wheel drive,-1,17.35429874182459
160,9,153,2379.01345068574,12.5,2009,Asia,Gasoline,All-wheel drive,1,17.79220703900863
240,2,178,3420.5092765551326,14.3,2007,Asia,Diesel,All-wheel drive,0,13.217743531161684
280,9,207,2113.2223355878027,,2013,Asia,Diesel,Front-wheel drive,0,19.362810198583468
180,6,130,2478.0907389633976,,2014,Asia,Diesel,Front-wheel drive,,17.561291158475907
230,2,175,3023.883103491854,11.4,2015,Europe,Gasoline,All-wheel drive,0,15.498111889778375
120,6,162,2511.7080167519903,,2003,Asia,Gasoline,Front-wheel drive,1,17.697966653660735
60,5,111,3720.398329054982,19.4,2018,Europe,Diesel,Front-wheel drive,1,10.73288778414874
220,3,152,2869.5674817173553,16,2012,Asia,Gasoline,All-wheel drive,1,15.589894762222988
190,5,,2712.7157638571907,14.7,2002,Europe,Diesel,All-wheel drive,-1,16.562863935287567
320,1,127,3023.9499472029875,15.3,2023,USA,Diesel,All-wheel drive,-2,14.813313922474174
110,,121,2509.155482727713,16.7,2008,Asia,Diesel,Front-wheel drive,1,17.320248463487747
240,1,123,2229.8838762816486,13.7,2005,USA,Diesel,All-wheel drive,-1,18.616611440525443
180,5,107,3209.2465030948165,12.4,2019,USA,Diesel,Front-wheel drive,1,13.139308778418311
300,2,129,2738.9790463055842,15.5,2003,Asia,Gasoline,All-wheel drive,0,16.16612436610942
220,6,152,4166.102277350022,,2004,Europe,Gasoline,Front-wheel drive,0,8.972385055865338
330,6,144,2885.6245117544977,10.3,2021,Asia,Diesel,Front-wheel drive,1,15.711469483718101
190,2,184,4013.0211162141695,14.3,2014,Europe,Diesel,All-wheel drive,-1,10.216697794865702
200,3,103,2106.1786939592853,15.9,2003,Asia,Diesel,All-wheel drive,0,19.17359672953421
240,3,136,3104.859688258323,16.7,2004,Asia,Gasoline,All-wheel drive,0,14.288995817528797
260,2,103,3903.6899135206068,16.8,2021,Asia,Gasoline,All-wheel drive,0,10.10306706031016
110,9,139,2721.6299029084867,12.7,2014,USA,Gasoline,All-wheel drive,1,16.742471931854094
170,3,156,2879.1981428346558,11.1,2009,Europe,Diesel,All-wheel drive,1,15.965364822166396
210,4,,2793.70408688459,16.9,2006,Europe,Diesel,Front-wheel drive,1,15.948835760631543
210,4,120,3121.911207188104,15.8,2004,USA,Gasoline,Front-wheel drive,0,14.013609393642112
190,10,187,3529.353512911101,12.1,2009,USA,Diesel,Front-wheel drive,-1,13.077972487845557
190,6,97,3121.3647980310657,14.5,2006,USA,Gasoline,All-wheel drive,1,14.240844621950464
180,2,,3039.790323757379,15.2,2005,USA,Gasoline,All-wheel drive,1,15.153926445633202
160,5,154,3416.2480583293727,14.4,2003,Asia,Gasoline,Front-wheel drive,1,13.04984690770284
290,4,222,2431.3277235873247,18.6,2023,Europe,Diesel,Front-wheel drive,,18.418805115719607
140,4,103,2606.685671400121,13,2004,Asia,Diesel,All-wheel drive,1,17.23527578450193
200,3,183,2666.1663289235544,13.9,2017,USA,Gasoline,Front-wheel drive,,17.57150189417966
190,5,104,2844.736911462388,13.8,2011,Asia,Diesel,All-wheel drive,0,14.84118659305941
160,4,161,2581.177523453754,15.6,2012,Europe,Gasoline,All-wheel drive,-1,16.94343511344976
110,4,143,2771.630571314312,11.4,2021,Europe,Diesel,All-wheel drive,1,16.071527588993256
150,,,2554.1299815394727,9.7,2008,Europe,Diesel,Front-wheel drive,1,17.694245337635103
190,4,130,3591.485508424103,13.3,2020,USA,Gasoline,Front-wheel drive,0,11.277056531286377
250,4,149,2952.8986551055837,,2001,Asia,Diesel,All-wheel drive,1,15.256148322185938
190,2,193,3033.667289620968,14.8,2010,Europe,Diesel,All-wheel drive,0,15.093162576096598
130,7,169,3570.045231444122,13.7,2006,Europe,Gasoline,Front-wheel drive,0,12.844549060723924
280,3,144,3404.052486893384,19,2018,Asia,Diesel,Front-wheel drive,-1,12.20813342656665
160,10,156,2959.7019438870943,12.7,2010,Asia,Gasoline,All-wheel drive,-1,14.556202130960175
130,2,186,3105.2293536151114,15,2018,Asia,Gasoline,Front-wheel drive,-1,14.726520755812176
200,5,145,2906.45947682024,,2005,USA,Diesel,Front-wheel drive,1,15.599693295013504
220,5,205,2079.0075091235685,15.2,2006,USA,Gasoline,Front-wheel drive,1,20.105915026017588
210,0,153,2494.95687891987,16.7,2001,USA,Diesel,Front-wheel drive,0,17.996750876985356
230,4,197,2866.5712854503904,14.2,2023,Asia,Diesel,All-wheel drive,-2,16.435601329083912
210,2,137,2311.694510318142,12.7,2006,Asia,Diesel,Front-wheel drive,1,18.41278763405245
310,4,178,2589.9770115739966,13.2,2005,USA,Gasoline,All-wheel drive,0,17.444106463017807
220,6,188,2114.4072848638302,14.3,2003,Asia,Gasoline,All-wheel drive,0,19.301915680452737
270,2,194,2035.7581685971786,16,2001,USA,Gasoline,Front-wheel drive,,20.0641421917159
230,3,143,2240.89029941431,14.1,2016,Asia,Diesel,All-wheel drive,-1,18.69035970781044
200,5,179,3699.814678677009,,2022,Asia,Gasoline,Front-wheel drive,0,11.818070039432694
160,3,189,3242.8361272826155,18.1,2021,Europe,Diesel,Front-wheel drive,0,13.934321397614085
240,3,151,2331.1802075099754,14.8,2018,USA,Diesel,All-wheel drive,-1,18.214099464221132
270,0,141,2970.8549069855694,15.6,2005,Asia,Gasoline,Front-wheel drive,0,14.914547017512357
190,4,174,3207.558271202397,12.5,2002,USA,Gasoline,Front-wheel drive,0,14.386170492278099
130,1,118,2906.2857664526873,13.5,2018,Asia,Diesel,All-wheel drive,0,14.75399455250016
250,8,142,3206.2196601139963,16.6,2009,Asia,Gasoline,Front-wheel drive,2,13.883279735948216
290,3,110,3412.5868326012637,,2022,Asia,Gasoline,Front-wheel drive,1,12.384865463366085
140,7,103,2105.9089372020703,13.8,2017,Asia,Diesel,All-wheel drive,-1,19.128708727410444
210,4,156,3094.1802577493963,14.8,2014,USA,Gasoline,All-wheel drive,1,14.7117003331211
190,5,199,3065.5468366496075,13.9,2020,Asia,Diesel,All-wheel drive,0,15.106498804070913
210,4,200,2685.6221995472793,19.1,2021,Asia,Gasoline,All-wheel drive,-1,16.20010223284584
260,2,140,2378.9085138493388,11.2,2000,Asia,Gasoline,All-wheel drive,0,19.073771890010775
170,4,199,2451.4652007305804,13.4,2021,USA,Diesel,All-wheel drive,0,18.09222156950017
220,2,136,3788.1531021336596,14.9,2003,USA,Gasoline,Front-wheel drive,1,10.98492833413077
170,5,165,3237.0969641583715,15.8,2021,Europe,Gasoline,Front-wheel drive,0,14.865348196193953
180,6,114,2934.11969497377,18,2008,Europe,Diesel,All-wheel drive,0,14.565312271006665
110,7,153,2476.2762522942103,14.7,2022,USA,Diesel,All-wheel drive,0,17.534295896817593
190,2,194,3492.328487287661,16,2015,Asia,Diesel,Front-wheel drive,1,12.793472334385948
250,5,150,2905.0661439464097,16.6,2016,Europe,Diesel,Front-wheel drive,0,14.562795538887544
200,2,167,2943.3608103165243,16.6,2017,Asia,Gasoline,All-wheel drive,1,15.17437209092074
220,3,135,3525.8390953357894,9.1,2005,USA,Diesel,All-wheel drive,0,12.243628546263986
280,3,129,3115.109512147114,13.7,2004,USA,Diesel,All-wheel drive,,14.430386878545377
200,5,109,2731.3813629189403,17.8,2019,Europe,Gasoline,All-wheel drive,1,15.957999566270175
180,3,201,2851.971578103608,19.2,2020,Asia,Diesel,Front-wheel drive,0,16.08044758376918
180,5,162,2551.4018298078704,15.3,2001,Europe,Diesel,Front-wheel drive,1,17.46049346061511
80,,156,2420.127002727291,11.7,2022,Asia,Gasoline,All-wheel drive,0,17.96730182930511
250,5,37,2828.2442950796194,14.3,2016,USA,Gasoline,All-wheel drive,0,14.873087866344928
160,4,118,2872.6456205409204,11.7,2019,Europe,Gasoline,Front-wheel drive,-1,15.183812860189622
270,1,170,2707.9769120207625,,2008,Asia,Diesel,All-wheel drive,-1,16.489871762010573
220,5,191,3601.2070319011855,15.3,2005,Asia,Gasoline,All-wheel drive,0,12.473379900259431
210,6,161,2741.572244620286,13.8,2015,Europe,Gasoline,All-wheel drive,0,16.604977799677528
190,5,200,3133.271292759026,,2006,USA,Diesel,Front-wheel drive,1,14.259020501099021
150,1,120,2403.195524135271,9.7,2021,Asia,Diesel,All-wheel drive,-1,18.367362388136694
200,9,125,2681.5184528672557,14.9,2019,Asia,Diesel,Front-wheel drive,2,16.442027020169526
170,6,137,3113.7578078119623,10.1,2001,USA,Diesel,Front-wheel drive,-1,14.73737680539606
150,4,145,2236.807868099049,13.8,2005,Asia,Diesel,Front-wheel drive,1,19.292932724304546
280,4,102,3014.4435082655896,20.9,2020,USA,Gasoline,Front-wheel drive,0,13.554575639400342
120,4,145,3231.4174674859905,12.7,2013,Europe,Gasoline,Front-wheel drive,1,14.696460269252684
140,,158,3679.9333282396815,18.9,2016,Europe,Gasoline,Front-wheel drive,0,11.929509410148055
220,5,143,3480.6632330945076,14.4,2015,Europe,Gasoline,All-wheel drive,0,12.566029672303399
180,6,189,1738.1189305198488,16,2011,Asia,Diesel,Front-wheel drive,1,20.878016046261802
240,3,141,2466.556987374274,14.4,2009,Europe,Diesel,Front-wheel drive,1,17.980275946254764
190,3,112,4117.970474257394,15.6,2010,Asia,Gasoline,Front-wheel drive,0,8.758153805479704
120,4,128,2894.6293125645325,15.5,2016,USA,Diesel,Front-wheel drive,-1,15.283716492090974
170,3,169,3222.073264855782,19.3,2009,USA,Gasoline,All-wheel drive,,13.408766760857615
230,7,159,3229.8181437327403,,2023,Europe,Diesel,Front-wheel drive,0,13.018892904800094
130,9,150,2859.218686184784,18.2,2006,USA,Gasoline,Front-wheel drive,1,15.743959434084992
100,6,115,3033.370732948224,13.3,2022,Europe,Gasoline,All-wheel drive,0,15.085213488257772
110,3,136,3307.407159469786,15.9,2010,USA,Gasoline,All-wheel drive,-2,12.385062552483932
200,4,145,2837.0816549233837,14.4,2006,USA,Gasoline,Front-wheel drive,0,15.315231992441955
130,4,114,2679.332401904898,14.1,2013,Europe,Gasoline,Front-wheel drive,0,16.041430775785102
170,5,132,3667.723127375576,15.6,2004,USA,Diesel,Front-wheel drive,1,11.990844865457573
240,5,112,2302.0683835814707,9.7,2022,Asia,Gasoline,All-wheel drive,1,19.221335026128987
200,5,,3696.614013123229,16.8,2015,Europe,Gasoline,All-wheel drive,0,11.24849502097748
220,5,105,2757.3374227823765,19.1,2019,Asia,Diesel,Front-wheel drive,1,14.998414678211368
160,3,176,3638.029636254716,16.6,2021,Europe,Diesel,All-wheel drive,0,11.099554822271735
130,7,211,2884.247588643951,15.9,2010,USA,Diesel,All-wheel drive,0,15.769086464871458
180,4,,3027.326728311083,,2015,Asia,Gasoline,All-wheel drive,-2,14.668728675161713
220,8,96,3280.770483466935,14.9,2000,USA,Gasoline,Front-wheel drive,-2,12.951154377397216
150,1,142,2808.776470757908,17,2003,Asia,Diesel,All-wheel drive,-1,15.728655010670309
190,1,149,3570.817137411852,13,2001,Europe,Diesel,Front-wheel drive,0,12.901244927862294
210,5,138,2695.2205353539407,10.5,2006,USA,Diesel,Front-wheel drive,2,16.753985593769702
140,3,141,3840.0408694059206,15.9,2021,Asia,Gasoline,All-wheel drive,3,10.438053130588786
220,4,169,3293.42025106667,13.2,2008,Asia,Diesel,All-wheel drive,1,13.73334320936518
230,7,147,3004.590194770286,13.9,2005,USA,Diesel,All-wheel drive,-1,14.695510635460892
210,3,,3024.632020503426,15.7,2019,Europe,Gasoline,Front-wheel drive,-1,15.320509863412493
220,3,156,3083.7918261017817,16.2,2022,USA,Gasoline,All-wheel drive,1,14.849766633842538
200,4,,2895.3914962341273,17.3,2023,Europe,Gasoline,Front-wheel drive,-1,15.143410191000442
160,1,159,3109.5952270653256,15.5,2006,Asia,Gasoline,All-wheel drive,1,14.596406956935247
210,2,137,3675.097614253149,18,2022,Europe,Diesel,Front-wheel drive,-1,11.675642418562253
180,9,,3073.1308252405975,16,2019,Asia,Gasoline,All-wheel drive,-1,13.392350732154435
250,3,140,2679.4460167445677,14.3,2010,Europe,Gasoline,Front-wheel drive,1,16.928029073718974
260,3,157,3690.5497555403604,13.4,2014,Asia,Gasoline,Front-wheel drive,,11.506248790287197
210,7,185,2403.7962028527327,12.2,2019,Asia,Diesel,Front-wheel drive,0,17.572698288732628
280,4,135,3784.764385467439,12.5,2023,Europe,Diesel,All-wheel drive,0,11.449167861870821
160,5,122,3248.974471021262,14.1,2001,USA,Gasoline,Front-wheel drive,0,13.8616311687077
60,3,137,2465.385956798026,12.4,2021,Europe,Diesel,Front-wheel drive,0,17.907462022594473
200,5,101,2429.6297970914557,11.9,2015,USA,Diesel,Front-wheel drive,1,17.962219095597444
230,4,156,3329.9159056385115,16.1,2006,Asia,Gasoline,All-wheel drive,0,13.135327147487999
120,3,142,3287.9321575423587,18.2,2018,Europe,Gasoline,All-wheel drive,2,12.950551672721508
190,4,210,2296.8125590974346,14.3,2001,Asia,Diesel,All-wheel drive,-1,19.1827936195563
230,2,,3657.1693301596174,14.6,2013,USA,Gasoline,All-wheel drive,1,11.546004816682716
110,2,160,1919.8113537566912,15.3,2008,Europe,Diesel,All-wheel drive,-1,20.31392110966484
250,2,153,2681.343154349297,18.2,2023,Asia,Diesel,All-wheel drive,1,16.35779263469096
210,2,149,3040.6940487789957,14.5,2022,Asia,Gasoline,Front-wheel drive,,15.507121816142332
190,3,118,2776.7798792331546,18.9,2002,Europe,Gasoline,All-wheel drive,2,14.965729698750362
180,3,187,3414.2632116564937,10.4,2014,Europe,Diesel,All-wheel drive,,13.425507222883363
230,6,144,2465.1002978502556,10.4,2011,Europe,Gasoline,All-wheel drive,1,17.885199712053993
170,3,129,2800.246244111506,20.1,2015,Europe,Diesel,Front-wheel drive,0,15.146132736944077
260,2,160,2651.797254633242,14.6,2018,USA,Diesel,All-wheel drive,2,16.908809088430374
270,4,147,2669.8181095596397,15.9,2004,USA,Diesel,All-wheel drive,-1,16.323324471773706
240,2,168,3706.6421634457038,13,2015,Europe,Diesel,All-wheel drive,0,11.851716383080122
240,,137,2384.7097538222088,12.7,2022,USA,Gasoline,All-wheel drive,1,18.477803292601063
250,1,152,3426.578781869289,16,2005,USA,Gasoline,All-wheel drive,0,13.005322094956151
160,1,168,2880.2514452900587,14.2,2015,Europe,Gasoline,Front-wheel drive,0,16.391380180122813
210,4,92,3178.146078865088,14.7,2019,Asia,Gasoline,Front-wheel drive,-1,14.080955200492097
310,6,102,2661.844804673706,19,2012,USA,Diesel,All-wheel drive,0,16.174537017911167
160,3,130,3626.1875443036374,14.2,2017,USA,Gasoline,Front-wheel drive,2,13.125577274651357
160,4,,2417.6106504369804,17.4,2005,Europe,Diesel,Front-wheel drive,0,18.044561338529135
320,5,166,3559.479554607262,16.6,2019,USA,Gasoline,Front-wheel drive,0,12.076744596081015
120,2,98,2152.6408714132376,9.6,2008,USA,Diesel,All-wheel drive,-1,18.8308329309348
250,2,125,3499.166928215258,13.7,2002,Europe,Diesel,All-wheel drive,0,12.715983693417556
260,2,216,2648.7063356410126,,2017,Europe,Gasoline,Front-wheel drive,1,17.881845081879234
140,1,126,2438.0761185060614,11.7,2009,Asia,Gasoline,Front-wheel drive,1,17.896552692621523
110,3,171,3506.4680050153497,12.8,2010,Asia,Diesel,All-wheel drive,1,12.913970903494945
70,3,114,2986.237818043792,12.1,2000,Europe,Gasoline,All-wheel drive,1,14.1586194255924
220,6,154,2912.9320619935015,14.1,2020,Asia,Diesel,All-wheel drive,-1,15.996791866559613
280,2,118,2300.0051775022816,15.3,2017,Asia,Gasoline,Front-wheel drive,-2,17.224918994307764
220,4,127,3479.290303706942,17.2,2020,Asia,Diesel,Front-wheel drive,,12.136973505062251
190,6,160,3154.20160395348,13.9,2013,USA,Diesel,All-wheel drive,-2,13.756487540783333
230,6,,3844.8052997691225,14.1,2011,Europe,Diesel,All-wheel drive,,10.87649430361631
180,7,126,3258.8838683935132,16.3,2013,USA,Gasoline,All-wheel drive,0,13.70488003027037
210,4,173,2701.613607813434,18.1,2012,Europe,Gasoline,All-wheel drive,0,15.868042042577102
170,2,144,3858.6553229523847,15.7,2018,Europe,Diesel,All-wheel drive,1,10.778292733492286
280,4,121,3526.7748271852524,16.2,2004,Asia,Diesel,Front-wheel drive,0,12.282829432009027
190,8,118,3297.215830738327,16.4,2020,Europe,Gasoline,All-wheel drive,-2,13.381173696531322
160,1,,2347.585365916058,15.8,2009,Europe,Diesel,Front-wheel drive,0,17.624645584193786
160,6,,3255.300417036049,18.4,2008,Asia,Diesel,Front-wheel drive,0,13.859979975569106
220,4,150,2604.79223504278,15.8,2004,USA,Gasoline,All-wheel drive,-2,16.66848116998192
120,2,178,2981.1817173003383,11.6,2002,Europe,Gasoline,Front-wheel drive,-2,15.51445849705537
300,4,146,3478.7997289797877,14.4,2003,Asia,Diesel,Front-wheel drive,2,12.72245366434857
140,3,162,1839.8042518551738,16.4,2015,Asia,Gasoline,All-wheel drive,1,20.60725187096778
200,5,84,2632.909222110389,12.4,2011,USA,Gasoline,All-wheel drive,1,17.213071859788176
170,4,158,2760.1434126664594,10,2021,Europe,Diesel,All-wheel drive,0,16.725933960476507
230,6,194,2871.583507153324,14.6,2016,USA,Gasoline,Front-wheel drive,1,15.895716413084752
260,7,142,3199.008889622862,16.4,2006,Europe,Diesel,All-wheel drive,0,13.61934720711449
80,4,136,2996.6450866195905,14.8,2012,Europe,Gasoline,All-wheel drive,0,14.905810274525322
250,6,174,2977.178531798168,14.6,2004,Asia,Diesel,All-wheel drive,0,15.570809458547188
190,4,121,3095.8211134033845,15,2002,USA,Gasoline,All-wheel drive,-1,14.435500440014714
200,3,153,2366.102756420044,12.4,2012,USA,Diesel,All-wheel drive,-1,18.373934748643524
220,4,190,3039.7611026024933,16.2,2022,Asia,Diesel,Front-wheel drive,1,15.686730383125568
210,3,186,2762.4111247757164,13.6,2022,Europe,Gasoline,Front-wheel drive,1,16.728060721557277
150,5,141,2915.5150237409903,13.5,2018,Europe,Diesel,Front-wheel drive,0,15.186802150978984
260,5,118,3133.7403790948647,17.9,2018,USA,Gasoline,All-wheel drive,-1,13.798238321511805
260,6,113,2260.5589490790812,13.5,2011,USA,Gasoline,All-wheel drive,2,18.40909746172752
270,2,179,2602.674717724661,15.6,2018,Asia,Gasoline,All-wheel drive,2,17.799058046250916
260,7,188,2786.539979392245,17.7,2009,Europe,Gasoline,Front-wheel drive,0,15.64021988317091
200,6,197,3926.24934706991,15.2,2009,Asia,Diesel,Front-wheel drive,0,10.791121515381526
150,3,163,3166.822551251285,11.4,2010,USA,Gasoline,Front-wheel drive,-2,14.498496938101711
180,4,128,2853.9959165696764,16.1,2022,Europe,Gasoline,All-wheel drive,0,15.798668302563454
130,4,76,3790.4078898122916,17.7,2018,Asia,Diesel,All-wheel drive,0,9.760188479400673
180,4,141,2535.9871011922824,,2017,Europe,Diesel,All-wheel drive,1,17.567591149875447
140,2,115,2814.3803717257006,13.4,2003,USA,Gasoline,Front-wheel drive,0,15.58222084693093
290,5,,3696.354086407246,15,2002,Europe,Diesel,All-wheel drive,0,11.727393493225984
220,4,231,3061.245448717238,17.2,2011,Asia,Diesel,All-wheel drive,2,15.21588953619146
190,5,111,2995.9570008756546,14.1,2007,USA,Diesel,Front-wheel drive,1,14.723085637821518
210,4,109,3450.9623770832995,,2009,Europe,Diesel,All-wheel drive,0,11.93781048035737
190,2,203,2199.4059494681737,17.1,2006,USA,Diesel,All-wheel drive,0,19.331821062307313
220,3,143,3047.02377283386,14.6,2019,Asia,Diesel,Front-wheel drive,-1,14.628689738003755
180,6,132,2868.94694236062,,2018,Asia,Gasoline,All-wheel drive,0,15.369612811665247
290,5,190,2919.9577071739113,8.9,2003,USA,Gasoline,All-wheel drive,-1,15.886683501600674
190,1,162,3628.859856373456,14,2007,Asia,Diesel,Front-wheel drive,2,12.601949908454188
190,2,121,3184.9522383282088,17.5,2013,Europe,Gasoline,All-wheel drive,-2,14.021226657855856
210,5,152,2028.7116720514173,17.9,2008,Asia,Gasoline,Front-wheel drive,-1,19.702382011606037
210,6,194,2996.3396900802995,10.4,2001,Europe,Diesel,All-wheel drive,0,16.06684555442252
170,5,180,3009.2549025181866,14.3,2007,Europe,Diesel,All-wheel drive,0,15.845683625432304
160,0,138,2792.7797835824367,17.6,2002,Europe,Gasoline,All-wheel drive,-1,15.738498640665618
200,4,182,2983.474379010188,15,2003,USA,Gasoline,Front-wheel drive,1,15.500153993500966
210,4,124,3255.9138229786654,12.1,2002,Europe,Gasoline,All-wheel drive,0,14.016313753252485
170,6,63,2722.5271484786035,14.8,2018,USA,Diesel,Front-wheel drive,1,15.423143209223232
130,3,188,2584.186023242865,17.3,2018,Asia,Diesel,All-wheel drive,0,16.855548984677576
140,4,130,3572.683348791868,15.2,2008,Europe,Diesel,Front-wheel drive,2,11.643222159295853
200,7,170,2430.190498170913,12.8,2012,Asia,Gasoline,All-wheel drive,0,19.09719487153405
230,4,,3004.138387156587,17.7,2006,USA,Gasoline,Front-wheel drive,0,15.303082267554007
200,8,145,3126.358144944174,17.1,2005,Europe,Diesel,All-wheel drive,0,14.318954756354806
190,3,,3403.3097545263236,10.5,2014,Asia,Gasoline,All-wheel drive,0,14.465863179555262
280,1,,3017.372588935472,12.8,2005,Asia,Gasoline,Front-wheel drive,1,15.002422412188865
190,,157,3251.226878112548,11.4,2015,USA,Gasoline,Front-wheel drive,0,14.200098497119845
210,2,211,1716.1607645327235,14.9,2002,Europe,Diesel,All-wheel drive,0,21.28657687265894
300,7,162,2608.833768355171,14.4,2016,Asia,Diesel,All-wheel drive,-1,16.73841083341333
140,4,141,2164.854349082133,10.4,2000,USA,Diesel,Front-wheel drive,-2,19.623830368292527
110,2,180,3194.567688726169,12.2,2002,USA,Gasoline,Front-wheel drive,2,14.997345658759054
130,6,141,2312.342906879474,14.5,2004,Europe,Gasoline,Front-wheel drive,-1,18.059983974887004
180,5,181,2280.0211162654164,,2004,Europe,Diesel,All-wheel drive,0,19.277379472603645
150,3,206,3748.1644685764895,15.5,2015,USA,Gasoline,All-wheel drive,1,11.818843137349878
200,,174,2537.9536206696544,15.1,2015,Europe,Gasoline,All-wheel drive,-1,16.958340005808832
200,3,,2822.137175548901,16.1,2022,Asia,Diesel,Front-wheel drive,-1,15.258518031470128
180,4,185,3020.216289722386,12.8,2021,Europe,Diesel,Front-wheel drive,-1,15.743460349757463
140,2,148,3880.696325,13.3,2021,Asia,Diesel,All-wheel drive,-1,10.933022521752244
160,5,221,2909.1956829539595,12.1,2002,Europe,Gasoline,All-wheel drive,2,16.623224976197946
260,1,103,3186.870021002725,15.3,2004,Asia,Diesel,All-wheel drive,0,13.703701744187093
240,,138,2676.8534327646867,16.6,2002,Europe,Gasoline,All-wheel drive,0,16.186979709203865
260,5,139,2606.972984404621,15.9,2009,USA,Gasoline,All-wheel drive,-1,16.964054249649244
170,6,179,3099.5804169999906,10,2015,USA,Gasoline,Front-wheel drive,0,14.90526322763569
180,3,165,2939.904967489714,16.4,2009,Europe,Gasoline,All-wheel drive,0,15.479355849537704
150,6,152,3482.439257685544,13.1,2006,USA,Diesel,All-wheel drive,-2,12.351543447242427
260,3,176,2767.106885987496,16.2,2008,Asia,Diesel,All-wheel drive,0,16.684076158009606
180,2,187,2700.407918878904,16.8,2015,Asia,Gasoline,Front-wheel drive,0,16.54869606299933
260,5,93,3164.33022178815,20.1,2009,USA,Diesel,All-wheel drive,2,13.606356376415093
200,5,121,3459.5229172295913,17.8,2006,Asia,Gasoline,All-wheel drive,-1,12.085602018501042
200,2,,2037.9117637193772,17.7,2018,USA,Diesel,Front-wheel drive,-1,19.73103573133706
290,8,128,3451.1501019067136,14.2,2014,Europe,Gasoline,All-wheel drive,-1,12.9035011501472
160,4,155,2773.265064356561,15.1,2015,Europe,Diesel,Front-wheel drive,1,16.05735604250159
180,8,132,3917.5019414968983,13.6,2005,Asia,Gasoline,Front-wheel drive,1,10.980404702227059
190,2,143,2269.191510408581,15.4,2016,Europe,Gasoline,Front-wheel drive,0,17.99141713653205
200,5,149,2641.3728478085295,17.2,2018,Europe,Gasoline,All-wheel drive,0,16.298880737192285
180,3,206,3199.5217472316654,13.9,2008,Europe,Diesel,Front-wheel drive,1,14.06427613942863
220,6,166,2498.925334655819,12.8,2022,Asia,Gasoline,Front-wheel drive,0,17.38266318369857
160,3,,3776.532214787193,18.3,2018,Asia,Diesel,Front-wheel drive,1,10.27835432988459
190,3,113,2836.903078199183,16.6,2000,Asia,Gasoline,Front-wheel drive,1,15.226178567162611
200,4,166,2560.218738847793,15,2007,Asia,Gasoline,Front-wheel drive,0,17.441885567036035
210,2,226,3916.641480307756,21.5,2005,Europe,Gasoline,Front-wheel drive,1,10.12757170206569
130,3,78,3005.5411780372065,,2021,USA,Gasoline,Front-wheel drive,,14.129317719948922
170,6,136,2971.810538966502,15.7,2018,Asia,Gasoline,Front-wheel drive,1,15.13607532261337
200,2,122,3068.643956154412,11.4,2018,Asia,Diesel,All-wheel drive,0,14.245128000304877
250,3,,2748.3523639273567,10.8,2018,Europe,Diesel,All-wheel drive,1,16.463746834465525
230,1,141,3110.7293127504563,17.3,2022,USA,Diesel,Front-wheel drive,-2,14.088309609440884
240,3,216,3386.355880240311,16,2001,USA,Gasoline,Front-wheel drive,1,13.858968687068783
180,4,183,3209.3322874782257,15,2016,Europe,Gasoline,All-wheel drive,0,14.586901295487912
250,2,149,3357.9513063624754,,2020,USA,Diesel,All-wheel drive,0,13.173581894292987
130,6,124,2410.0612930640373,18,2011,Asia,Gasoline,Front-wheel drive,0,17.677053475155105
160,6,185,2456.603110599951,14.5,2011,Asia,Diesel,Front-wheel drive,-1,17.781288102149748
230,9,143,3109.216461737258,11.3,2003,Europe,Diesel,Front-wheel drive,0,14.71475502245608
250,2,,2882.8848341291146,16.2,2002,USA,Diesel,Front-wheel drive,1,15.496575746263728
220,0,157,3757.3195019922186,13.9,2014,USA,Diesel,All-wheel drive,0,11.554385926654463
180,6,190,2394.486960792118,11.6,2012,Europe,Gasoline,All-wheel drive,0,19.078928881239097
110,4,156,3211.9827543942138,12.5,2020,Asia,Diesel,Front-wheel drive,0,14.196659893495
180,5,136,2951.2892168747794,15,2012,Asia,Gasoline,Front-wheel drive,1,15.583841037968737
200,7,216,2223.6665563666666,13,2021,USA,Gasoline,All-wheel drive,0,20.13138678848492
170,2,216,3253.855315863351,15.6,2012,Europe,Diesel,Front-wheel drive,1,14.462485313502505
180,6,127,2848.377792969195,11.3,2023,Europe,Gasoline,Front-wheel drive,1,16.122720983962022
260,6,173,2166.2762204665555,16.5,2016,USA,Gasoline,Front-wheel drive,0,19.393818779900666
170,7,131,2928.9785096175347,13.2,2005,Asia,Gasoline,All-wheel drive,,15.838964595485844
180,4,192,3337.6908866233325,14.3,2011,USA,Gasoline,Front-wheel drive,0,13.486785233853691
210,4,168,2795.1102889999943,12.8,2023,Asia,Diesel,Front-wheel drive,-1,16.47405754734811
120,5,151,3938.519630874553,13.6,2022,Asia,Gasoline,All-wheel drive,1,10.800796408909553
160,5,166,4052.05744602565,13.6,2001,Europe,Gasoline,Front-wheel drive,-1,9.900600390011299
200,1,122,2610.9267735821713,12.6,2004,Europe,Diesel,All-wheel drive,-1,17.00281215007119
180,3,137,4023.2272336895608,14.1,2010,Asia,Gasoline,Front-wheel drive,0,9.729600434230667
220,2,102,2843.124391930751,15.3,2018,Europe,Diesel,All-wheel drive,0,15.304354789493054
220,6,159,2882.100189918413,11.3,2012,Asia,Diesel,Front-wheel drive,0,16.158437644073413
160,5,140,4107.105555,16.2,2013,Asia,Gasoline,Front-wheel drive,,9.622892831520668
230,6,178,2753.2094448519115,18,2022,Asia,Gasoline,Front-wheel drive,0,16.479636716114662
220,2,212,3277.2293229019397,17,2001,Asia,Gasoline,All-wheel drive,0,14.016400161384658
260,5,157,3716.4210556066564,16.6,2010,Europe,Gasoline,Front-wheel drive,0,11.788695810134262
160,2,120,3245.0930247754654,14.1,2003,USA,Diesel,Front-wheel drive,0,14.28799671453898
220,5,164,3351.317284056767,14.6,2012,Asia,Gasoline,Front-wheel drive,1,13.325230867194215
220,4,183,3706.505334542409,17.9,2001,Asia,Gasoline,All-wheel drive,0,11.40844083184536
260,5,153,3657.167779760909,12.8,2007,Europe,Diesel,Front-wheel drive,0,11.122996276954513
280,4,138,1985.4657577387356,10.3,2023,USA,Diesel,All-wheel drive,0,20.76120368812714
120,7,229,2484.5261707108602,17.4,2018,USA,Diesel,Front-wheel drive,0,18.416721915263064
170,5,174,3945.5890820601235,13.6,2002,Europe,Gasoline,Front-wheel drive,-2,10.700782676761062
190,1,155,2334.8557082517045,,2004,Europe,Gasoline,All-wheel drive,-1,18.313093359541714
120,5,138,2928.9529151079914,14.7,2008,Europe,Gasoline,All-wheel drive,-2,15.301149276225402
370,4,129,2609.3752536974253,15,2005,Asia,Diesel,Front-wheel drive,0,17.168744112636453
300,5,139,2994.361885487422,14.5,2011,USA,Diesel,All-wheel drive,0,15.144161334854433
130,6,136,3029.585104734906,16.2,2015,Asia,Diesel,Front-wheel drive,-1,14.458417030388581
230,4,197,1855.7814523248867,16.3,2021,Asia,Diesel,All-wheel drive,0,21.26683675042442
210,2,148,2671.536748736811,15.5,2017,USA,Diesel,Front-wheel drive,0,17.13914999879547
150,2,163,2564.4884425184896,19.2,2012,Asia,Diesel,Front-wheel drive,-1,16.876750660811535
190,,189,2583.24815775929,12.3,2017,Europe,Diesel,Front-wheel drive,0,17.416240345919427
230,1,144,3300.5748331610534,15.9,2002,Asia,Gasoline,Front-wheel drive,1,13.494596126345094
150,3,192,2556.8572892227935,,2015,Asia,Diesel,Front-wheel drive,-1,17.102513355135514
200,8,112,2279.5639656944795,15.6,2005,USA,Diesel,All-wheel drive,1,17.611032885249763
230,6,116,2977.2615524062185,12.4,2016,Asia,Gasoline,All-wheel drive,-2,15.305234146505846
200,2,157,2927.035440770632,16.3,2016,USA,Diesel,Front-wheel drive,,15.043486648876064
130,2,121,2779.805228277744,9.7,2020,Europe,Gasoline,Front-wheel drive,0,16.282904303037853
180,4,137,2700.6911580865362,13.1,2019,Europe,Diesel,All-wheel drive,0,16.260598948016554
250,2,163,2994.3774268235848,,2005,USA,Gasoline,Front-wheel drive,-1,15.883549034316667
140,6,127,3677.26701698568,17,2017,USA,Gasoline,All-wheel drive,1,11.262251855121395
290,6,,4123.470565847501,15.9,2019,Europe,Diesel,All-wheel drive,0,9.199189254928546
170,8,192,2180.1528052659746,,2002,Europe,Diesel,All-wheel drive,-1,20.442089016925443
210,11,152,2435.2036062813268,14.7,2004,Europe,Diesel,Front-wheel drive,-1,17.96528447348733
100,3,,3420.2974771322797,15.8,2009,Asia,Gasoline,All-wheel drive,1,13.22872849371318
180,,232,2461.3026816120987,16.4,2016,Europe,Gasoline,All-wheel drive,-2,17.78492926416104
240,3,160,2836.5298197739858,11.4,2016,Europe,Diesel,All-wheel drive,1,16.3946456943182
210,4,113,2951.7246061418173,18.9,2004,Asia,Gasoline,Front-wheel drive,1,14.716838992907208
160,4,216,3540.4688581465616,,2023,Asia,Gasoline,All-wheel drive,2,12.797016290169164
210,3,82,2371.9566900894283,13.3,2008,Asia,Gasoline,All-wheel drive,0,17.54381451197914
170,3,146,3163.2450119148752,14.7,2013,USA,Gasoline,Front-wheel drive,0,15.061864842957945
210,1,178,3239.8676222847025,16.5,2010,Asia,Diesel,Front-wheel drive,1,13.972467640488352
290,,101,2441.509510283956,14,2017,USA,Gasoline,Front-wheel drive,-1,16.620987228233876
230,1,217,4074.277304187175,19.8,2010,Asia,Gasoline,Front-wheel drive,0,10.382158869109578
190,6,143,3354.122607366654,13.1,2001,Europe,Gasoline,All-wheel drive,0,12.818565062321323
200,4,163,2914.01536858224,13.1,2023,Asia,Diesel,Front-wheel drive,0,15.883687064425125
190,1,123,3822.2919078152236,,2006,Asia,Diesel,All-wheel drive,-1,10.938235404387605
170,2,107,3070.3372841839946,15.2,2016,Asia,Diesel,Front-wheel drive,-1,13.551721836236219
230,5,205,2707.280478790163,12.9,2004,Europe,Diesel,Front-wheel drive,-1,17.496306903689852
240,1,202,3351.2033236417665,18.4,2010,Europe,Gasoline,Front-wheel drive,0,13.826042368759163
170,2,167,3735.5995430793555,,2010,Europe,Diesel,Front-wheel drive,2,11.520936861265364
170,2,144,2361.579696215273,14,2001,Europe,Diesel,Front-wheel drive,0,18.643607706748124
150,5,133,3566.0010024654057,16.1,2003,USA,Diesel,Front-wheel drive,0,11.356993801280824
160,3,138,3250.3517512574144,18.5,2005,USA,Diesel,All-wheel drive,0,13.062518737237182
160,3,,2337.6079920795955,8,2018,Asia,Gasoline,Front-wheel drive,0,18.94742507277443
130,5,152,3329.544178730777,14.9,2000,Europe,Diesel,All-wheel drive,1,13.135511185362219
180,4,133,2540.9658320551357,14.9,2019,USA,Gasoline,All-wheel drive,1,18.227339765469846
230,3,168,3621.5395242893765,17.6,2011,Asia,Diesel,All-wheel drive,0,12.084375640171983
230,4,104,4289.010726418481,17.9,2003,USA,Gasoline,Front-wheel drive,-1,7.66278444218946
120,6,154,2779.9342131404674,12.4,2016,Asia,Gasoline,Front-wheel drive,1,16.95707708443425
130,3,115,3619.374147154415,13,2018,USA,Gasoline,Front-wheel drive,-1,11.860052139401876
160,4,168,2684.9784390490117,19.7,2006,Europe,Diesel,Front-wheel drive,0,16.461234323828467
220,5,152,3654.1210775576196,15.1,2015,Asia,Gasoline,Front-wheel drive,0,11.782533717760877
270,3,178,3981.352492764441,15.8,2019,Asia,Gasoline,Front-wheel drive,2,10.680937620335783
170,6,169,2281.8957191711174,12.6,2018,USA,Gasoline,All-wheel drive,0,18.762174910603942
230,2,110,2983.4815270170034,15.7,2008,Asia,Diesel,All-wheel drive,-1,14.509766027548489
140,6,155,2931.414150600436,17.1,2021,USA,Gasoline,Front-wheel drive,0,15.386553951921933
260,4,138,2326.614210002305,21.8,2022,USA,Gasoline,Front-wheel drive,1,18.207956662058614
190,1,180,3023.3873716450425,19.3,2017,Europe,Gasoline,Front-wheel drive,1,14.856312290337351
190,4,155,3445.680537857181,13.8,2007,USA,Gasoline,Front-wheel drive,1,13.079208138546159
280,6,170,2801.287582770375,14.1,2011,USA,Gasoline,Front-wheel drive,0,16.498235585985302
190,2,131,2994.919291436404,15,2005,USA,Gasoline,Front-wheel drive,0,14.710232423288616
220,5,151,3569.1427980035887,12.8,2012,Asia,Diesel,All-wheel drive,0,12.092792328962993
190,3,197,3166.409041632012,19.5,2019,USA,Gasoline,Front-wheel drive,0,13.874936383310908
180,3,,3450.0832199791425,11.2,2003,Europe,Gasoline,All-wheel drive,1,12.731789302147911
210,2,201,3327.831210241529,17.5,2011,USA,Gasoline,Front-wheel drive,1,13.417292328072296
130,2,119,2279.1148407135943,12.4,2021,USA,Gasoline,Front-wheel drive,0,18.285431563763442
270,3,124,3441.0033300711634,9.7,2008,Asia,Gasoline,All-wheel drive,,13.588241995905227
160,2,140,2535.3759876133645,14.9,2016,Europe,Diesel,All-wheel drive,-1,16.929292201959647
210,3,99,3118.182857557701,15.2,2002,Asia,Diesel,All-wheel drive,0,14.129055190116002
80,1,,3080.156280213034,14.2,2020,Asia,Gasoline,All-wheel drive,0,14.390709577939939
270,3,165,2709.4469904235284,,2002,Asia,Diesel,All-wheel drive,0,17.342255724024135
240,4,,3629.9129755454783,20.1,2003,USA,Diesel,All-wheel drive,-1,11.675791179410764
180,2,148,2443.46846368251,20.4,2000,USA,Gasoline,All-wheel drive,0,17.243583552176762
270,5,126,2437.937961749134,14.9,2007,USA,Diesel,All-wheel drive,-1,17.7779833662494
90,4,203,2797.557437888667,12.2,2017,Europe,Gasoline,Front-wheel drive,0,16.982472027630568
260,2,178,4057.7031326853703,15.2,2006,Asia,Diesel,All-wheel drive,0,10.342494918158204
230,3,139,2884.703189243825,14.6,2001,Europe,Diesel,Front-wheel drive,,15.361867457548858
190,4,149,2881.1530702102186,15.8,2020,Asia,Diesel,All-wheel drive,-4,16.00392630914419
140,9,168,3471.6921909944012,12.4,2016,USA,Diesel,Front-wheel drive,2,13.80090430285737
220,,156,2775.357099988363,13.1,2022,Asia,Diesel,Front-wheel drive,1,17.07371956900259
200,6,,2412.665105241336,16.2,2020,USA,Gasoline,All-wheel drive,0,17.998910220726472
250,4,132,2705.913873268102,12.6,2003,Europe,Gasoline,All-wheel drive,-1,15.745942601241328
310,3,133,3624.273449916185,10.2,2001,Asia,Gasoline,All-wheel drive,-1,11.696771620780037
180,3,,3314.8373593804545,16.1,2021,USA,Diesel,All-wheel drive,-1,12.930367771296593
240,2,,3307.491184133471,18.8,2022,Asia,Diesel,Front-wheel drive,0,13.283203923630598
260,7,125,3029.3253140687607,11.6,2011,USA,Diesel,All-wheel drive,-1,14.438839788486597
190,2,176,2210.4477104445155,13.7,2012,USA,Gasoline,All-wheel drive,1,19.164573200098516
180,6,117,3520.2237973572446,16.1,2000,Asia,Gasoline,Front-wheel drive,1,11.76030706481694
100,,166,2616.861292710551,19.6,2000,USA,Diesel,Front-wheel drive,-1,16.631979475334955
250,1,175,2875.4471734174917,13.4,2023,Europe,Diesel,Front-wheel drive,-2,15.987863872289184
140,1,161,2926.4269938114367,13.4,2001,USA,Diesel,All-wheel drive,,16.0560602020799
160,3,133,2936.090895628006,14,2016,Europe,Diesel,Front-wheel drive,0,14.667747120934603
220,2,150,3080.678700198158,14.5,2008,USA,Diesel,Front-wheel drive,-1,14.607212214048795
230,4,163,2513.84263014902,15.5,2013,Europe,Gasoline,Front-wheel drive,2,17.33744520820022
140,6,128,2105.5471252501384,18.9,2012,USA,Gasoline,All-wheel drive,-3,18.9741842159321
140,2,132,3534.7936303614633,17.8,2014,Europe,Diesel,Front-wheel drive,0,11.48244866446805
280,4,148,2611.17297003633,17.2,2007,USA,Gasoline,Front-wheel drive,1,16.963476446366524
120,3,127,3182.3303691656024,17,2003,USA,Gasoline,All-wheel drive,0,13.19361778526467
180,3,179,2965.1599148392,,2000,USA,Diesel,Front-wheel drive,0,15.263796517642984
260,4,93,2714.417454312035,18,2010,USA,Diesel,All-wheel drive,1,15.349634394456826
170,4,144,1425.9313667523977,19.3,2012,Asia,Gasoline,Front-wheel drive,0,22.59278487455823
210,2,125,3312.8371949414636,,2002,Europe,Diesel,All-wheel drive,0,12.615492457654122
270,7,114,2915.753457969032,16.6,2021,USA,Diesel,All-wheel drive,0,14.456739733935684
200,1,88,2998.7339911263666,10.5,2004,USA,Gasoline,Front-wheel drive,-1,14.820240294169631
100,3,133,3010.3424873906724,14.8,2020,Asia,Diesel,Front-wheel drive,0,15.240152595237225
210,4,162,2240.0558983587935,10.3,2002,USA,Diesel,All-wheel drive,-1,19.15386327377738
150,9,203,3497.7147629203373,12.3,2021,USA,Gasoline,All-wheel drive,1,13.555717046353942
120,4,156,2890.68640812749,,2003,Europe,Diesel,All-wheel drive,-1,15.593125902621772
190,2,151,3100.9701622955627,14.3,2002,Asia,Gasoline,All-wheel drive,0,14.742994809859011
230,6,113,3345.1021672271454,19.7,2005,Asia,Gasoline,Front-wheel drive,0,12.057147882578386
230,4,138,3070.41596498856,,2023,Asia,Gasoline,All-wheel drive,,14.807426311155872
170,3,187,3621.7452141538392,10.6,2017,Asia,Gasoline,Front-wheel drive,1,13.043043965765376
230,5,151,2882.0199503638846,12.8,2019,Asia,Diesel,All-wheel drive,-1,15.873077417296926
280,6,99,2342.7719744725446,,2007,USA,Gasoline,All-wheel drive,-1,17.39708434243192
180,7,182,3267.221528834529,12.8,2011,USA,Gasoline,All-wheel drive,0,14.19731199561387
250,4,140,2933.6621835160695,13.1,2016,Asia,Diesel,Front-wheel drive,-2,15.161944035108242
190,5,103,3399.886883025092,17.6,2013,USA,Gasoline,Front-wheel drive,0,12.30631928449838
190,5,181,3076.1261441706424,15.7,2007,Asia,Diesel,All-wheel drive,-2,15.003029531393466
140,3,190,3450.7043898411994,14.8,2006,Asia,Gasoline,Front-wheel drive,2,13.901493321006136
240,0,209,3535.0553477417066,14.8,2016,Europe,Diesel,Front-wheel drive,-2,12.599157393491174
220,3,95,2497.440696399879,14.2,2018,Asia,Diesel,Front-wheel drive,0,16.43118353216897
250,5,128,3112.852028392647,15.4,2015,Europe,Gasoline,Front-wheel drive,1,13.914883827848868
220,3,116,2871.1585453305333,15.3,2019,USA,Gasoline,All-wheel drive,0,15.683492119944907
90,9,144,3258.765439937971,14.7,2021,USA,Diesel,All-wheel drive,2,13.84366819998815
140,1,198,2680.353998758421,10.1,2009,USA,Diesel,All-wheel drive,0,17.65225793777948
220,2,132,3137.6209378288895,14.2,2011,Asia,Gasoline,All-wheel drive,1,14.695383085982344
160,4,150,3529.887897858916,15.8,2008,USA,Diesel,All-wheel drive,1,11.757443350563573
110,7,144,2664.1044341033976,16.7,2018,Europe,Gasoline,Front-wheel drive,-1,16.670952979683136
300,3,159,3025.5611147839218,17.7,2011,USA,Gasoline,All-wheel drive,0,14.800618940302714
210,3,103,3072.5357420284545,13.6,2019,Asia,Diesel,All-wheel drive,0,14.079333542138967
160,3,148,3284.8707475110414,14.5,2020,Europe,Diesel,All-wheel drive,0,13.7500480883684
200,8,146,2133.8340852377823,20.8,2013,Europe,Gasoline,Front-wheel drive,1,19.235652116531796
180,5,160,3166.887733737293,13.8,2013,USA,Gasoline,All-wheel drive,1,14.362004753516064
320,5,192,3161.9876754999723,14,2013,Asia,Diesel,All-wheel drive,0,15.382053506980707
140,1,120,2982.810144434749,13.7,2011,Europe,Diesel,Front-wheel drive,0,14.677478561583484
230,5,133,3021.491174782546,16.4,2006,Asia,Gasoline,All-wheel drive,-1,13.946728294154543
80,5,128,3403.373052030764,17.3,2019,USA,Gasoline,All-wheel drive,-1,12.115182936689024
170,3,127,2945.706959024169,16.5,2002,Asia,Gasoline,Front-wheel drive,0,15.308609611598678
210,3,,3234.6106791955817,11.3,2021,Asia,Diesel,All-wheel drive,-1,14.289444812931443
170,,160,2398.8866758489803,19.4,2000,Asia,Gasoline,All-wheel drive,0,18.156934690534776
160,2,182,3145.2036896349086,11.1,2006,Asia,Diesel,Front-wheel drive,1,15.04466270877056
150,,120,3427.6247476645467,13.9,2012,USA,Gasoline,All-wheel drive,-2,12.185137557740651
220,3,158,2718.8553835159078,13.2,2008,Europe,Gasoline,All-wheel drive,0,16.53022923231699
190,4,179,2211.303892178984,19.7,2016,USA,Diesel,All-wheel drive,0,19.50248925653109
110,2,,2418.2653528521582,15.6,2008,USA,Diesel,Front-wheel drive,0,17.56179152576446
210,6,140,2940.753920238197,11,2016,USA,Diesel,All-wheel drive,-2,15.699138720730678
110,7,140,2744.1748377896065,14.3,2011,Asia,Diesel,All-wheel drive,-1,16.487407838615656
190,4,114,3157.459414759824,15.8,2009,USA,Gasoline,All-wheel drive,-1,13.797315582981923
190,3,168,2829.7133653388546,19.1,2012,Europe,Gasoline,Front-wheel drive,0,15.134051809617949
300,4,126,2566.1526404221813,13.8,2005,Europe,Gasoline,Front-wheel drive,1,17.212281658024548
140,6,169,3445.0369421285322,13.9,2006,Europe,Gasoline,All-wheel drive,2,13.263884635452706
170,7,175,2709.3348531068523,12.8,2016,Asia,Gasoline,Front-wheel drive,1,17.261300396074315
110,3,170,2527.9839807704266,16.7,2006,Europe,Gasoline,All-wheel drive,-2,16.963542839975855
230,,184,3171.2647960655227,16.7,2014,Asia,Diesel,All-wheel drive,0,13.972225835941426
180,,117,3477.5451372980415,12,2004,Asia,Diesel,Front-wheel drive,1,12.116493507739143
170,5,155,3180.734450535182,15.9,2001,Europe,Gasoline,Front-wheel drive,-1,13.685988269048273
230,3,163,3757.2732503042757,14.2,2001,USA,Gasoline,Front-wheel drive,2,11.34943227557753
200,7,155,2458.887567645817,15.9,2003,Asia,Gasoline,All-wheel drive,0,17.82732125910295
240,7,152,3770.511486286412,14.3,2016,USA,Diesel,Front-wheel drive,0,11.215421454232212
210,4,169,3641.168479595586,13.9,2020,Asia,Diesel,Front-wheel drive,0,12.45643908522466
200,,152,2510.1033081926184,13.3,2019,Europe,Diesel,All-wheel drive,0,17.909282360073803
190,4,186,3463.7318214322863,16.4,2005,Europe,Gasoline,Front-wheel drive,0,13.187971392566112
180,7,110,2990.1809442584627,12.2,2020,Asia,Diesel,Front-wheel drive,1,14.942294452452723
190,4,150,2779.8790259759503,17.8,2003,USA,Gasoline,Front-wheel drive,2,16.740811000482328
190,6,187,2768.3061248534314,18.6,2011,USA,Diesel,All-wheel drive,0,16.7395753849415
240,5,125,3102.032911115085,12.4,2001,Asia,Diesel,Front-wheel drive,0,14.9312094779902
280,0,138,3752.382925559249,10.2,2018,Asia,Diesel,All-wheel drive,0,11.802148169364022
190,6,169,2561.101309339069,13.2,2005,USA,Gasoline,Front-wheel drive,1,17.886766041196147
190,2,89,2763.869029680765,15.9,2000,Asia,Gasoline,Front-wheel drive,0,15.349413477511037
230,4,156,3803.8442264831565,15.9,2015,Asia,Gasoline,All-wheel drive,-1,10.812917327047838
100,5,163,4030.5299944461003,17.1,2016,Asia,Gasoline,Front-wheel drive,-1,9.413160239782007
260,0,190,3323.628147485173,19.3,2019,Europe,Diesel,All-wheel drive,0,13.548353691666053
200,5,186,1991.158100688797,12.9,2001,Europe,Diesel,All-wheel drive,-1,19.965853084778455
200,4,142,3126.5133745929415,17.3,2019,Asia,Diesel,All-wheel drive,0,14.284901147666385
190,3,129,4195.369108673767,13.2,2000,USA,Diesel,Front-wheel drive,1,8.73750658169429
230,,,2740.450622967314,17.3,2003,Europe,Diesel,Front-wheel drive,-1,16.53345184618207
180,3,173,2728.8752193697164,14,2019,Asia,Diesel,All-wheel drive,1,16.72793280049807
180,5,179,2829.862731013684,14.5,2014,Asia,Gasoline,Front-wheel drive,1,15.871446572250965
210,4,107,2551.3402308003424,15.6,2008,USA,Diesel,All-wheel drive,0,16.28318475577865
260,4,212,3293.0542905538246,16.1,2023,USA,Diesel,Front-wheel drive,0,14.072929942360206
210,4,200,2586.571975893871,13.7,2006,USA,Gasoline,All-wheel drive,-1,17.062956066365597
160,5,129,3157.084046994355,17.8,2010,USA,Diesel,Front-wheel drive,-2,14.287756624517982
200,6,120,2409.8051997783646,13.2,2023,Europe,Gasoline,Front-wheel drive,-1,17.291548528210512
190,4,,2953.0475198537806,13.8,2002,Europe,Diesel,Front-wheel drive,1,15.468923323631165
210,2,168,3147.907270008153,15.5,2005,USA,Diesel,Front-wheel drive,1,14.315125240930104
160,7,127,2538.9436521090943,11,2013,Asia,Diesel,All-wheel drive,1,17.56223804509709
210,3,171,3399.8020531813313,13.7,2020,Europe,Gasoline,All-wheel drive,0,12.943404999722103
190,8,130,2842.8559869378714,14.1,2021,Asia,Diesel,Front-wheel drive,,15.586500545923265
210,3,138,2876.9234066059853,18.5,2001,Europe,Diesel,Front-wheel drive,-1,14.58798780822585
250,0,150,3348.714812908471,14.1,2014,USA,Gasoline,All-wheel drive,0,12.905452344885934
130,4,151,2479.816511839474,,2009,USA,Gasoline,All-wheel drive,-1,17.47519763454012
200,1,171,3153.197853977695,16.1,2006,USA,Diesel,Front-wheel drive,1,14.310262523176585
230,1,98,3161.9339834749176,,2022,Asia,Gasoline,Front-wheel drive,-1,14.777982882717184
150,6,141,2776.015124831812,12.6,2020,USA,Gasoline,Front-wheel drive,0,16.095109901402562
270,2,171,3631.5754936483236,17.4,2007,Europe,Diesel,Front-wheel drive,0,11.53460389893661
160,5,163,3213.4392528898975,10.9,2017,USA,Diesel,All-wheel drive,0,14.715541198871096
210,3,192,2771.8348248388534,,2021,USA,Gasoline,Front-wheel drive,-1,16.311976809088584
240,3,167,2234.334129751631,,2015,Asia,Gasoline,All-wheel drive,0,19.658318323907512
210,6,164,2674.4727337178756,16.7,2003,Asia,Gasoline,All-wheel drive,-1,16.809116733172917
260,2,139,2857.6511849215317,15.1,2018,Europe,Gasoline,All-wheel drive,0,15.586708902600453
270,9,121,3110.1757977395973,16.4,2003,Asia,Gasoline,Front-wheel drive,-2,13.52528401722499
250,3,182,2271.823394655378,14.6,2003,Asia,Gasoline,All-wheel drive,1,19.150563393351074
170,4,171,2725.537883637978,18.7,2015,USA,Gasoline,Front-wheel drive,0,16.646260442371712
180,2,87,3408.193555424301,,2022,Europe,Diesel,Front-wheel drive,0,12.294520455352528
240,5,,2824.497428105451,20.8,2022,Asia,Gasoline,All-wheel drive,1,15.556516280222922
160,2,113,1914.1648224236524,12.7,2013,Asia,Gasoline,Front-wheel drive,,20.449982354781095
330,3,111,3321.489493805755,16,2023,USA,Diesel,All-wheel drive,2,12.863728651710126
230,4,91,2809.2794647568862,13,2004,Asia,Diesel,All-wheel drive,0,16.339124018930317
190,4,,3560.0279709524693,14,2021,Europe,Gasoline,All-wheel drive,-1,12.873070742669027
120,1,142,3587.3061747632837,16.5,2001,Europe,Diesel,Front-wheel drive,0,12.021300506757518
220,2,84,4089.3615775753124,12.4,2015,USA,Gasoline,Front-wheel drive,0,8.875601748508062
220,1,176,2545.1284704707136,13.3,2004,Asia,Gasoline,Front-wheel drive,0,17.162273293242624
210,5,176,2655.092533119286,11.9,2007,USA,Gasoline,Front-wheel drive,0,16.871827444128304
170,4,151,3212.3907075754482,13.8,2008,Asia,Gasoline,All-wheel drive,-1,14.48129155128484
120,,163,3301.073633107142,16.1,2002,Asia,Gasoline,Front-wheel drive,0,13.897831594752702
150,5,97,2815.23976580616,14.9,2011,Europe,Gasoline,Front-wheel drive,2,15.757446657045888
190,9,,2940.622797593635,10.6,2007,USA,Diesel,All-wheel drive,-2,15.180469605172487
330,6,,3606.484946726033,17.3,2002,USA,Diesel,All-wheel drive,0,12.609664746081204
190,4,132,3342.5229077383915,14,2023,Europe,Diesel,All-wheel drive,,13.387215656057556
120,,147,2816.3507119017395,11.4,2010,Asia,Gasoline,All-wheel drive,-2,15.884748844028865
190,3,153,2419.4324431794576,13.7,2010,Asia,Diesel,Front-wheel drive,2,18.243102136769288
200,7,126,2597.439197546757,20.2,2015,Asia,Gasoline,All-wheel drive,0,16.040966308209903
230,3,187,3152.774693281522,15.2,2004,USA,Diesel,All-wheel drive,-1,14.220704643720548
220,4,135,3217.5556374784255,,2021,Europe,Gasoline,Front-wheel drive,1,14.40624780690928
120,1,146,2530.386350665361,14.6,2006,Europe,Gasoline,All-wheel drive,-2,16.61354343223833
220,4,147,2570.4140658318865,14.5,2010,Europe,Diesel,Front-wheel drive,0,17.000041195461975
160,2,184,2715.26214309454,15.1,2015,Europe,Gasoline,Front-wheel drive,0,16.727416383248205
230,5,123,3131.7145933029105,18.1,2016,USA,Diesel,All-wheel drive,1,13.712074808365449
180,3,149,2971.442784658008,,2023,Asia,Diesel,Front-wheel drive,-1,14.48018435860527
300,1,,3236.5937951945566,15.7,2011,Asia,Diesel,Front-wheel drive,-1,13.942381528903626
200,2,134,3266.0425389909387,14.8,2004,Asia,Gasoline,All-wheel drive,0,13.550405592299478
210,4,,1552.150909997056,,2021,Europe,Gasoline,All-wheel drive,1,21.85666518407103
250,4,,3379.2457308678013,,2019,Asia,Gasoline,Front-wheel drive,1,12.9067657461976
200,4,145,3138.5325037195225,19.9,2016,USA,Diesel,All-wheel drive,0,13.64790941756279
180,9,156,2267.7487571983274,17.7,2008,Asia,Gasoline,Front-wheel drive,0,18.242462597408664
220,1,117,3311.2389691609287,12.2,2017,USA,Diesel,Front-wheel drive,1,13.847600324330351
220,2,148,2881.9277287627697,14.9,2008,Asia,Diesel,Front-wheel drive,-1,15.532049336107695
200,8,121,2613.251858570082,11.9,2004,USA,Gasoline,Front-wheel drive,0,16.674481399647725
190,1,184,3117.4980907584522,14.7,2013,Asia,Gasoline,All-wheel drive,0,14.68035131209236
230,6,150,2788.8675475555497,11.7,2003,Asia,Diesel,All-wheel drive,0,16.133081688100283
180,2,95,3184.1113433754076,16,2001,Europe,Diesel,Front-wheel drive,1,13.284341883664677
190,3,117,3490.2651286505725,17.3,2009,Asia,Gasoline,Front-wheel drive,1,11.727078119284485
180,3,,2708.989687791554,16.2,2008,Asia,Gasoline,All-wheel drive,-2,16.611820989218693
250,8,151,3516.52231962957,14.8,2010,USA,Diesel,All-wheel drive,1,12.489686022844614
280,5,147,3175.7220984064597,14.9,2023,Asia,Gasoline,Front-wheel drive,0,14.193464877882723
210,4,205,2327.977659812515,14.9,2017,Asia,Gasoline,All-wheel drive,2,19.53628544164599
230,6,207,2873.307410331454,15,2002,Europe,Gasoline,All-wheel drive,-1,16.10913705079978
220,7,130,2586.39987614027,15.7,2018,Europe,Gasoline,All-wheel drive,0,17.13578183944052
230,6,146,2219.3752812044763,13.8,2019,USA,Gasoline,Front-wheel drive,-1,18.536425139733876
180,3,124,3157.380546685467,14.3,2005,Asia,Diesel,All-wheel drive,1,14.18843044340168
160,3,163,2747.93858962374,11.8,2012,USA,Diesel,All-wheel drive,0,16.685870824353792
180,2,122,2537.312131145993,18.3,2003,USA,Diesel,Front-wheel drive,2,16.957002286351955
130,6,108,3340.106677594618,16,2016,USA,Gasoline,All-wheel drive,0,12.011506862536953
230,5,234,2874.9390934437865,15.7,2023,Europe,Gasoline,Front-wheel drive,1,16.65560473336657
240,3,139,3079.7636804163258,15.4,2014,Asia,Gasoline,Front-wheel drive,1,13.447918239772683
170,3,179,3052.9470220558464,18,2010,Europe,Gasoline,Front-wheel drive,-2,14.397352372924196
210,5,143,2632.70437577273,18.3,2006,Europe,Diesel,Front-wheel drive,0,16.572911396996894
130,4,122,2171.735283670679,16.4,2023,Europe,Diesel,Front-wheel drive,0,18.18260152301406
240,3,145,3132.9458350558525,11.9,2011,USA,Diesel,All-wheel drive,-2,14.777016949722038
150,6,154,2787.5600177932342,19.9,2018,USA,Gasoline,All-wheel drive,-2,15.632561259281763
80,12,134,2685.437735836353,14.4,2018,Europe,Diesel,All-wheel drive,0,16.158758281702966
240,1,103,2076.3509845001436,14.3,2002,USA,Diesel,Front-wheel drive,0,19.242425092643177
190,4,206,2267.4738069243767,14.3,2010,Europe,Diesel,All-wheel drive,-1,18.825210807788718
200,4,135,2643.945623508759,17.4,2000,Asia,Gasoline,Front-wheel drive,1,16.16028021912798
180,8,177,2328.0165967682797,16.3,2006,Asia,Gasoline,Front-wheel drive,0,17.926579156681036
140,9,108,2865.8412649380134,12.1,2005,Asia,Gasoline,Front-wheel drive,-2,15.488236153786442
230,4,152,4170.475049276818,12.8,2007,Europe,Diesel,All-wheel drive,0,9.736835541601959
160,5,157,2931.0312916374437,15.9,2017,Asia,Gasoline,All-wheel drive,-1,15.030147457518563
240,6,102,3070.1364786374734,,2001,Asia,Diesel,All-wheel drive,-1,14.0423599236873
160,3,134,2781.0351294182706,15.3,2008,USA,Gasoline,Front-wheel drive,1,16.529717228825902
290,4,154,3666.3067967489715,12.4,2011,Asia,Gasoline,All-wheel drive,0,12.094686548526532
110,2,176,2761.9958505770364,14.9,2016,USA,Diesel,Front-wheel drive,0,16.773067129408414
230,3,193,3423.65229613311,14.4,2006,Europe,Diesel,Front-wheel drive,-1,13.032356317897626
120,6,145,3265.754939118313,14.5,2018,USA,Diesel,All-wheel drive,1,13.890737730331173
210,3,165,3026.3464633403155,20.4,2012,Asia,Gasoline,Front-wheel drive,1,14.551545505223094
270,4,124,3384.984480357557,15.1,2008,Asia,Gasoline,All-wheel drive,-2,12.942742180729761
150,3,107,3382.521765606312,12.3,2006,Asia,Diesel,Front-wheel drive,-1,12.548572981480635
200,5,138,2776.921364198204,14.1,2013,Asia,Diesel,All-wheel drive,0,15.964175187709714
190,3,162,3565.2368789540897,14.5,2014,Europe,Diesel,All-wheel drive,-1,12.658876789418471
210,4,169,2465.6420467180924,12.6,2018,USA,Gasoline,All-wheel drive,0,18.193811493879103
130,1,193,3426.1096239539906,15.3,2012,Europe,Diesel,All-wheel drive,0,13.439577921274777
270,3,204,2562.873158414816,14.4,2006,Europe,Gasoline,All-wheel drive,0,17.770206049732103
70,3,138,2533.5244787265374,16.4,2019,Europe,Gasoline,All-wheel drive,0,16.798896836722882
290,6,97,2900.5622771774915,13.7,2016,Asia,Gasoline,All-wheel drive,0,15.064315886237651
150,5,156,3508.5143346999475,11.9,2008,USA,Gasoline,Front-wheel drive,0,12.792704301010886
140,6,154,2123.69224923327,15.9,2008,USA,Diesel,All-wheel drive,0,18.65866260754935
220,5,153,3254.8218485438038,10.4,2011,USA,Diesel,All-wheel drive,2,14.567024097617127
180,5,184,2363.494302254909,14.5,2009,Asia,Gasoline,All-wheel drive,-1,18.416642865923887
140,4,121,2773.447634668684,14.4,2014,Europe,Diesel,Front-wheel drive,-2,16.246111974795056
130,4,,2113.9496786034542,14,2011,USA,Diesel,All-wheel drive,-2,19.74384950510694
140,2,,3169.434557145863,11.3,2003,USA,Diesel,Front-wheel drive,0,13.9827746272817
240,2,130,3687.5715896084457,13,2020,Asia,Gasoline,All-wheel drive,0,11.359642867068057
200,4,108,2380.011372746509,14.8,2007,USA,Diesel,All-wheel drive,1,17.16372659181034
130,5,146,3090.692479490175,18.5,2004,Europe,Diesel,Front-wheel drive,,13.43345625817199
210,5,155,3496.613342068119,12.7,2007,Asia,Gasoline,All-wheel drive,-1,12.314589539204317
240,3,179,2990.3775499983344,15.2,2010,Europe,Gasoline,Front-wheel drive,2,15.505066846137176
210,4,159,3374.9581171894415,11.3,2010,USA,Gasoline,All-wheel drive,0,13.862719193401096
170,3,180,1771.5548980652186,11.6,2012,USA,Gasoline,All-wheel drive,-2,22.133307329132002
250,6,154,2254.313244733967,13.3,2002,Asia,Gasoline,Front-wheel drive,2,18.92574818627498
220,3,162,2960.4738368846233,15.7,2019,Europe,Diesel,Front-wheel drive,-2,14.392591164249595
130,7,124,3125.8510113706993,11.2,2014,USA,Gasoline,All-wheel drive,-2,14.96750438325363
230,2,154,2986.507792062188,,2003,Asia,Gasoline,All-wheel drive,-1,15.113290418473493
180,,106,3101.906963449533,14.3,2005,USA,Gasoline,Front-wheel drive,0,13.983687172518547
130,0,193,2467.3833949311206,16.7,2013,Asia,Gasoline,Front-wheel drive,0,18.580780722376865
180,3,106,2653.603934986884,17.3,2018,Europe,Diesel,All-wheel drive,2,16.631760361979563
210,6,139,2060.9510670494997,15.3,2008,Asia,Gasoline,All-wheel drive,1,19.559394001132926
220,4,153,2941.6397728894412,,2003,Europe,Diesel,All-wheel drive,0,15.69280240551672
150,5,187,3404.9258919911576,15,2020,Asia,Diesel,Front-wheel drive,0,13.29601850450331
170,5,169,2585.99870190345,17.7,2013,Asia,Diesel,All-wheel drive,-1,17.14210450582509
210,5,138,2263.8696472692263,,2020,USA,Gasoline,All-wheel drive,0,18.49483955720887
220,0,188,2754.3523426740644,12.9,2015,Europe,Gasoline,Front-wheel drive,-1,17.54355844143394
150,4,154,2958.6113706389174,14.9,2023,USA,Gasoline,All-wheel drive,1,15.836099757235038
230,3,159,3377.466961968937,15.3,2008,USA,Gasoline,Front-wheel drive,1,13.986748747114122
180,4,163,2931.6967348489643,16.3,2018,Asia,Diesel,Front-wheel drive,-1,15.051958573773703
180,4,,2583.6959990735004,14.9,2009,Asia,Diesel,Front-wheel drive,,17.260871639425638
200,2,104,2814.8764108437836,14.4,2015,Europe,Diesel,All-wheel drive,0,16.2373633879788
180,8,181,2868.0158262364753,19.4,2011,Asia,Gasoline,Front-wheel drive,0,15.204455216634917
220,3,,2937.8351241251935,11.8,2011,USA,Gasoline,Front-wheel drive,0,15.550559090630216
200,2,152,3500.1607747454104,12.8,2017,Asia,Gasoline,Front-wheel drive,1,12.61885121794471
160,7,99,2959.1787088734163,9.4,2005,USA,Diesel,Front-wheel drive,-1,15.238972703497307
250,2,97,2375.4088803028208,13.9,2010,USA,Diesel,All-wheel drive,-3,17.274115214329658
210,,160,1964.5614688042692,16.5,2013,USA,Diesel,All-wheel drive,0,20.322415803356463
220,4,133,3056.7220248962876,14.8,2009,Asia,Diesel,All-wheel drive,-1,14.038348745520278
190,3,149,2607.1524729917637,16.5,2019,Asia,Diesel,Front-wheel drive,0,16.490854009899802
180,4,174,2553.2011484204622,14.5,2015,Europe,Gasoline,Front-wheel drive,2,16.59669120891517
180,3,212,2228.5705128004884,15.9,2018,Europe,Gasoline,All-wheel drive,0,19.424065557090685
170,3,156,4131.21898483424,15.2,2013,USA,Gasoline,Front-wheel drive,-1,9.218397341148451
90,4,201,3406.4065913770296,17.6,2010,USA,Gasoline,All-wheel drive,,14.01222544587173
200,3,137,3106.992141023875,17.5,2016,Europe,Gasoline,All-wheel drive,-1,13.71988711205612
200,5,121,2083.4172024631857,13,2011,Asia,Diesel,All-wheel drive,0,19.862488984148737
210,3,,2535.1177638447452,,2013,USA,Gasoline,All-wheel drive,,17.946583884502566
220,3,144,2920.9103062514914,14.7,2005,USA,Diesel,Front-wheel drive,1,14.907946705044258
180,9,90,2377.649154076067,15.8,2017,USA,Diesel,All-wheel drive,0,18.576158704822053
200,5,152,1991.1204102021438,13.3,2007,Europe,Diesel,Front-wheel drive,0,20.554457198994168
140,8,145,3328.7477017984334,14.7,2014,Europe,Gasoline,Front-wheel drive,0,13.64559601477211
170,5,128,2902.594728088922,11.3,2001,USA,Diesel,Front-wheel drive,1,15.726637704224666
160,6,151,3826.8034861565984,16.2,2021,Asia,Gasoline,All-wheel drive,0,10.96591734141764
210,4,103,2296.1101973559626,13.3,2007,Europe,Gasoline,Front-wheel drive,1,17.906041880269644
180,4,137,2637.0947634438867,19.6,2014,Asia,Gasoline,All-wheel drive,0,15.922379171648434
250,3,154,2823.9579068926814,16.9,2005,USA,Gasoline,All-wheel drive,0,15.506625815029238
230,2,146,3240.9333537675243,16.7,2009,Europe,Diesel,All-wheel drive,1,13.394771967682809
160,8,197,2873.763945370375,15.8,2008,Asia,Diesel,Front-wheel drive,1,15.878634240602935
170,0,131,3152.2038576139958,12.5,2016,Asia,Gasoline,Front-wheel drive,0,14.740896663752654
260,3,92,2763.024512559643,14,2020,USA,Diesel,All-wheel drive,0,15.875698486254358
210,6,148,3664.1251992453795,14.2,2000,USA,Gasoline,All-wheel drive,1,11.737581878317744
220,4,,2337.477105201148,16,2002,Asia,Gasoline,Front-wheel drive,0,17.63248335396722
230,5,215,2894.7329853793485,14.5,2016,Europe,Diesel,All-wheel drive,-2,16.096467678269768
240,3,134,3476.9354688648837,10.2,2005,Europe,Gasoline,All-wheel drive,0,13.17469941276083
120,3,160,2738.705023154142,18.4,2021,Europe,Diesel,All-wheel drive,1,16.259906136998683
140,1,142,2694.6783899071106,15.7,2011,Asia,Gasoline,Front-wheel drive,2,16.241692306420894
240,7,116,2983.140319510907,15,2007,Asia,Diesel,All-wheel drive,0,14.374118320492197
250,4,165,2784.3795383028896,17.7,2018,USA,Diesel,All-wheel drive,1,15.361882129361485
220,1,160,3185.6024718305935,15.7,2009,USA,Diesel,Front-wheel drive,1,14.437769117450594
110,5,185,2815.838005100362,16.2,2001,USA,Gasoline,Front-wheel drive,0,16.353744111745844
230,,154,2992.193771248432,12.8,2011,USA,Diesel,Front-wheel drive,2,15.699200444202896
270,,137,3163.371582779518,13,2000,Europe,Gasoline,Front-wheel drive,0,13.959840437170053
190,,172,2228.4274587687246,10,2002,USA,Gasoline,All-wheel drive,2,20.027592893346725
170,3,201,2793.13530745296,18.1,2010,USA,Diesel,All-wheel drive,-2,16.051401061014396
170,7,130,2791.617871925648,15.9,2018,Europe,Gasoline,Front-wheel drive,1,15.983281340579657
190,3,153,2449.8196740327553,14.8,2007,Europe,Diesel,All-wheel drive,3,17.708078527854994
160,7,169,2946.6080405108423,17,2000,Asia,Gasoline,All-wheel drive,0,14.989653686075547
200,6,163,2812.9416897569304,21.7,2004,Asia,Gasoline,Front-wheel drive,0,14.69510240036517
280,4,155,2745.3216444006966,12.2,2021,USA,Gasoline,All-wheel drive,0,16.323608849724472
200,2,126,3477.1015763204473,16.6,2020,Europe,Gasoline,Front-wheel drive,1,12.291221504550556
160,3,140,4351.676235644365,20.2,2009,Europe,Diesel,All-wheel drive,0,7.5104451517314965
240,8,188,3448.8038640726118,7.9,2012,USA,Gasoline,Front-wheel drive,1,14.07006207846038
160,5,144,4181.6835852953855,9.8,2006,Europe,Gasoline,All-wheel drive,0,9.597227556814227
180,4,151,2356.5922780401706,16.1,2017,USA,Diesel,All-wheel drive,0,18.336657464163736
190,2,128,3758.8099943509305,18.3,2002,Europe,Gasoline,All-wheel drive,1,10.080626563714144
210,,174,2394.6604314533506,12.6,2007,Europe,Gasoline,All-wheel drive,0,18.54230142416807
200,7,155,3163.134379309112,14.5,2014,USA,Gasoline,Front-wheel drive,-1,14.28141046902511
160,1,117,2566.053214471791,16.3,2018,Asia,Diesel,Front-wheel drive,-1,17.179526557407904
220,7,181,2563.0277765870574,17,2014,USA,Diesel,Front-wheel drive,0,17.411818706767754
220,4,96,2714.4134905679953,14.3,2017,Europe,Diesel,All-wheel drive,-1,16.780878585667047
170,3,189,2944.3146657622815,19,2021,Europe,Gasoline,Front-wheel drive,2,15.026741493035257
210,0,116,2684.9251709337677,12,2020,Asia,Diesel,Front-wheel drive,0,15.986982678964434
180,1,138,3371.8961697394802,12.3,2021,USA,Gasoline,Front-wheel drive,,13.792272140883108
210,,167,3782.6699569524026,11.8,2001,Asia,Diesel,All-wheel drive,1,10.958027917900242
260,3,181,2813.5282907222836,16.8,2014,USA,Diesel,All-wheel drive,1,16.33326106983448
280,,173,3273.4066075607047,16.4,2017,Europe,Gasoline,Front-wheel drive,-2,13.58552799989359
260,3,130,1973.823045732064,,2017,Asia,Gasoline,Front-wheel drive,2,20.135762329378704
110,5,109,3035.500396986614,15.7,2005,Europe,Diesel,Front-wheel drive,1,14.380738209119981
140,7,168,2512.488306685577,9.7,2013,USA,Diesel,Front-wheel drive,1,17.858690076693293
190,6,175,4069.895251369753,13.1,2013,Europe,Gasoline,All-wheel drive,-1,10.011806157165122
220,3,181,2904.2094381148954,9.4,2003,Europe,Gasoline,Front-wheel drive,0,16.347697196545884
260,3,166,3155.4080338601043,12.4,2019,Europe,Diesel,Front-wheel drive,0,14.428395228313894
220,4,153,2927.472647160959,,2008,Europe,Gasoline,All-wheel drive,-1,14.835059773905291
190,3,172,2913.1498674602535,11.1,2016,USA,Diesel,Front-wheel drive,0,16.08313586883507
230,5,,3341.240413560997,9.5,2003,Asia,Diesel,Front-wheel drive,2,13.055472060072967
170,4,183,3344.6982707402785,12.8,2003,Asia,Diesel,All-wheel drive,-1,13.961746914357102
220,3,,3698.050458989434,16.6,2023,USA,Diesel,Front-wheel drive,-1,12.225395503102801
200,2,105,2850.7606526314803,11.5,2008,USA,Gasoline,Front-wheel drive,2,16.294344865275267
280,3,213,2537.557035799028,,2002,Asia,Diesel,Front-wheel drive,0,18.03181184523671
220,1,,2854.3958260980176,14.5,2017,USA,Diesel,All-wheel drive,0,15.950905234447019
250,1,183,2468.444227187152,9.1,2005,USA,Gasoline,All-wheel drive,,18.741081797219337
190,4,,3160.8419893176965,14.6,2020,Europe,Diesel,Front-wheel drive,0,13.947404324105223
160,8,163,4357.404321725273,15.1,2012,Europe,Diesel,Front-wheel drive,-1,8.020977908979162
200,2,162,3360.3779610245606,14.1,2014,USA,Diesel,Front-wheel drive,1,12.927045645600577
150,4,186,2630.1604748685295,11.1,2016,Asia,Gasoline,Front-wheel drive,1,18.261581519175706
180,4,105,2650.28466606863,12.5,2000,USA,Diesel,All-wheel drive,1,16.42327913558772
230,3,167,3437.4152677129855,11.1,2018,Asia,Gasoline,All-wheel drive,-1,14.053320616093767
240,4,137,2471.1726289607786,14.9,2010,Asia,Diesel,Front-wheel drive,0,17.69746014778423
250,5,175,3366.2680149843163,9.8,2011,USA,Gasoline,Front-wheel drive,2,13.401132173741944
210,4,141,3299.87834448812,11.3,2007,Asia,Diesel,All-wheel drive,0,14.345950513279222
240,4,143,1920.803909704075,17.6,2001,Asia,Gasoline,All-wheel drive,-2,20.035227472405474
250,7,162,3548.163581189116,13.6,2004,Europe,Gasoline,All-wheel drive,0,12.904295002142344
200,9,176,2963.2023901841108,15.9,2004,USA,Diesel,All-wheel drive,-1,15.654312257692657
190,4,218,3085.9018209140672,16.5,2013,Europe,Diesel,Front-wheel drive,0,14.83104811889173
230,1,150,3102.7413461783112,,2018,Europe,Gasoline,All-wheel drive,1,14.793827220633524
220,3,148,3241.439940205604,14,2005,Asia,Gasoline,All-wheel drive,-2,14.017171805377133
220,3,97,2949.178294661118,,2001,Asia,Diesel,All-wheel drive,2,14.534493711935825
240,4,131,2746.167444032266,16.5,2007,USA,Diesel,Front-wheel drive,,15.829221110657496
170,4,176,2511.9951274881764,17.9,2005,USA,Gasoline,Front-wheel drive,-1,17.307138262485193
190,,69,2969.2010478561792,13.4,2021,Europe,Diesel,Front-wheel drive,1,14.604096688569186
210,7,134,3602.4865310921496,17.5,2004,Europe,Diesel,All-wheel drive,1,11.314589171630098
180,2,161,3230.5995599462485,15.4,2000,USA,Diesel,All-wheel drive,-1,14.03811844629828
190,0,228,3285.7967849985985,,2012,USA,Diesel,All-wheel drive,1,14.347870004055034
280,5,161,3162.884184339317,14.1,2018,Europe,Gasoline,Front-wheel drive,0,14.100038283906292
270,5,89,3444.9697270360825,16.2,2019,Asia,Gasoline,Front-wheel drive,0,12.066235713325254
290,5,139,2838.0081795446963,17.8,2008,USA,Gasoline,All-wheel drive,-1,15.966169613959806
150,2,172,2948.109771390328,14.3,2016,Europe,Diesel,Front-wheel drive,-1,16.178958677399706
310,2,121,2227.7210514450503,14.6,2015,Asia,Gasoline,All-wheel drive,0,18.854366236418706
240,4,173,2656.9961861862635,,2007,Asia,Diesel,Front-wheel drive,-2,16.545412702080917
260,5,149,3195.081802823529,16.3,2015,USA,Diesel,All-wheel drive,-2,14.00427407651581
240,5,151,3535.451417992528,11,2010,USA,Diesel,All-wheel drive,1,13.215889139950491
230,5,146,2458.4448951009704,,2000,USA,Diesel,All-wheel drive,0,18.073518834823645
280,7,120,2650.091887575056,15.8,2018,USA,Diesel,All-wheel drive,,16.134871827122737
230,6,127,2955.2432611524678,14.9,2017,Europe,Diesel,All-wheel drive,,14.560909913168341
250,6,94,2109.0633702734713,12.9,2021,Europe,Diesel,Front-wheel drive,0,18.6634134745793
160,2,183,2825.5689565345706,14.9,2012,USA,Diesel,All-wheel drive,0,16.90322578517324
220,5,101,2830.405860397143,18,2006,USA,Diesel,All-wheel drive,-1,14.767974345400514
250,4,140,3898.645435231456,18.8,2020,USA,Gasoline,All-wheel drive,-2,9.748932509580174
200,1,134,3837.158420934055,12.9,2017,Asia,Diesel,Front-wheel drive,-2,11.182624107622857
180,7,139,2955.935166198592,,2002,USA,Gasoline,All-wheel drive,0,14.520232226015368
250,4,120,2769.1973894492276,16,2021,USA,Gasoline,Front-wheel drive,0,15.307687060084254
180,4,143,2736.5404497380655,19.7,2015,Europe,Diesel,Front-wheel drive,0,16.22064293338856
170,4,169,3439.5586096864918,13.9,2013,USA,Gasoline,All-wheel drive,,12.972214533076789
200,6,145,2921.3282717888364,15.4,2008,USA,Diesel,Front-wheel drive,0,15.343141215089062
150,4,110,3026.6891760494095,,2006,Europe,Gasoline,Front-wheel drive,1,14.50401648641228
230,,129,3293.645412082237,15.9,2018,USA,Diesel,All-wheel drive,0,13.389067652419847
200,3,125,2698.1481743945637,13.9,2004,Europe,Diesel,All-wheel drive,1,16.218300813363946
270,2,126,3306.5969647346283,16.5,2018,Asia,Gasoline,All-wheel drive,0,12.785780016019038
180,5,160,3505.738588218478,14.9,2021,USA,Gasoline,Front-wheel drive,0,12.763929230157906
190,5,146,3323.570669931609,13.4,2015,USA,Gasoline,All-wheel drive,0,13.705610814976142
180,3,220,2328.9407709138686,17.8,2005,Asia,Gasoline,All-wheel drive,0,18.677842254446954
310,5,100,2121.7177371309926,13.7,2002,Europe,Gasoline,All-wheel drive,-1,19.082200637747317
160,1,219,3214.8239301061667,20.2,2008,USA,Diesel,All-wheel drive,-1,14.215026122967375
230,7,209,3160.194261974915,14.7,2002,USA,Gasoline,Front-wheel drive,1,14.834052609615082
120,2,167,3251.9827970119036,17.8,2020,USA,Diesel,Front-wheel drive,-1,13.444427068731418
100,4,161,3959.247300344774,,2001,USA,Gasoline,Front-wheel drive,-3,10.036061181100846
110,1,159,3095.928315168312,12.2,2005,Europe,Gasoline,All-wheel drive,1,15.162450108289306
210,3,164,2955.5573302927214,13.2,2010,USA,Gasoline,All-wheel drive,1,15.175998973878109
170,0,125,3119.426064083794,15.8,2011,USA,Diesel,Front-wheel drive,2,14.296543995021878
190,2,149,3018.2005012235136,12.4,2017,USA,Diesel,Front-wheel drive,0,15.279495092594727
230,6,210,2730.459701422299,16.8,2005,USA,Diesel,All-wheel drive,-1,15.90276907439901
250,,138,2409.482665593616,10.8,2001,Asia,Diesel,All-wheel drive,-1,18.660182413375782
260,4,153,3183.6642853888593,19,2016,Europe,Diesel,All-wheel drive,1,13.60347892243716
160,,130,2827.5921147442746,12.9,2011,Europe,Diesel,All-wheel drive,0,15.883736820018187
180,6,,3363.510793169068,11.5,2000,Asia,Diesel,All-wheel drive,2,13.567285692275346
280,7,122,2727.565253425624,15.6,2000,Asia,Gasoline,Front-wheel drive,1,16.02475741003044
280,3,145,3278.1811467357275,12.6,2020,Asia,Diesel,All-wheel drive,0,13.729993736701918
160,7,197,3077.740148270611,16.5,2016,Asia,Diesel,Front-wheel drive,,15.033132476552527
260,10,151,3152.3479912925895,10.7,2017,Europe,Gasoline,Front-wheel drive,0,15.00935953102146
170,4,156,3425.5608115666005,16.6,2009,USA,Diesel,All-wheel drive,0,12.758928731449071
230,3,155,3300.109956381331,12.3,2012,Asia,Diesel,Front-wheel drive,0,14.014644570900181
230,3,179,3080.8697829511875,13,2013,Europe,Diesel,All-wheel drive,0,15.2151946580201
220,3,144,2748.484879992846,12.9,2022,Europe,Gasoline,All-wheel drive,-1,16.080688080762886
200,3,185,2923.2226868947746,13.9,2017,Asia,Diesel,Front-wheel drive,-2,16.05314887065433
240,3,134,2215.4200721455595,15.7,2010,USA,Gasoline,Front-wheel drive,1,18.864280791186097
270,4,,3036.8607291141434,12.1,2014,USA,Gasoline,Front-wheel drive,,13.512425851562247
240,,190,3092.000383470403,16.7,2020,Asia,Gasoline,All-wheel drive,1,14.413117942633075
280,3,144,3031.436130188313,11.2,2014,USA,Gasoline,All-wheel drive,1,15.070000668902601
190,3,174,2648.9255206173,11.7,2020,USA,Gasoline,Front-wheel drive,0,17.84813986371649
110,2,144,2915.18370563672,13.2,2013,USA,Gasoline,All-wheel drive,-1,15.346001945987974
210,2,209,3760.420887088718,16.4,2019,Europe,Diesel,All-wheel drive,-1,11.245950060330149
190,8,160,2588.6375446425236,10.6,2014,Asia,Diesel,All-wheel drive,2,17.50791401042417
140,4,,2935.5442773087275,16.1,2004,Asia,Diesel,All-wheel drive,-1,15.466488448576566
120,2,162,3612.5581690644167,15.5,2004,Europe,Gasoline,Front-wheel drive,-2,11.711448263636932
200,,140,2696.9217386881323,11.2,2010,Asia,Diesel,Front-wheel drive,1,16.850926138260647
180,2,181,3378.9308063605727,16.9,2008,Asia,Diesel,Front-wheel drive,1,13.533764063706455
190,4,141,2994.284450910264,18.7,2012,Asia,Gasoline,Front-wheel drive,-1,14.43843979311995
230,3,169,3176.4515627781766,11,2010,Asia,Gasoline,All-wheel drive,-1,15.228031638430908
150,5,198,3690.588099574966,12.2,2014,USA,Diesel,All-wheel drive,1,11.693760710782412
210,4,138,2856.5910086774124,15.1,2002,Europe,Gasoline,All-wheel drive,,15.493408678892486
170,3,124,2769.0296223592177,12.6,2007,USA,Gasoline,All-wheel drive,2,16.183372022692275
250,2,178,2932.7762139652864,13,2020,Europe,Gasoline,All-wheel drive,0,15.720383787989332
240,3,164,2095.4520325845406,18,2012,Europe,Diesel,Front-wheel drive,0,18.93519727072577
240,4,140,1831.6215995828939,19.3,2010,Europe,Gasoline,Front-wheel drive,0,19.84521989368146
170,1,179,2526.869587966996,14.3,2005,Europe,Gasoline,Front-wheel drive,-1,17.927979223238715
200,2,161,2522.3028761070404,9.9,2016,Europe,Diesel,All-wheel drive,1,17.77297716816242
230,3,180,2585.0543037975767,,2021,Europe,Diesel,All-wheel drive,0,16.67709080769064
280,,146,2482.017390611127,15.5,2002,Asia,Gasoline,All-wheel drive,,17.441836072928897
180,3,131,2796.4560083512865,8.6,2008,Europe,Diesel,All-wheel drive,0,16.389997038981104
280,3,136,3654.7479080772596,15.2,2019,Europe,Gasoline,Front-wheel drive,-1,12.026895874215038
170,5,191,3749.6111218418955,10.1,2005,Asia,Gasoline,Front-wheel drive,1,12.258436013070085
280,4,175,2404.2811169767438,14.2,2013,Asia,Gasoline,All-wheel drive,1,18.816803332882838
180,4,124,3097.0737106241386,21,2006,Asia,Gasoline,Front-wheel drive,0,13.547089925308914
310,5,156,3724.0927563620594,,2010,Asia,Gasoline,Front-wheel drive,1,11.245993695476976
240,9,155,2842.309393222054,9.6,2002,Europe,Diesel,Front-wheel drive,0,16.637460666719626
230,2,141,4006.713429277451,,2004,Europe,Gasoline,All-wheel drive,1,9.279280288757864
210,1,170,3316.141057077854,11.5,2012,Europe,Gasoline,All-wheel drive,0,14.17833350779669
100,3,167,2266.302895700325,19.7,2013,Asia,Gasoline,Front-wheel drive,1,18.862906737789846
270,4,129,3139.1268098555997,,2019,USA,Gasoline,All-wheel drive,-1,13.08191149250879
230,7,157,3503.1486513080454,15.6,2014,Asia,Gasoline,Front-wheel drive,-1,13.46898308875016
230,2,148,3499.516295553546,13.3,2021,Asia,Diesel,All-wheel drive,0,12.380561319206675
160,2,170,2867.2765870429535,,2019,Europe,Diesel,All-wheel drive,-2,14.636182683544106
190,3,161,3250.623162383128,15.2,2020,Europe,Gasoline,All-wheel drive,-2,12.836695844041056
120,7,,3240.154469212218,16.8,2002,USA,Diesel,Front-wheel drive,1,13.161290923881776
200,0,167,3022.1174527056464,14.8,2000,Europe,Diesel,Front-wheel drive,0,15.151055664146545
290,5,140,3499.3031675788757,15.2,2003,USA,Diesel,All-wheel drive,,11.904033029371352
180,2,112,3295.7764335077622,,2008,Asia,Gasoline,All-wheel drive,1,12.830946424830383
210,4,,3291.7695617073105,8.9,2001,Asia,Diesel,All-wheel drive,-1,14.146533650958048
200,1,168,3150.4583944753936,12.4,2005,Europe,Diesel,Front-wheel drive,-1,14.106819523500766
190,4,126,3340.2117757894694,14.7,2003,Asia,Gasoline,Front-wheel drive,-1,12.796565916782335
180,6,174,4556.241479872167,15.7,2007,Europe,Diesel,All-wheel drive,1,6.846255872165621
200,6,130,3225.910649075816,,2020,USA,Gasoline,All-wheel drive,-1,13.379105212992094
150,5,172,3880.56812857786,16,2008,Europe,Gasoline,All-wheel drive,-1,10.846835148392639
230,,117,3276.9435805467424,12,2007,Europe,Diesel,Front-wheel drive,-1,13.997134941992178
270,5,,3526.628015512906,12.4,2004,Europe,Diesel,Front-wheel drive,0,11.525630425110496
190,2,146,3250.2205544577837,15.4,2005,USA,Gasoline,All-wheel drive,-1,13.381783062942802
150,4,102,3020.6880322283705,14,2009,Europe,Diesel,All-wheel drive,0,14.493775654202507
210,1,159,3109.2192457990895,11,2020,Asia,Diesel,All-wheel drive,0,15.340653054201889
150,5,150,2243.6039661907853,16.6,2002,USA,Gasoline,All-wheel drive,-2,18.271147947572132
200,2,,3598.607433064662,,2019,Europe,Diesel,All-wheel drive,1,12.050406143209358
190,8,170,2897.112576449679,14.2,2014,Europe,Diesel,All-wheel drive,-1,15.91616797085807
210,1,209,3014.2516226884645,16,2002,USA,Diesel,Front-wheel drive,1,15.965104541125598
170,4,148,2838.15093300604,18.2,2006,Europe,Gasoline,Front-wheel drive,-2,15.74784720806959
130,6,150,2920.23368641358,16,2005,USA,Diesel,Front-wheel drive,-1,15.077742804857639
260,6,144,3225.6505685235848,14.3,2010,Asia,Diesel,Front-wheel drive,1,14.177997148303735
250,2,174,3355.9732689644657,14.3,2009,USA,Gasoline,All-wheel drive,0,13.434137202011703
240,,155,3421.292984755867,15,2021,Europe,Diesel,All-wheel drive,-1,13.101453077889992
250,6,148,3364.3265854808915,12.9,2011,Europe,Diesel,All-wheel drive,0,13.882635471412563
170,3,,2505.9720245670087,18.7,2022,Asia,Diesel,All-wheel drive,-3,16.609586027933084
180,2,196,3759.337651778515,12.7,2014,Asia,Gasoline,All-wheel drive,-1,12.148124958241901
210,5,113,3374.803064420992,15.4,2015,USA,Gasoline,All-wheel drive,-1,12.81239712188728
160,4,206,3129.579140070172,,2010,USA,Diesel,All-wheel drive,-1,15.868318347979146
190,3,130,2535.800981608747,12.6,2013,Europe,Gasoline,Front-wheel drive,0,17.275089744817034
190,4,190,3494.502842330031,17,2011,USA,Diesel,All-wheel drive,0,12.917400957817442
250,6,141,2874.3631347763126,15.4,2014,Europe,Gasoline,All-wheel drive,1,15.542376475158344
190,5,120,3488.0976550288588,15.2,2013,Asia,Gasoline,Front-wheel drive,1,11.688765807963383
250,7,166,3728.7831837807908,15.5,2014,Europe,Gasoline,All-wheel drive,-1,11.311876469859143
140,4,111,2921.9390459858582,,2007,USA,Diesel,All-wheel drive,2,14.783696430665707
120,3,120,3725.4333518120347,15.4,2019,USA,Diesel,Front-wheel drive,0,10.887038251930212
310,6,173,3593.0249846994284,17.9,2001,USA,Gasoline,All-wheel drive,-1,11.462792913470187
200,2,65,3071.246366216321,18.1,2017,USA,Gasoline,Front-wheel drive,-1,13.590030499865431
200,5,129,3214.365156362093,,2003,Asia,Gasoline,Front-wheel drive,1,13.326226083401474
260,2,198,3436.6908652687334,15.1,2018,Europe,Gasoline,Front-wheel drive,0,12.586566642165545
270,1,181,1925.6672265328916,13.3,2011,USA,Diesel,All-wheel drive,0,20.158527516700616
150,2,177,3927.5869709041226,12.8,2011,USA,Diesel,Front-wheel drive,0,10.758283339161494
210,7,179,3546.122222811928,11.6,2018,Europe,Diesel,Front-wheel drive,1,12.774197518259545
190,4,239,3966.026004376866,15.8,2014,USA,Diesel,Front-wheel drive,0,11.161893890579542
120,5,177,2908.8554883776624,,2022,Asia,Diesel,All-wheel drive,0,14.797517251081064
130,4,175,3172.353575178601,14.6,2009,Europe,Diesel,All-wheel drive,1,14.144428736219961
240,4,162,3273.3493579518226,12.8,2016,USA,Gasoline,All-wheel drive,-1,13.854966990634273
120,6,166,2830.388217278674,12.4,2012,Asia,Gasoline,All-wheel drive,0,17.416853028537723
130,6,137,3299.7962333885307,16.3,2013,USA,Diesel,All-wheel drive,0,13.33131871967879
210,4,168,2511.2391514246024,13.6,2016,Asia,Gasoline,Front-wheel drive,-1,17.839725821922233
180,7,157,2106.015636708027,14.9,2010,Europe,Gasoline,All-wheel drive,-1,19.340792588146936
140,4,186,3689.4500446358024,14.1,2015,Asia,Diesel,Front-wheel drive,0,11.415556662904994
220,3,138,2861.0237687788303,11.2,2012,USA,Diesel,Front-wheel drive,,15.592078008432296
220,2,145,2884.438990739156,,2006,Asia,Gasoline,Front-wheel drive,1,15.56801074538038
190,8,123,3182.704176496761,15.6,2001,USA,Diesel,All-wheel drive,-1,14.123574338759058
210,3,142,2814.988823620204,13.3,2021,USA,Diesel,Front-wheel drive,-1,15.891144845087704
220,4,,3077.686507792919,11.8,2000,USA,Gasoline,All-wheel drive,-1,14.874287975557468
150,2,137,2516.338776501269,11.8,2008,USA,Diesel,All-wheel drive,0,17.076087720708763
150,5,163,3352.592084102188,18.7,2006,Europe,Diesel,All-wheel drive,-1,12.261242169971084
180,5,138,2723.880185700003,12.9,2022,USA,Diesel,Front-wheel drive,1,16.763180834287564
240,5,127,3763.1374496182225,14,2010,Europe,Gasoline,All-wheel drive,0,10.79875605156866
190,4,111,2527.5509683316977,14.5,2017,Europe,Gasoline,Front-wheel drive,0,17.421352651068926
160,2,181,3378.6891163030386,14.3,2020,Asia,Gasoline,Front-wheel drive,1,13.497590583115718
200,5,129,2746.128126752304,9,2003,USA,Gasoline,Front-wheel drive,0,16.583027050734998
230,2,158,2321.8976112649093,14.1,2005,Europe,Gasoline,Front-wheel drive,2,19.766546179034858
150,1,149,3530.587908666291,11.2,2016,Europe,Diesel,All-wheel drive,1,12.524011447852251
210,3,131,3138.804847774555,12,2014,Europe,Diesel,Front-wheel drive,1,14.299761214810271
150,5,156,3024.653306331296,18.8,2012,Europe,Diesel,All-wheel drive,-2,14.551006478392198
220,2,97,2368.650629612708,,2011,Europe,Diesel,Front-wheel drive,0,17.79664817344395
190,2,85,1884.9116836652452,15.2,2012,Asia,Gasoline,All-wheel drive,1,20.437536168353343
140,6,187,3811.9791979520915,16.3,2013,Europe,Gasoline,All-wheel drive,-1,10.547664149798317
240,5,112,3142.1725959249347,17,2010,Europe,Gasoline,Front-wheel drive,0,13.376061756193225
150,2,178,3192.1019081687796,,2000,Europe,Gasoline,All-wheel drive,-1,14.360443995623072
290,4,116,3258.019866088996,,2015,Asia,Diesel,All-wheel drive,-3,13.432543432941776
130,4,184,1802.4450159073826,14.7,2008,Europe,Diesel,All-wheel drive,0,21.906908211990753
160,3,142,3334.984514409662,12.2,2010,USA,Gasoline,All-wheel drive,0,13.984034520657632
80,4,148,3556.3201049423883,14.8,2007,Europe,Diesel,Front-wheel drive,0,12.117801620116612
270,5,149,4036.4445347454616,13.1,2013,USA,Diesel,Front-wheel drive,1,9.628330607516922
220,6,190,2670.013884835116,12.2,2005,USA,Gasoline,Front-wheel drive,0,16.68225730160399
110,3,172,2909.217625522406,19.1,2021,Asia,Diesel,All-wheel drive,0,15.293381462870357
190,,201,2832.711790942865,18.8,2018,USA,Diesel,Front-wheel drive,1,15.655073455471978
180,,125,2860.175788135285,15.3,2012,USA,Gasoline,Front-wheel drive,,15.322821204362203
150,4,98,1772.3189250331704,21.8,2009,Europe,Gasoline,Front-wheel drive,0,19.94375543510638
220,3,159,2531.7963441251777,13.2,2008,USA,Gasoline,Front-wheel drive,0,17.173113269292127
140,4,122,2580.8462418482327,12.7,2022,USA,Diesel,All-wheel drive,-1,17.57278177298142
270,3,129,3640.1459652234457,17.4,2011,Asia,Gasoline,Front-wheel drive,-1,11.405063751281952
200,,,3072.686235521269,15.6,2002,USA,Diesel,All-wheel drive,,14.19739862556121
200,4,136,2723.1334759811343,15.9,2021,Europe,Gasoline,All-wheel drive,0,15.94519459581774
180,8,92,3700.1583350348506,,2007,Asia,Diesel,Front-wheel drive,-1,11.136136348521754
220,1,195,2971.6747182330155,17.1,2013,USA,Diesel,Front-wheel drive,1,16.30625271103592
200,6,180,2859.4926909373917,17.3,2008,USA,Gasoline,Front-wheel drive,-1,15.94799223252534
220,6,162,2481.61359743177,14.1,2023,Europe,Diesel,All-wheel drive,1,17.908934581803553
260,,156,3943.333483199137,18,2002,Europe,Diesel,Front-wheel drive,0,9.955879380674599
170,3,182,3844.045436265185,12.6,2010,Asia,Gasoline,Front-wheel drive,,11.797775777041336
160,4,,3276.8891457611276,12.6,2009,Asia,Gasoline,Front-wheel drive,0,14.09131634376321
200,3,158,2872.592224245125,16.4,2006,Asia,Diesel,All-wheel drive,2,15.341872091114011
190,1,,3843.634793623529,15.5,2003,Europe,Diesel,All-wheel drive,1,11.602584712680333
150,4,138,3385.8467564769862,16,2004,Asia,Diesel,All-wheel drive,0,13.116240298799381
120,6,94,4031.934251982004,13.3,2022,Asia,Gasoline,Front-wheel drive,1,9.294321128903762
220,1,208,3392.1351741294047,17.4,2016,Europe,Diesel,All-wheel drive,0,13.62706013704215
200,2,210,2154.955286795571,14.9,2014,USA,Diesel,Front-wheel drive,-1,20.312336334815196
270,8,116,2616.086501829494,17.4,2014,USA,Diesel,Front-wheel drive,-1,17.25194082908821
210,3,173,2895.286190907099,19.9,2022,Europe,Diesel,All-wheel drive,1,14.826416196702638
240,4,162,3063.741129216613,13.6,2001,USA,Gasoline,All-wheel drive,2,15.130336456644788
180,7,182,2788.009187685582,15.4,2015,USA,Gasoline,All-wheel drive,-1,16.318485284457836
150,4,174,2142.1492517815013,15.2,2001,Asia,Gasoline,Front-wheel drive,1,19.568856171685496
140,3,154,3218.7954439783175,15.9,2011,Asia,Diesel,All-wheel drive,0,14.24324046239458
210,4,127,3417.8406034646773,15,2012,USA,Diesel,Front-wheel drive,1,12.865734572823477
250,4,192,3508.4236103871153,16.1,2006,Europe,Gasoline,All-wheel drive,0,12.540196952350069
210,6,204,2035.6778856792878,13,2019,USA,Diesel,All-wheel drive,-2,20.481254278554168
230,1,96,2591.3759727979686,15.8,2018,USA,Gasoline,All-wheel drive,0,16.28631812038412
140,1,,2378.3346322348493,13.3,2010,Asia,Diesel,Front-wheel drive,0,18.574235432621972
160,,178,3087.8269329468017,18.6,2002,USA,Gasoline,Front-wheel drive,0,13.774168004547228
220,1,139,2220.55927636571,17.7,2018,Asia,Gasoline,Front-wheel drive,-2,18.608842216366277
200,2,112,2847.6056062749517,11.2,2001,Europe,Diesel,Front-wheel drive,0,15.369186950626494
140,5,140,3409.168335448127,11,2010,Asia,Diesel,All-wheel drive,0,13.364536530462622
210,,166,2738.7481203338025,13.7,2015,USA,Diesel,All-wheel drive,,16.631291902938948
190,1,177,3112.9726649199065,14.7,2002,USA,Diesel,All-wheel drive,-1,14.999821855753268
200,5,77,3237.1857444444813,16.3,2013,USA,Diesel,Front-wheel drive,0,12.879768915526776
200,2,213,1813.264387045694,13.8,2014,USA,Gasoline,Front-wheel drive,-1,22.253795535777083
110,,159,3634.283067553124,,2022,Asia,Diesel,All-wheel drive,-1,10.828309554684202
130,4,,3232.905468415727,15.3,2007,USA,Gasoline,Front-wheel drive,1,14.119999677365534
200,5,143,3159.4021499254804,13,2017,USA,Diesel,Front-wheel drive,1,13.66131327264225
180,4,127,2225.653595407226,16.1,2020,USA,Diesel,Front-wheel drive,0,19.612624130354618
170,0,,3190.074378875568,16.7,2004,Europe,Gasoline,All-wheel drive,1,14.866695423277116
180,2,182,1994.4848053159803,13.3,2019,Europe,Gasoline,All-wheel drive,0,20.13393965241562
240,5,168,2759.3361134219763,14.9,2003,USA,Gasoline,Front-wheel drive,-1,17.040142928953912
230,0,167,3007.439138333833,11.5,2006,Asia,Diesel,All-wheel drive,0,15.183994367433522
190,2,133,3995.9507115613587,16.6,2021,Asia,Diesel,Front-wheel drive,1,9.755833760438154
240,1,139,2977.2819873567128,12.3,2015,Europe,Gasoline,All-wheel drive,1,15.518128041385859
130,5,125,2936.2953570891414,13.5,2019,Asia,Diesel,All-wheel drive,1,15.34692582852178
210,5,,2675.0809349161245,17.7,2015,Asia,Diesel,All-wheel drive,0,17.22059032442944
240,4,186,3433.1340850832817,15.6,2016,Asia,Diesel,Front-wheel drive,0,13.389268455176554
230,8,151,3225.7569098151985,16.4,2006,Europe,Diesel,All-wheel drive,0,12.989651754050868
180,8,177,2954.6020322418062,20.4,2018,Asia,Gasoline,All-wheel drive,0,15.594650497720234
230,7,,3392.556951711093,15,2005,USA,Diesel,All-wheel drive,-2,12.993520891039482
130,4,139,3562.8358277889674,13.5,2005,USA,Diesel,Front-wheel drive,0,11.830349186809261
210,2,143,2695.3116824008994,18.5,2015,USA,Gasoline,All-wheel drive,2,16.198256733182838
190,4,189,3399.697410194452,14.2,2005,USA,Diesel,Front-wheel drive,1,13.581128842619108
90,,179,2637.1932023635086,20,2003,Europe,Diesel,All-wheel drive,1,17.005829001570607
160,7,153,3341.0224870579154,,2016,Asia,Diesel,Front-wheel drive,-1,13.89660657590872
170,2,120,3452.8345255840545,12,2022,USA,Diesel,Front-wheel drive,-1,13.291872128809816
120,3,,3063.088387114362,14.8,2007,USA,Diesel,Front-wheel drive,-1,14.093325467174225
120,6,145,3320.532977976317,14.4,2002,Asia,Gasoline,All-wheel drive,0,13.246062719574397
170,2,136,2668.8031380982193,17.3,2004,Asia,Diesel,Front-wheel drive,,16.715269733529414
130,6,128,3492.6820874705463,16.3,2016,Europe,Diesel,Front-wheel drive,1,12.199854480117304
180,4,182,3787.027230240537,14.2,2022,Asia,Diesel,All-wheel drive,-2,11.034492774490712
210,4,124,3080.93387207353,15.2,2005,Europe,Diesel,Front-wheel drive,,14.708941281057543
190,1,171,3134.7349435632173,15.4,2021,Asia,Gasoline,Front-wheel drive,1,14.849176137977304
240,1,,2311.440344658553,16.4,2006,Europe,Gasoline,Front-wheel drive,0,18.00811714895167
250,3,141,3345.2802579347826,15.6,2002,Asia,Diesel,All-wheel drive,-1,13.417825039781173
230,8,73,2774.9244276709956,12.7,2015,Europe,Diesel,Front-wheel drive,0,15.775638705192323
190,4,134,3549.741146143186,18.2,2005,Europe,Diesel,All-wheel drive,0,12.055468915806133
270,2,163,3388.173746979668,16.3,2016,USA,Diesel,All-wheel drive,-1,13.342995276768153
300,3,102,2769.429335440867,12,2015,Asia,Gasoline,All-wheel drive,1,16.167253733873476
100,5,149,2879.8885958679684,16,2008,USA,Gasoline,All-wheel drive,-1,14.83259190729279
220,4,117,3648.0588034844914,20.5,2020,Asia,Diesel,All-wheel drive,0,11.25806632444166
190,4,203,3084.038558982353,,2010,Europe,Gasoline,All-wheel drive,-3,14.527356288391665
220,4,177,2622.1755921970107,16.2,2023,USA,Gasoline,All-wheel drive,1,17.332266327516365
180,1,134,3255.4181681865657,17.6,2021,USA,Diesel,All-wheel drive,2,13.03358272498055
160,3,112,3438.5490520005433,10.7,2009,Asia,Gasoline,All-wheel drive,0,13.295622213871725
100,1,167,2757.064668359715,18.2,2008,Europe,Diesel,Front-wheel drive,0,15.819865767703734
180,1,149,3169.4714328210134,16,2000,USA,Gasoline,All-wheel drive,0,13.573752747125289
210,4,167,2129.9111981646156,,2004,Europe,Gasoline,Front-wheel drive,0,20.12353198709759
230,4,155,2856.0046966795826,14.4,2001,USA,Gasoline,All-wheel drive,-1,16.21276161881798
150,4,144,3074.1763580010115,14.2,2010,Asia,Diesel,All-wheel drive,,14.823419772417711
140,6,,2783.0904816719312,14.6,2014,USA,Diesel,Front-wheel drive,0,15.58490663747839
260,4,172,3061.3622173109698,14.3,2011,USA,Diesel,Front-wheel drive,0,15.813603687372058
270,6,176,3309.919494078056,15.3,2016,Asia,Gasoline,All-wheel drive,0,13.898586086621107
180,8,212,2264.8444783658438,11.8,2016,USA,Gasoline,All-wheel drive,0,19.975093772050883
220,1,162,3565.6338859528296,16.6,2007,Asia,Gasoline,Front-wheel drive,-2,12.353927331115505
240,3,177,2902.972309001714,12.1,2015,USA,Diesel,Front-wheel drive,0,16.125222827817236
200,4,200,3656.0977686211622,14,2011,Europe,Diesel,Front-wheel drive,1,12.209244566946014
220,5,165,3081.0002174217766,12.9,2021,Asia,Gasoline,All-wheel drive,0,15.372315416200129
260,4,147,2727.8342883184896,11.6,2002,Asia,Diesel,All-wheel drive,1,17.389980662097642
190,3,139,3346.29020673348,14,2015,Asia,Diesel,All-wheel drive,-1,13.312669006049891
180,,151,2622.195049606616,,2022,Europe,Diesel,All-wheel drive,0,16.527305117338017
180,7,95,3327.166336085333,13.5,2022,Europe,Gasoline,Front-wheel drive,0,13.038337808247674
220,4,160,3017.4788192985,11.1,2018,Europe,Diesel,All-wheel drive,1,15.883052746335864
240,4,153,3236.946854946809,16.5,2017,Asia,Diesel,Front-wheel drive,1,13.80510086326243
210,3,138,3046.5484929799304,13,2015,USA,Gasoline,Front-wheel drive,-1,14.511862328307817
110,4,106,3323.520417840993,12,2018,Europe,Gasoline,Front-wheel drive,0,13.371730327681385
240,6,95,3293.3317499092973,16.1,2015,USA,Diesel,Front-wheel drive,0,13.623649359808201
130,2,,3262.1119413225692,15,2000,Asia,Gasoline,All-wheel drive,0,13.064913982519673
220,4,172,3440.710296252909,16.2,2007,Europe,Diesel,Front-wheel drive,1,13.278431114117154
230,3,164,3226.956161943282,13.9,2010,Europe,Gasoline,Front-wheel drive,-1,14.22562878979304
210,3,153,2021.4608322386894,17.4,2001,Asia,Diesel,All-wheel drive,,19.539645192508367
220,5,130,3136.377180604866,14.8,2013,Europe,Diesel,All-wheel drive,0,14.533795567220649
240,2,182,3203.2095246838066,16.9,2023,USA,Diesel,All-wheel drive,-2,13.777714233287794
220,6,128,3200.923745990178,18.9,2022,Asia,Gasoline,All-wheel drive,,13.675439520322
200,5,144,2828.316640621033,11.8,2012,USA,Diesel,Front-wheel drive,0,16.660996841317584
170,2,107,3323.3710709797156,18.9,2012,Europe,Diesel,Front-wheel drive,-2,12.226849038781594
290,2,,2910.8255601146793,15.4,2023,Europe,Gasoline,All-wheel drive,0,15.300117979983288
140,2,166,2258.4890446264353,17.1,2009,USA,Diesel,All-wheel drive,,18.924932359820584
160,2,246,2713.006566237381,17.8,2023,USA,Diesel,Front-wheel drive,-2,17.133920580326713
230,2,135,2810.6188243916513,16.1,2013,Europe,Diesel,Front-wheel drive,0,16.027775443590226
250,,102,2769.995756806175,12.7,2019,USA,Gasoline,All-wheel drive,1,15.544817338614187
160,4,128,2325.74566299082,14.4,2023,Asia,Gasoline,Front-wheel drive,,18.225105764514797
190,6,168,2842.086475989411,15.3,2008,Europe,Diesel,All-wheel drive,1,15.893658408215414
250,6,152,3251.1039710543023,12.5,2018,Europe,Diesel,Front-wheel drive,0,14.500804103874007
180,6,,3525.993115798337,17.9,2010,USA,Diesel,All-wheel drive,2,11.546019334920214
180,,,3333.477342984496,14.2,2002,USA,Gasoline,Front-wheel drive,1,13.71840447978874
240,5,158,2098.0739247135307,16.2,2008,Asia,Gasoline,Front-wheel drive,0,19.179254128667736
170,5,168,2500.3985701044735,14.1,2022,USA,Gasoline,All-wheel drive,0,18.020878050987765
250,3,,2599.4851198104507,17.6,2021,Europe,Gasoline,All-wheel drive,-2,17.14477927744227
130,0,170,3733.460980970084,12.5,2006,USA,Gasoline,Front-wheel drive,-1,11.806293593819515
320,5,90,3050.9606976513946,18.9,2005,Europe,Gasoline,Front-wheel drive,1,13.744935227247208
200,1,166,3362.9864185824727,14.3,2010,USA,Diesel,Front-wheel drive,0,13.166898945328905
290,5,126,3780.2870309583454,23.8,2002,USA,Diesel,Front-wheel drive,0,10.088859842235463
140,6,155,3417.5264624975316,12.8,2004,Asia,Diesel,Front-wheel drive,-2,13.533439464213258
250,4,,3064.9847934677923,12.7,2003,Asia,Gasoline,All-wheel drive,-1,14.835932130793065
210,2,188,3807.898528389386,15.1,2003,Europe,Gasoline,All-wheel drive,0,10.308397129392626
220,5,141,3539.674997926199,22.6,2016,USA,Gasoline,Front-wheel drive,,11.41044766673992
200,3,150,3431.958178494735,,2019,Asia,Diesel,Front-wheel drive,0,13.72010863873672
120,3,92,3749.61838600935,13,2004,USA,Gasoline,All-wheel drive,,10.99222197229808
200,3,184,3006.164369681861,9.9,2017,USA,Diesel,Front-wheel drive,0,16.190652971220498
180,5,153,2310.693217201378,,2010,Asia,Gasoline,All-wheel drive,1,17.774210140870096
190,6,,3711.5022426705264,15.2,2003,USA,Gasoline,Front-wheel drive,1,11.422157034007885
240,3,138,3247.184717482956,14.8,2011,Europe,Diesel,All-wheel drive,0,14.208060222240332
300,5,128,3954.6700880113376,15.6,2001,USA,Gasoline,Front-wheel drive,1,9.35654128412264
160,4,162,3331.3765815106835,16.1,2004,Asia,Gasoline,Front-wheel drive,0,13.616606599055945
210,5,135,3208.7326786788344,14.6,2005,Europe,Diesel,Front-wheel drive,1,13.876859655843854
210,7,121,2811.3895545068253,,2009,USA,Gasoline,All-wheel drive,0,15.978583359435651
150,4,149,2112.7624628730664,12.6,2010,Europe,Gasoline,All-wheel drive,0,19.67135383733686
160,5,65,3103.9258863130813,13.2,2006,USA,Diesel,Front-wheel drive,1,13.789167206274257
190,4,168,3629.2194771712047,13.9,2013,USA,Diesel,Front-wheel drive,1,12.269049257221901
260,3,200,2943.0481195364227,16,2007,USA,Gasoline,Front-wheel drive,0,15.2466960016394
350,3,192,2788.4090113088346,14.4,2003,USA,Gasoline,Front-wheel drive,0,16.61471359016378
250,6,,2835.0799214795898,16.6,2005,Europe,Diesel,Front-wheel drive,1,16.190748929798033
190,5,174,3829.0474898327357,15.3,2011,Europe,Diesel,All-wheel drive,2,11.29035770243686
250,2,80,2535.487972921465,14.7,2017,USA,Gasoline,All-wheel drive,0,16.89388292025751
330,1,130,3564.8804311311133,15.6,2013,Asia,Gasoline,All-wheel drive,0,12.134164532294625
190,5,115,2644.814199030676,,2004,USA,Diesel,Front-wheel drive,0,17.23447496042546
140,,133,2576.5055165045305,20.3,2017,Europe,Gasoline,All-wheel drive,-1,16.27697385975854
220,2,127,2475.0202123279223,15,2004,Europe,Diesel,All-wheel drive,0,17.24138647973602
200,2,135,3022.9028097248065,15.1,2019,Asia,Gasoline,Front-wheel drive,0,14.828244173677096
220,6,,3253.8399678236337,16.1,2009,USA,Diesel,Front-wheel drive,1,13.322117407414138
240,3,144,2912.3160931969096,16.4,2001,Asia,Diesel,All-wheel drive,0,15.095010057412567
210,6,178,3527.1927531050087,14.1,2020,Asia,Diesel,Front-wheel drive,-2,12.66231564551501
190,4,115,4457.44660764925,13.9,2016,Europe,Gasoline,Front-wheel drive,0,7.4414817596200535
170,1,131,3110.962779465644,,2017,USA,Diesel,Front-wheel drive,1,14.790676199328033
170,2,157,3882.958551570783,15.5,2014,Europe,Diesel,All-wheel drive,0,10.761234056034933
200,7,148,3173.7884218137797,15.3,2016,USA,Gasoline,All-wheel drive,0,14.530472297770494
140,3,168,3181.4501789610003,13.3,2005,Asia,Gasoline,All-wheel drive,-1,14.12337259217411
280,6,,2492.538634667888,11.3,2003,USA,Diesel,All-wheel drive,,17.874912305085388
240,2,,2929.5483389020865,13.5,2002,Asia,Gasoline,All-wheel drive,0,15.034669988597571
240,1,161,3261.1709039814796,15.1,2008,Asia,Diesel,Front-wheel drive,1,13.416774085008983
200,3,134,2320.964496656943,16.4,2017,Europe,Diesel,Front-wheel drive,-1,18.211617337314223
190,5,178,2897.219431601042,10,2009,USA,Gasoline,Front-wheel drive,0,16.585701701389862
140,4,191,2332.2574406454123,16.1,2005,USA,Diesel,Front-wheel drive,1,19.134363615461595
240,7,145,2926.323356452277,13.5,2004,Europe,Diesel,Front-wheel drive,1,15.395912734115624
190,6,87,3111.0583931146034,17.8,2015,USA,Gasoline,All-wheel drive,1,13.01965404331235
200,2,153,3477.5243015041788,18.6,2019,Asia,Diesel,All-wheel drive,0,12.24816711343402
120,2,99,2977.701086988401,16.8,2022,Europe,Diesel,Front-wheel drive,1,14.65709315544752
270,1,150,2795.9398257296416,15.7,2020,Asia,Gasoline,Front-wheel drive,,15.780877496168007
170,6,,2760.0562263337483,14.6,2000,Asia,Diesel,Front-wheel drive,-1,16.750702362147806
200,3,130,2745.8531138728044,17.7,2002,Asia,Diesel,All-wheel drive,1,15.180004289236676
200,2,139,3218.998815565152,13.9,2015,USA,Gasoline,All-wheel drive,0,14.43305346572381
240,,139,2359.9238412738305,17.1,2003,Europe,Diesel,All-wheel drive,,18.126915737135917
110,7,205,2436.5964749000163,13.6,2020,Asia,Gasoline,Front-wheel drive,0,18.28136970379709
270,6,194,3164.6398275196707,17.6,2018,Asia,Gasoline,Front-wheel drive,0,14.343300146895126
260,3,178,3826.148976615838,17.1,2017,Europe,Gasoline,Front-wheel drive,1,11.095620137538361
180,5,159,3380.7354461676705,,2009,Europe,Diesel,Front-wheel drive,0,13.85052123182784
210,6,155,3024.79874526653,17,2017,Asia,Gasoline,All-wheel drive,1,14.829609561536431
190,1,132,2783.1276293023707,14.7,2009,USA,Diesel,All-wheel drive,-2,16.362578828469204
160,3,204,2842.8136446795666,14.6,2010,USA,Diesel,Front-wheel drive,-2,16.16095424670597
150,4,139,3371.168118005933,15.8,2002,USA,Diesel,Front-wheel drive,-1,12.908437528519384
260,5,186,2808.13576723221,12.9,2008,USA,Diesel,Front-wheel drive,1,16.90248179156568
160,2,162,3012.960103891001,16.2,2022,Asia,Diesel,Front-wheel drive,1,14.970254741411205
230,2,182,2274.789700470973,17.5,2018,Europe,Diesel,All-wheel drive,-1,18.55462397483644
260,1,169,2009.1203517751755,19.3,2011,Asia,Gasoline,Front-wheel drive,-1,19.64581466194033
200,7,144,2756.3762960003055,14.6,2018,Asia,Diesel,All-wheel drive,-2,15.72410872404468
140,12,171,2915.3938384983285,13.7,2011,Europe,Gasoline,All-wheel drive,-1,16.007346409838895
270,5,132,3511.5376354308073,13.7,2010,Asia,Diesel,All-wheel drive,-1,12.376122989261688
120,2,151,3631.1095225791114,13.6,2022,USA,Gasoline,Front-wheel drive,-2,11.631351552144418
160,4,146,2769.536292349527,11.3,2021,USA,Diesel,Front-wheel drive,0,16.585583804585575
200,5,129,2728.8364574162606,18.8,2000,Europe,Diesel,All-wheel drive,,15.707157313350189
180,6,145,2712.2096089168,,2015,Europe,Diesel,All-wheel drive,-1,15.918546093202265
110,1,136,3097.3232137227797,15,2023,Asia,Gasoline,Front-wheel drive,-1,14.526024257280543
220,6,139,2554.858220224446,16.2,2003,Asia,Gasoline,All-wheel drive,-2,17.513067351027892
200,9,136,2400.343472186754,14,2005,USA,Diesel,All-wheel drive,0,18.2475414485407
140,,89,3682.120553066303,16.4,2014,USA,Diesel,All-wheel drive,0,11.179958993956976
310,5,199,3898.984295299778,13.6,2021,Asia,Gasoline,All-wheel drive,2,11.192070933791717
200,5,161,2837.6881570195396,17.6,2005,Europe,Gasoline,Front-wheel drive,0,16.421668795921207
300,1,155,3244.8715020691675,11.7,2019,Europe,Diesel,Front-wheel drive,0,13.95445451168956
260,2,114,3805.360968730772,12.3,2014,USA,Gasoline,All-wheel drive,0,11.15823821468405
220,4,147,2876.510991461152,17.4,2003,Asia,Diesel,All-wheel drive,-1,15.390897148999189
160,4,171,2669.224251717503,16.1,2015,Asia,Diesel,Front-wheel drive,-1,16.973268139591756
230,3,166,3085.9105244766497,12.3,2010,USA,Gasoline,All-wheel drive,1,15.215125192034247
220,3,151,2452.352140979308,18.6,2006,Europe,Diesel,All-wheel drive,0,17.45805384357998
150,7,194,2569.8510389061494,,2023,Europe,Diesel,All-wheel drive,0,16.93732230632502
70,2,164,3415.8427461612437,15.4,2002,USA,Gasoline,Front-wheel drive,2,12.96352649625836
180,6,122,3594.792875902779,13.1,2009,USA,Gasoline,Front-wheel drive,2,12.180185758436005
200,4,143,2967.9568142266025,15.6,2011,Europe,Diesel,Front-wheel drive,1,14.809652070619341
180,5,154,3814.5449442579247,15.6,2009,Europe,Diesel,Front-wheel drive,0,10.876280381580687
210,4,164,2443.7374300302126,15.5,2015,USA,Diesel,All-wheel drive,-1,18.015453189580892
200,2,154,3788.879322128075,15,2003,Asia,Gasoline,All-wheel drive,1,11.360026061555226
190,4,119,2632.979611769869,14.2,2018,USA,Diesel,All-wheel drive,2,16.380408247292532
200,5,111,3520.118340642014,16.9,2002,Europe,Gasoline,Front-wheel drive,-1,11.39146041488907
200,4,224,2625.2481082116074,16,2003,Asia,Gasoline,All-wheel drive,2,17.52087753840605
220,4,116,2321.0925526334777,15.5,2009,Asia,Gasoline,Front-wheel drive,-1,17.575918671087983
120,2,165,2890.2707973097454,17.2,2002,Europe,Diesel,All-wheel drive,0,15.871611941228036
230,2,145,2501.9002912345286,10.4,2005,USA,Diesel,Front-wheel drive,3,18.112090268785657
240,3,166,3272.0962517173048,17.2,2017,Europe,Diesel,All-wheel drive,-1,13.380806690084512
210,2,125,4027.506045277025,11.3,2009,USA,Gasoline,Front-wheel drive,-1,10.507014982860145
200,4,186,3034.5057048191593,15.7,2007,Asia,Gasoline,All-wheel drive,2,14.357135363556432
190,6,130,2302.167701251082,16.3,2016,Europe,Diesel,All-wheel drive,0,18.096439812279918
150,3,,3301.4534597915426,17.2,2017,Asia,Diesel,All-wheel drive,0,13.115412015544647
190,2,170,2452.4689879299167,13.2,2001,Asia,Gasoline,Front-wheel drive,2,18.354411498030302
210,5,109,2803.462919722775,17.8,2013,USA,Gasoline,All-wheel drive,-1,14.765176725432516
240,3,180,3031.0580422277394,17.3,2012,Europe,Diesel,Front-wheel drive,1,14.94437706108141
250,1,184,2523.4505864969683,13.3,2005,Europe,Gasoline,All-wheel drive,1,17.52817005851647
180,1,145,3012.9722240806595,11.5,2015,Asia,Gasoline,All-wheel drive,-1,14.719060277074119
200,,99,2686.102861550842,15.1,2017,Asia,Diesel,All-wheel drive,2,16.940438225283707
220,3,187,2226.378942604176,11,2020,Europe,Diesel,All-wheel drive,1,20.099519521702693
160,4,151,3300.93530300842,16.4,2016,USA,Gasoline,All-wheel drive,0,13.587868777765246
150,7,139,1816.89789396387,12,2014,Asia,Diesel,Front-wheel drive,1,21.156614273793817
170,5,156,2996.480492606156,15.6,2002,Asia,Diesel,Front-wheel drive,0,14.296805110640497
200,2,131,3226.2869907714057,15.9,2002,Europe,Diesel,Front-wheel drive,0,13.940699990570275
200,7,197,2612.549133090679,,2012,USA,Gasoline,All-wheel drive,0,17.102782378095
320,3,158,3279.3887270191553,17.7,2013,Europe,Diesel,All-wheel drive,,13.207043454112949
170,3,119,3195.5855852420705,15,2020,Europe,Diesel,All-wheel drive,-1,13.69964274369092
200,3,193,3614.5876703425142,13.2,2008,USA,Diesel,All-wheel drive,-1,12.664059664427974
200,4,149,4391.721448186889,14.7,2012,Asia,Diesel,All-wheel drive,,7.597096281869575
200,3,177,2070.202821648223,14.4,2005,Asia,Diesel,All-wheel drive,0,19.59910799856197
190,2,157,3033.7394386526453,16.3,2003,Asia,Gasoline,Front-wheel drive,-1,14.358902222031888
250,,129,3207.1639468911458,,2019,Asia,Gasoline,Front-wheel drive,1,13.87599040224681
260,2,118,2030.199823957399,12.9,2013,Asia,Gasoline,Front-wheel drive,1,20.06212503675987
250,2,156,2617.982707699503,15.1,2012,Europe,Diesel,All-wheel drive,-2,17.634141569128406
250,6,117,3436.894336415883,17.6,2016,Asia,Gasoline,All-wheel drive,1,12.194465990819685
150,2,129,3848.481599571928,14.8,2004,USA,Gasoline,All-wheel drive,1,11.149017479680376
170,4,178,2232.884695352925,16.4,2019,Europe,Gasoline,All-wheel drive,1,19.63915048074417
220,3,81,4175.853101510091,16.6,2007,Asia,Gasoline,Front-wheel drive,0,7.653353244779173
130,6,133,2798.3648950000143,11.9,2003,USA,Gasoline,Front-wheel drive,,16.301096997863187
160,4,119,4263.9700993216065,16.1,2015,USA,Gasoline,All-wheel drive,0,7.074299430110048
170,4,121,2461.5046559838875,,2022,Europe,Diesel,Front-wheel drive,1,16.65421457444778
120,4,97,3904.1822923755485,13.5,2016,Asia,Gasoline,All-wheel drive,-2,10.165814164692957
200,3,92,3496.846169543605,,2001,Asia,Gasoline,Front-wheel drive,0,11.984253494701449
110,1,173,2974.800898492222,15.4,2014,USA,Diesel,All-wheel drive,2,15.566081733340178
220,5,128,3113.6150925690195,10.3,2008,Asia,Gasoline,Front-wheel drive,2,15.046846950879662
170,6,185,2605.6180801969335,18.5,2000,Asia,Diesel,All-wheel drive,,17.145540665245093
180,4,151,3728.9766415031,15.6,2019,Asia,Diesel,Front-wheel drive,-2,11.23473697551297
150,5,133,3115.165359291384,12.8,2008,USA,Diesel,Front-wheel drive,,14.999042145220468
210,3,,2194.2481377171966,,2017,Asia,Gasoline,All-wheel drive,-3,17.36379123422672
190,6,93,2159.5966223807236,13.7,2005,USA,Diesel,Front-wheel drive,-1,18.172189066437664
240,3,90,2994.9631782414745,15.6,2002,Asia,Gasoline,Front-wheel drive,-1,14.453306390859982
210,1,152,1932.9537178383605,17.6,2000,Asia,Gasoline,Front-wheel drive,0,19.62551655027705
120,1,135,2962.367124932176,20,2005,USA,Diesel,Front-wheel drive,1,14.398807824012964
190,3,126,3025.5977204509504,11.3,2020,Europe,Gasoline,All-wheel drive,-1,15.481276205244983
200,3,114,3202.300596093714,13.5,2002,Asia,Gasoline,Front-wheel drive,-1,14.089038098154298
240,3,158,3587.9624191404896,15.2,2010,Asia,Gasoline,Front-wheel drive,1,12.488074882292553
310,7,110,3078.2268109312427,16.3,2016,Asia,Gasoline,Front-wheel drive,2,14.108247331528498
120,8,135,2694.47916753371,14.7,2007,Asia,Diesel,Front-wheel drive,0,16.422858449528075
190,3,181,3560.5957665088417,16.2,2015,Asia,Diesel,Front-wheel drive,1,12.829499855431449
180,4,143,3469.130269532992,18.7,2009,Europe,Gasoline,All-wheel drive,0,12.239811118912796
120,6,124,2224.778849290928,17.2,2013,Europe,Diesel,All-wheel drive,0,17.710009441373394
200,7,117,2355.427730168617,14.8,2022,USA,Gasoline,All-wheel drive,0,17.864579310146222
120,12,,2855.4007057903395,16.5,2022,USA,Diesel,Front-wheel drive,-1,16.027781931742005
180,3,,3299.219559383029,16.3,2018,USA,Gasoline,Front-wheel drive,0,13.250586207031992
180,4,156,2729.387950868131,13.6,2001,Europe,Diesel,All-wheel drive,1,16.24083156231391
110,1,183,2780.572925247645,15,2008,Asia,Diesel,Front-wheel drive,-1,16.388419304926142
200,6,92,2953.0779915106227,15.4,2001,Asia,Gasoline,Front-wheel drive,-1,14.960153481871505
50,5,118,3530.1221035242725,14.7,2010,Asia,Diesel,All-wheel drive,0,11.915053023463015
160,1,123,3083.7540014823517,17.1,2021,Europe,Diesel,All-wheel drive,1,14.277616497742994
210,5,160,2265.547595163116,11,2012,Asia,Diesel,All-wheel drive,,19.14019491058995
190,6,153,3373.4311600663013,11.9,2017,Asia,Gasoline,Front-wheel drive,-1,13.609944981484492
140,4,88,3171.853623027024,14.4,2014,Asia,Gasoline,Front-wheel drive,-1,14.055679784636741
210,3,137,2740.5089256771926,10.3,2002,USA,Diesel,All-wheel drive,0,17.035355337366973
160,5,140,3816.0611510949857,14.4,2016,USA,Gasoline,Front-wheel drive,1,10.533412052069519
200,4,180,4552.98359980908,15.5,2017,USA,Gasoline,All-wheel drive,0,7.777920338148077
140,1,139,2203.5042844307063,10.2,2004,Europe,Gasoline,All-wheel drive,0,18.911176277344907
230,2,173,3319.9850294826438,15.6,2021,Asia,Gasoline,Front-wheel drive,4,13.92981617359959
210,7,115,2661.776320939928,15.1,2021,Europe,Gasoline,Front-wheel drive,2,16.759990472183233
280,5,215,3382.070494551373,15.8,2019,USA,Gasoline,All-wheel drive,1,13.942438923097898
160,7,167,4026.6969339384623,14.4,2011,Europe,Diesel,All-wheel drive,0,10.564268508020072
220,,178,2366.690446569698,15,2001,Europe,Gasoline,All-wheel drive,1,18.832720346223635
250,6,164,2861.9095774735274,10.5,2019,USA,Gasoline,All-wheel drive,0,16.245529342469982
170,3,165,3206.996445308177,17.1,2001,Europe,Gasoline,All-wheel drive,-1,13.26368877922226
210,1,123,3269.9860660900767,14.7,2019,USA,Gasoline,Front-wheel drive,-1,13.352137278250865
180,5,175,3196.5491025955985,15.8,2009,USA,Diesel,All-wheel drive,1,14.479075084541556
170,5,145,3531.7034122450973,16,2002,Europe,Gasoline,All-wheel drive,-1,11.94289597136365
160,6,127,2938.3383543356776,,2017,Europe,Diesel,Front-wheel drive,-1,15.11402928562881
160,6,180,2999.1912386867502,18.1,2005,Europe,Diesel,Front-wheel drive,-1,15.201841603986397
160,6,180,2866.118456569411,,2015,USA,Diesel,Front-wheel drive,1,16.278568811237534
250,,123,3444.6800393228673,21,2009,USA,Gasoline,All-wheel drive,1,11.513636270367403
90,3,137,2098.846484837251,16.3,2022,USA,Diesel,Front-wheel drive,-1,19.025270561762945
250,5,118,3715.6894750753004,17.3,2016,Asia,Gasoline,Front-wheel drive,,10.550374169211477
200,2,122,2413.1617886893523,15.3,2021,Asia,Diesel,Front-wheel drive,-1,17.089544253951743
250,,132,2622.352623038477,18.5,2020,Asia,Diesel,All-wheel drive,-1,16.20089188930472
290,8,95,2566.7301994257787,18.6,2003,USA,Diesel,All-wheel drive,0,16.566866108283392
260,4,132,3878.148280367826,,2017,Europe,Gasoline,All-wheel drive,-2,10.71127419147309
160,4,141,2578.3377939744123,21.3,2002,Asia,Gasoline,Front-wheel drive,-1,16.490658293469743
120,4,158,2923.5668726168133,12.7,2012,Asia,Diesel,All-wheel drive,0,15.264797181236771
190,3,131,2835.786699087031,18,2000,USA,Diesel,All-wheel drive,1,15.285141740320132
230,1,106,3391.799359155925,17.3,2019,Asia,Gasoline,All-wheel drive,-1,12.607497134699152
280,6,148,3146.0621848050805,17.8,2008,Asia,Gasoline,Front-wheel drive,0,13.378774653209677
200,3,169,2765.4209120665455,10.9,2005,Asia,Gasoline,Front-wheel drive,-1,17.116797360269473
200,3,164,2536.181474830717,,2022,Asia,Gasoline,Front-wheel drive,-1,16.887822195792793
250,7,185,2677.176181898107,15.1,2023,Europe,Diesel,Front-wheel drive,-1,16.374066814724056
210,0,152,3453.207789279994,15.7,2015,USA,Diesel,All-wheel drive,-1,12.893916678349784
210,,132,2644.531489562556,13.4,2009,USA,Diesel,All-wheel drive,-1,16.813925395810077
190,3,169,3045.1775148248266,,2015,Europe,Diesel,Front-wheel drive,0,15.398683822808989
230,7,110,3943.7886295605517,15.3,2004,Europe,Gasoline,Front-wheel drive,0,9.325779920590007
230,10,163,2997.2516841419274,14.6,2006,Asia,Diesel,Front-wheel drive,-1,14.951643250100389
230,,,2643.2172571500996,15.6,2003,Asia,Diesel,Front-wheel drive,-1,16.208031903618107
300,3,109,2839.998761337219,17,2003,USA,Gasoline,All-wheel drive,-1,15.009374018752036
160,2,141,3632.283417447624,11.7,2011,USA,Diesel,Front-wheel drive,0,11.878388145963992
170,7,159,3314.4668320909045,12.6,2019,Europe,Gasoline,Front-wheel drive,2,13.848010659891656
180,,157,3628.5107379835886,17.1,2018,USA,Gasoline,Front-wheel drive,1,11.392468367150542
250,5,177,3264.8062364952725,13.4,2007,Asia,Gasoline,All-wheel drive,0,14.261467007641514
190,4,122,2941.913395788707,14.5,2001,USA,Diesel,Front-wheel drive,,15.425272043692463
170,4,122,3981.235720955278,18.6,2013,Asia,Diesel,All-wheel drive,0,9.025695894539606
280,4,169,3210.237778146705,17.8,2018,Europe,Diesel,Front-wheel drive,2,13.9243243630207
320,7,117,3041.0902651931383,14.8,2002,USA,Gasoline,Front-wheel drive,-2,13.876914347890057
270,6,138,2897.6765578054324,11.2,2006,Europe,Gasoline,All-wheel drive,0,15.828825320163741
220,2,132,1729.1501125066343,,2000,USA,Gasoline,All-wheel drive,1,20.72964218405471
120,4,152,3015.1670296329385,14.7,2015,USA,Gasoline,All-wheel drive,0,14.910032358292506
160,4,80,2185.6997555660496,17.8,2017,Europe,Diesel,All-wheel drive,0,17.904382512916712
180,5,153,3316.1753089743106,20.3,2018,Asia,Gasoline,Front-wheel drive,1,13.216265859137145
230,4,147,3037.8733090550986,15.5,2000,Asia,Diesel,Front-wheel drive,,14.423699609870452
220,6,156,2813.421421837059,,2004,Asia,Diesel,All-wheel drive,1,15.43591679901865
250,4,,3121.653108195651,15.3,2011,USA,Diesel,All-wheel drive,-1,14.991127700533362
240,3,201,3630.018252339272,15.9,2016,Asia,Gasoline,All-wheel drive,1,11.849142377329533
250,1,105,3157.8887957965253,11.9,2019,USA,Diesel,Front-wheel drive,-1,14.504510413803853
180,6,141,2194.814140223189,19.7,2018,Europe,Diesel,Front-wheel drive,2,18.46513662483758
150,,156,2750.0122013020186,9.4,2006,Asia,Diesel,Front-wheel drive,0,16.458163050737948
220,5,155,3394.7812854646922,14,2007,Europe,Gasoline,Front-wheel drive,-1,13.388658758585292
160,2,176,2836.5627708806146,15.3,2005,Asia,Gasoline,All-wheel drive,,16.091968050027496
230,4,161,3395.2470461896582,13,2018,Europe,Gasoline,All-wheel drive,0,13.132490545341513
170,5,133,3443.103473939839,15.8,2004,Asia,Gasoline,All-wheel drive,0,12.720974907644528
300,,,2290.217722792005,16,2015,USA,Diesel,Front-wheel drive,1,17.904923267504223
230,6,123,3216.9469716962913,18.5,2003,Europe,Diesel,All-wheel drive,1,13.206689694482062
120,3,186,3700.860573429695,13.2,2011,Europe,Gasoline,Front-wheel drive,0,11.625459918300786
280,4,172,3778.1478182233027,,2019,Europe,Gasoline,Front-wheel drive,0,11.40990920618201
280,4,135,2902.874282188758,8.2,2022,USA,Gasoline,All-wheel drive,1,15.793329991702484
220,4,194,3122.006449176935,14.3,2021,Europe,Diesel,All-wheel drive,0,15.423574971889382
170,6,166,2178.5717495894414,13.3,2018,USA,Gasoline,Front-wheel drive,0,19.45997507214451
250,5,147,3202.8565667394287,12.6,2020,Asia,Gasoline,All-wheel drive,-1,14.100997654595409
190,6,86,3061.253323844055,19.5,2019,Asia,Diesel,All-wheel drive,0,13.26651618154346
190,2,125,3257.5772188214614,10.4,2002,USA,Gasoline,Front-wheel drive,-1,13.766517334100405
90,5,133,3226.3632049216603,11.5,2009,USA,Diesel,Front-wheel drive,-1,13.889738653464898
300,0,152,2404.7344811476105,10.1,2003,Europe,Diesel,All-wheel drive,-2,18.55575409578626
170,2,71,4139.750097549883,15.4,2015,Europe,Gasoline,All-wheel drive,,8.583970615689147
200,4,119,3133.737167777302,15.8,2011,Asia,Diesel,Front-wheel drive,1,13.417024941134795
180,1,115,2885.145221916176,17,2017,Europe,Diesel,Front-wheel drive,-2,14.992215289271254
230,0,169,3677.6459578857393,15.1,2005,Asia,Gasoline,All-wheel drive,0,11.993106891566145
190,2,155,2347.7445566120005,9.5,2015,Europe,Diesel,All-wheel drive,0,19.207635275545442
190,4,,3567.779840158396,,2018,Europe,Gasoline,All-wheel drive,0,11.352731543819239
250,2,160,3562.708239845977,10.7,2008,Asia,Gasoline,All-wheel drive,-2,12.557698346852646
260,2,121,3344.7017049053948,16.5,2001,Asia,Diesel,All-wheel drive,-1,13.227828023347584
210,4,230,2453.6371252772487,13.3,2020,USA,Gasoline,All-wheel drive,1,18.542699533148955
170,5,119,2764.0035265549814,12.5,2004,USA,Diesel,Front-wheel drive,0,15.93926071207246
250,7,134,3060.476895549049,20.1,2022,USA,Gasoline,Front-wheel drive,0,14.028659705883868
270,5,166,2385.424299359582,,2019,Europe,Diesel,All-wheel drive,0,18.799510564769275
150,,133,3213.3208346650126,15.4,2014,Asia,Gasoline,All-wheel drive,1,13.351477630513157
220,4,119,3084.1700368221505,11.6,2004,USA,Diesel,Front-wheel drive,-1,13.557912274654457
200,6,137,2424.2729854358777,,2002,Europe,Diesel,Front-wheel drive,1,17.862694889499448
170,2,166,3389.3286646711804,14.9,2019,Europe,Diesel,Front-wheel drive,-1,13.430289939688503
210,8,178,2750.896999199696,16.8,2022,USA,Diesel,All-wheel drive,-1,15.945581728636437
230,6,121,2856.553433608889,,2023,Europe,Gasoline,Front-wheel drive,1,15.506747648688723
200,3,211,2047.0688699925738,11.3,2021,USA,Diesel,All-wheel drive,-2,20.917064074810295
120,6,80,2881.3549255067096,13.9,2009,Asia,Gasoline,Front-wheel drive,2,15.2013509197959
200,,178,2721.313428134315,13.4,2011,USA,Diesel,Front-wheel drive,0,16.68052623124508
190,2,201,3508.677581379286,,2004,Asia,Gasoline,All-wheel drive,-3,13.33123680865004
190,,193,3843.2676202270427,15.1,2006,Europe,Gasoline,Front-wheel drive,-1,11.057414885380972
260,4,129,2523.7887610432795,9.6,2017,Asia,Diesel,All-wheel drive,-1,17.900000655283165
160,2,191,3166.287035770378,13.2,2010,USA,Gasoline,Front-wheel drive,2,15.366023944744505
270,1,181,3504.0239675319785,11.2,2010,USA,Gasoline,Front-wheel drive,2,13.264004990185299
140,4,209,2451.999289562801,11.8,2001,Asia,Diesel,All-wheel drive,-1,17.68719391642209
240,2,177,3007.0703438445903,14.3,2014,USA,Gasoline,All-wheel drive,0,15.03253528786002
180,5,70,2895.48215695024,18.6,2007,Asia,Gasoline,All-wheel drive,0,13.675345178580631
210,4,153,3033.8420898329587,14.1,2021,Europe,Gasoline,All-wheel drive,-1,14.524654912315935
130,4,198,2934.3054068639785,14.6,2009,Asia,Diesel,Front-wheel drive,-1,16.099950575049096
160,4,164,2768.211338564301,19.8,2007,Asia,Gasoline,All-wheel drive,0,15.788902081719552
120,3,155,1829.299085954887,15.4,2019,Asia,Diesel,Front-wheel drive,-1,20.586060764707817
140,5,139,2009.1098785204867,14,2006,USA,Gasoline,Front-wheel drive,0,20.5804023231559
170,6,191,3480.712044114542,16.9,2023,Europe,Diesel,All-wheel drive,0,13.530312573448478
260,0,162,2447.3145763544135,15.5,2009,USA,Gasoline,All-wheel drive,1,17.911727057466486
200,3,91,3166.910971480092,13.4,2007,Europe,Diesel,All-wheel drive,1,13.539904456822555
160,1,147,2357.0836843906663,15.3,2021,Asia,Gasoline,All-wheel drive,0,18.925447160855622
190,4,171,1827.7868351632453,17.4,2004,USA,Gasoline,All-wheel drive,0,20.5116890098318
160,4,172,2341.6559250922874,13.9,2006,Europe,Diesel,All-wheel drive,-2,18.346401370288255
200,4,154,3566.3777136079025,17.8,2008,Asia,Diesel,Front-wheel drive,-1,11.4966288402028
210,,150,3254.4222919773633,16.9,2006,USA,Gasoline,All-wheel drive,-1,14.328652024671005
250,3,54,2597.4031616412626,13.8,2023,USA,Gasoline,All-wheel drive,1,16.291667625989028
150,7,183,2659.9632325737457,16.3,2009,USA,Gasoline,Front-wheel drive,1,17.11890396554581
170,7,139,3368.2290503078098,15.2,2015,Europe,Gasoline,Front-wheel drive,-1,13.165542173878642
180,4,156,2749.608287113789,13.3,2001,USA,Gasoline,Front-wheel drive,0,15.980483162249428
180,2,155,3238.5154596912394,,2009,USA,Gasoline,Front-wheel drive,1,14.171668194008655
200,2,145,2630.3798117399815,17.9,2002,Europe,Diesel,Front-wheel drive,1,17.222851070425435
240,5,126,2993.247019031749,,2022,USA,Diesel,Front-wheel drive,0,15.25409032919744
180,3,180,3974.212771764548,15.4,2016,USA,Diesel,All-wheel drive,-1,10.974369143057823
260,3,,2124.3860601259707,14,2007,Europe,Gasoline,All-wheel drive,0,19.17393135276394
170,4,170,2770.7442595818534,16.9,2004,Europe,Diesel,Front-wheel drive,0,15.865948782313742
260,,150,3298.2867640843515,14.9,2010,USA,Gasoline,All-wheel drive,1,13.920474393548087
210,5,141,2665.151318765174,18.9,2016,Asia,Diesel,All-wheel drive,0,15.344415568310946
220,3,207,1981.1519871108314,17,2017,Asia,Gasoline,All-wheel drive,0,21.00022125726493
210,3,141,3644.5280560617502,11.8,2000,Europe,Diesel,All-wheel drive,2,11.687982693236076
240,8,113,3039.756714250625,14.6,2014,USA,Diesel,All-wheel drive,1,14.309811554198653
260,6,183,2741.676026286779,14.2,2008,Asia,Diesel,Front-wheel drive,0,16.229052009871783
240,2,128,2150.2802856973212,16.9,2022,USA,Diesel,Front-wheel drive,-1,19.22285107406609
190,3,136,3365.0709149517397,9.8,2020,Asia,Gasoline,All-wheel drive,0,13.408518034476366
270,4,114,2766.684600551255,16.8,2005,USA,Gasoline,Front-wheel drive,-1,15.947084084949283
270,3,147,2964.4269208366113,10.6,2013,Europe,Diesel,Front-wheel drive,-1,15.816599625772389
130,5,,3124.727183367842,16.1,2008,Asia,Diesel,Front-wheel drive,1,14.276326655019233
230,2,165,2754.2145116249035,13.7,2007,Europe,Gasoline,Front-wheel drive,2,16.240102321554836
160,8,185,3173.415953266087,15.6,2002,Asia,Gasoline,Front-wheel drive,0,14.241667825930936
220,4,125,2605.748884462974,18.9,2008,Europe,Gasoline,All-wheel drive,2,16.01805434359298
110,4,208,3435.4252920904323,20.8,2008,Asia,Diesel,All-wheel drive,2,12.622830876700675
200,5,172,3185.5083621174736,21.5,2022,Europe,Gasoline,All-wheel drive,0,13.687934637622938
120,3,176,2704.9973789138285,15.7,2017,USA,Gasoline,Front-wheel drive,-1,16.48160161709005
220,6,188,3540.904272635049,14.3,2003,Asia,Gasoline,All-wheel drive,-2,13.41968721072042
170,1,168,2987.410733601522,15.4,2010,USA,Diesel,Front-wheel drive,0,14.878336252625525
190,3,111,3522.7735953064594,17.4,2010,Europe,Gasoline,All-wheel drive,0,11.756466796424363
160,2,105,2856.3761004754874,19.1,2000,USA,Gasoline,All-wheel drive,0,14.958258779154255
310,2,111,3522.682332158088,20.4,2010,Europe,Diesel,All-wheel drive,0,11.06228024020209
270,7,193,2532.5267387698614,18,2001,Asia,Diesel,Front-wheel drive,0,17.3372544152482
100,6,138,3430.6799869410283,,2020,Europe,Diesel,Front-wheel drive,-1,12.643494427343335
260,1,168,3190.2925511751173,,2005,Europe,Gasoline,Front-wheel drive,-2,14.543785867067173
180,2,179,2148.513888174223,9.4,2000,Europe,Diesel,Front-wheel drive,-2,19.94409552288428
270,2,,2741.459340457903,17.6,2012,Asia,Diesel,All-wheel drive,-1,16.45522799162522
170,1,147,3165.274186853536,14.7,2014,Europe,Gasoline,All-wheel drive,0,15.037956353032554
240,3,186,3037.0480847306667,20.2,2002,Asia,Diesel,All-wheel drive,2,14.900526428885671
230,6,111,3547.25095682948,13.4,2011,USA,Diesel,All-wheel drive,1,12.355860029973192
110,1,139,2622.1545895888867,16,2003,Asia,Gasoline,All-wheel drive,0,16.936479692117235
230,4,149,3639.745822624658,14.4,2021,Europe,Gasoline,All-wheel drive,,12.070809031022346
200,,148,2964.525037585996,18.1,2001,Asia,Gasoline,Front-wheel drive,-1,14.533789300501578
200,8,115,3387.02915835036,13.2,2006,USA,Diesel,Front-wheel drive,1,12.42837084715411
200,5,173,3240.26654688177,16.2,2017,USA,Gasoline,All-wheel drive,-1,13.968894748764543
310,6,74,2546.2841346186524,15.4,2022,Asia,Gasoline,Front-wheel drive,2,16.990483751409457
210,6,,3240.5243877866023,8.1,2004,Asia,Gasoline,Front-wheel drive,-1,13.45445347359984
230,3,202,3041.6005127050776,15.5,2017,Europe,Diesel,Front-wheel drive,,15.253213998876074
160,,163,3760.446882785062,14.4,2004,USA,Gasoline,Front-wheel drive,-1,11.346785402904553
180,6,153,4147.656864118648,15.6,2014,USA,Gasoline,Front-wheel drive,0,8.756799010723546
340,,183,2898.3966357245877,14.9,2004,Europe,Diesel,Front-wheel drive,2,16.049250722374826
240,2,192,3511.7836727956806,19.2,2001,Asia,Diesel,Front-wheel drive,1,12.886823794125046
260,,141,2258.0502749431816,11,2007,Europe,Diesel,All-wheel drive,0,18.750806486434612
140,5,190,2644.88988816566,19.3,2011,USA,Diesel,All-wheel drive,1,16.465753973683846
220,5,115,2959.306360946049,17.5,2012,USA,Diesel,Front-wheel drive,0,15.032785018681775
200,2,156,3666.0591655803437,14.7,2001,Europe,Gasoline,All-wheel drive,1,11.631199744945546
260,7,207,2723.644566276017,14.9,2000,USA,Diesel,Front-wheel drive,1,17.112798927139952
190,2,107,3070.350392795685,14.8,2002,Europe,Gasoline,All-wheel drive,2,14.231137220234169
240,4,167,2806.2778063729866,12.5,2021,Europe,Diesel,Front-wheel drive,0,16.395322570557685
140,2,133,2761.303964729023,12.6,2015,Europe,Diesel,All-wheel drive,-1,16.157416054814174
190,9,149,3419.8313290766273,15.6,2006,Europe,Gasoline,All-wheel drive,0,13.145226437379577
170,5,145,3609.8912578819322,,2013,Europe,Gasoline,Front-wheel drive,-1,11.755890522913292
240,3,183,3175.7183356100563,18,2011,USA,Gasoline,All-wheel drive,0,13.607326252205114
190,7,130,2866.8265753115056,15.8,2017,Asia,Gasoline,Front-wheel drive,2,16.18011554734436
140,6,177,2176.4191384362175,13.6,2013,Asia,Diesel,Front-wheel drive,-1,19.499399712901084
240,4,174,3068.8847791749668,20.3,2009,Europe,Gasoline,All-wheel drive,1,14.570316459161567
110,,157,3194.3692586259244,16.9,2001,Asia,Diesel,Front-wheel drive,0,13.763403521115391
200,4,182,2557.146980202659,17.2,2015,Asia,Gasoline,Front-wheel drive,0,17.288649490731977
290,6,126,2937.845399026523,,2020,Europe,Gasoline,Front-wheel drive,2,15.306591512972707
230,2,128,3149.1212159627435,15.8,2012,Asia,Diesel,All-wheel drive,1,14.089734423228519
220,4,133,2948.0755318084266,8.8,2003,USA,Diesel,All-wheel drive,-1,15.157744112327443
190,3,196,3427.4188948183046,15.8,2006,Asia,Diesel,Front-wheel drive,-1,13.020553837632635
240,5,136,3693.9082155189994,,2007,Asia,Gasoline,All-wheel drive,-1,10.893519161404376
180,2,179,3051.2738608041836,14.1,2014,Europe,Diesel,Front-wheel drive,0,15.531500088687485
280,6,189,3162.966363437856,18.9,2007,USA,Diesel,Front-wheel drive,2,14.971956790160466
210,6,101,3923.6741566216897,14.7,2014,USA,Diesel,All-wheel drive,0,10.164387775906189
210,2,160,2532.2265470600596,15.9,2018,Asia,Diesel,Front-wheel drive,1,17.706031921348917
240,2,171,2577.167740763704,17.8,2022,USA,Gasoline,Front-wheel drive,-2,16.845248768482776
260,4,181,2255.0583816707986,16.9,2021,Asia,Gasoline,All-wheel drive,0,18.997855168478818
170,4,92,3053.1120501643018,15,2014,Asia,Gasoline,Front-wheel drive,0,14.376960343190277
170,1,195,2322.3555863795928,17.6,2005,Asia,Gasoline,Front-wheel drive,1,18.337080846498274
160,2,136,2744.4213643101766,12.9,2012,Europe,Diesel,All-wheel drive,-2,16.9307912049982
230,3,175,2336.187629559243,13.8,2017,Asia,Gasoline,All-wheel drive,-2,19.019603205764803
210,6,123,2652.485247510376,15.7,2009,Europe,Gasoline,Front-wheel drive,1,16.504553121688314
210,5,207,3401.476835428059,14.4,2019,USA,Diesel,Front-wheel drive,,13.900191505055918
290,2,161,2998.505489033061,,2005,USA,Gasoline,All-wheel drive,0,15.499160035104968
220,3,182,3068.9412838720395,21.1,2012,USA,Gasoline,Front-wheel drive,0,14.86398707550321
180,5,146,2766.8388487322813,12.1,2013,Europe,Diesel,All-wheel drive,-1,16.34687078347757
170,4,193,2895.9516794731767,8.8,2003,USA,Diesel,Front-wheel drive,-3,17.216998623781183
150,3,180,3002.91343637173,18.8,2019,USA,Diesel,All-wheel drive,-2,15.430338479048643
150,6,113,2713.169666426985,15.6,2020,Europe,Gasoline,All-wheel drive,-1,16.467873354257296
90,4,127,3082.2288438829332,,2022,Europe,Diesel,Front-wheel drive,1,13.827294500706511
290,1,170,2231.526827740975,15.4,2003,USA,Diesel,Front-wheel drive,0,18.574179481776287
220,6,159,2294.0112226181545,14.4,2023,Asia,Gasoline,All-wheel drive,,18.744602904065015
190,0,160,2116.00808071349,15.8,2000,USA,Gasoline,Front-wheel drive,-1,19.145008877981986
200,2,121,3448.5937521824926,14.5,2022,USA,Diesel,All-wheel drive,-1,12.639411310585755
200,,180,2150.4126295486194,13.4,2019,Europe,Gasoline,Front-wheel drive,1,19.782866015502957
170,3,175,2797.215342632583,18,2017,USA,Diesel,Front-wheel drive,0,14.97057310139352
150,3,174,2927.968411362092,12.7,2016,USA,Gasoline,All-wheel drive,1,15.043258701037539
190,3,165,2035.1474698037405,10.5,2005,Europe,Gasoline,All-wheel drive,0,20.580423613615913
320,4,102,3383.1237424646806,13.3,2004,Asia,Gasoline,Front-wheel drive,0,12.881614270413026
280,4,88,3281.990226979594,21.9,2018,Europe,Diesel,All-wheel drive,0,12.69186913691845
250,4,218,1765.1706651331915,16,2018,Europe,Gasoline,All-wheel drive,0,21.8359031334324
200,4,128,4020.4427980013497,15.1,2017,Europe,Gasoline,Front-wheel drive,0,9.352110444388508
210,6,95,2255.788271874455,12.8,2016,USA,Diesel,Front-wheel drive,0,18.75476545215227
210,5,155,3887.994865621738,14.3,2000,USA,Diesel,Front-wheel drive,0,11.272476219015012
270,6,117,2817.305868477883,18.2,2012,Asia,Diesel,Front-wheel drive,0,15.715209903297056
110,5,160,2544.2837679018817,12.4,2021,USA,Diesel,All-wheel drive,1,17.870490066172646
200,2,154,3008.3205211685554,12.8,2005,USA,Gasoline,Front-wheel drive,2,15.43452576419114
240,3,177,3493.6802918329176,,2021,Europe,Diesel,All-wheel drive,1,12.980832817698294
200,4,184,2946.5598826161017,16,2008,Europe,Gasoline,All-wheel drive,,15.74225561933601
140,0,152,2743.5162427374976,12.6,2001,Asia,Diesel,Front-wheel drive,0,16.37811881674749
110,4,148,3102.441485258038,,2015,Europe,Diesel,Front-wheel drive,-2,14.443551344402582
170,6,116,2761.917336580152,,2011,Asia,Gasoline,All-wheel drive,0,15.624612262303014
170,4,123,3224.0959399127387,17.8,2003,Asia,Diesel,All-wheel drive,1,12.875414402068287
180,5,134,2630.4056656218827,12.5,2012,Asia,Gasoline,All-wheel drive,1,17.174231209008337
220,2,142,2788.7638458824295,11,2009,USA,Gasoline,All-wheel drive,,16.577424229691477
180,6,174,3490.754391528243,15.2,2021,Europe,Gasoline,Front-wheel drive,-1,12.048308452706411
170,3,129,2522.3788548102198,16.4,2014,Asia,Gasoline,Front-wheel drive,0,16.33756051155604
240,2,181,3829.1147346409393,15.2,2007,Asia,Diesel,Front-wheel drive,-1,10.904364659177938
320,3,169,4008.428855826819,13.6,2012,Asia,Gasoline,Front-wheel drive,0,10.365564007068539
260,3,,3111.1622618857295,13.3,2005,USA,Gasoline,All-wheel drive,0,14.389289965768262
190,,104,4181.604472031733,11.5,2007,Europe,Diesel,All-wheel drive,-1,8.996361283389453
170,,168,2881.467458706692,20.1,2016,Asia,Diesel,All-wheel drive,1,14.98748341570692
190,4,88,3312.9617724333666,13.8,2009,USA,Gasoline,All-wheel drive,-1,12.626199453354534
240,6,169,1979.5638191329006,15.9,2003,Europe,Diesel,All-wheel drive,0,20.545214113549317
220,3,174,2975.139719786241,11.9,2010,USA,Diesel,Front-wheel drive,0,15.730761659651627
250,6,151,3134.6042831339946,9.9,2015,USA,Gasoline,All-wheel drive,1,15.420721896934035
200,5,201,2704.227163048703,,2021,Asia,Diesel,Front-wheel drive,1,16.424654115586673
170,8,184,2851.094332620652,11.3,2022,Europe,Diesel,All-wheel drive,1,16.401090729621234
190,2,152,2475.704038170422,,2017,Europe,Gasoline,All-wheel drive,1,18.512473794399405
270,0,170,3383.5834036204187,14,2009,Europe,Gasoline,All-wheel drive,0,13.429893970339696
140,4,,3296.4504869999605,,2020,USA,Gasoline,All-wheel drive,0,12.817129520267482
220,3,130,3481.756737422284,,2013,USA,Diesel,All-wheel drive,-1,11.97740173467047
210,6,130,3597.468633535206,13.6,2020,Europe,Diesel,Front-wheel drive,0,12.204837684309117
220,5,118,2975.5542813969314,11.5,2000,Asia,Diesel,All-wheel drive,0,14.708028630299966
220,3,116,2654.8637096119965,15.8,2023,Europe,Gasoline,Front-wheel drive,-1,16.945981325072356
260,7,193,2626.0222206639564,10.9,2018,Asia,Gasoline,All-wheel drive,-1,18.621930664783896
180,2,167,3401.901902326441,18.9,2012,Europe,Gasoline,All-wheel drive,-1,13.036712995475959
130,5,142,2706.2520834450174,15,2010,Asia,Gasoline,All-wheel drive,1,16.509573483179388
250,4,162,2858.2408747898094,18.3,2007,Asia,Gasoline,Front-wheel drive,2,16.0085393594679
210,2,160,3364.2185544434983,15.2,2022,Asia,Diesel,All-wheel drive,1,13.491244341975813
150,7,167,2826.513379013577,16.8,2012,Europe,Gasoline,Front-wheel drive,0,15.8046312684589
160,4,,2843.137261603313,15,2012,Asia,Gasoline,All-wheel drive,-1,15.988828407381396
210,5,176,3025.3606734770383,12.3,2020,Asia,Diesel,Front-wheel drive,0,15.323466476836055
240,4,92,4323.7118712739175,14.8,2007,Asia,Diesel,All-wheel drive,-1,7.485552820760197
140,4,113,2746.4130399954656,,2008,Asia,Gasoline,All-wheel drive,0,15.598560117699668
190,5,179,2909.8870599751513,17,2009,Asia,Gasoline,All-wheel drive,1,16.652582010393647
270,7,161,3597.4121693398297,15.3,2018,USA,Diesel,Front-wheel drive,1,12.775668686148373
240,2,143,2873.7551176388884,14.4,2011,USA,Diesel,All-wheel drive,1,16.481404889875016
130,3,135,3848.980605165889,16.7,2002,Asia,Diesel,Front-wheel drive,0,10.012980014655234
330,4,134,3085.679637387818,14.6,2010,Asia,Diesel,All-wheel drive,0,14.890052845079111
220,2,97,2038.480559275662,14.9,2002,Europe,Diesel,Front-wheel drive,0,19.290297645480237
220,1,127,2629.111438162986,16.1,2001,USA,Gasoline,Front-wheel drive,-1,16.316036248962224
200,8,156,2213.4653701507686,17,2020,USA,Gasoline,All-wheel drive,1,18.65938900534784
210,4,122,3213.4606598434348,18.6,2005,Asia,Gasoline,Front-wheel drive,0,13.497131072137773
160,1,172,2994.8713271778306,15.1,2013,Europe,Gasoline,Front-wheel drive,1,14.823777191461566
230,2,114,3872.0105985497885,17.3,2001,USA,Diesel,All-wheel drive,2,10.07409941688384
200,1,109,2794.2290303134014,18.4,2009,USA,Gasoline,Front-wheel drive,-1,15.39789209540305
240,3,145,3254.240771702345,11.8,2020,Asia,Diesel,All-wheel drive,0,14.262631289200318
180,2,148,2767.486254098851,18.3,2015,USA,Gasoline,All-wheel drive,-1,15.962060528582628
200,5,191,2132.191513737352,14,2000,Europe,Diesel,Front-wheel drive,,19.96335821102462
180,2,144,3496.217300498186,14,2015,Europe,Gasoline,Front-wheel drive,0,12.909382614674387
230,2,203,2739.0652512265597,11.4,2007,Europe,Gasoline,Front-wheel drive,-2,16.812409069679777
210,6,153,2928.968777880879,15.1,2020,Europe,Gasoline,All-wheel drive,2,15.418877283341807
210,5,195,3169.4589949263873,,2014,Asia,Diesel,Front-wheel drive,2,14.519098375785353
300,7,197,2555.4664620320236,,2019,Europe,Gasoline,Front-wheel drive,,18.084713636367496
200,2,103,3285.0438485836758,12,2018,Asia,Diesel,All-wheel drive,-1,13.199398499080637
320,6,149,3175.208894443357,16.2,2016,Europe,Gasoline,Front-wheel drive,2,14.340213332809965
260,3,122,3208.1126903616237,12.8,2005,Asia,Gasoline,All-wheel drive,2,14.364228410320901
170,6,180,2638.0299256270996,12.7,2022,Europe,Gasoline,Front-wheel drive,1,16.858049631740936
210,2,94,3332.8296853018705,,2010,Asia,Gasoline,All-wheel drive,0,13.000552599396224
160,3,105,2746.474919857575,15.2,2011,Europe,Diesel,Front-wheel drive,-1,16.191225584148647
160,3,127,2509.3307549482943,17.6,2011,Europe,Diesel,Front-wheel drive,-1,16.648782803379767
200,6,147,3246.738980377934,14.1,2020,USA,Diesel,Front-wheel drive,-2,13.713305127103906
170,7,197,2860.5202739525175,10.1,2011,Asia,Diesel,Front-wheel drive,-1,16.721660945965326
260,0,182,3072.2761942881207,15,2021,Europe,Diesel,Front-wheel drive,0,15.272031071059988
280,7,154,2882.4189621174833,15.3,2018,Europe,Gasoline,All-wheel drive,,15.307375475725587
200,6,106,1604.0953242805297,17.9,2020,USA,Diesel,Front-wheel drive,1,22.187839984359012
190,8,90,2433.5012410485424,16.3,2004,Asia,Diesel,Front-wheel drive,-1,17.192748685340526
240,3,,2765.931806115219,14.8,2017,Europe,Gasoline,All-wheel drive,-1,15.765597031694355
270,4,131,3402.327217266092,10.7,2019,Europe,Diesel,Front-wheel drive,-1,12.913663831266279
150,6,163,2857.4929516005,11.3,2013,USA,Diesel,Front-wheel drive,1,16.17921656896818
210,1,186,3809.602076020698,16.2,2007,USA,Gasoline,Front-wheel drive,2,11.14078280471342
90,1,185,3234.632870997457,13.4,2006,Europe,Diesel,Front-wheel drive,0,14.586878340803828
120,2,177,2543.264869094714,11.2,2007,Europe,Diesel,Front-wheel drive,1,18.210303317121824
130,6,122,2394.1159051407612,13.8,2001,Europe,Gasoline,Front-wheel drive,-1,17.753250404672674
150,2,209,2871.329081826248,18.6,2019,Asia,Gasoline,All-wheel drive,0,15.459750038865367
200,7,131,2030.8341239864374,15.6,2016,Europe,Diesel,Front-wheel drive,-1,20.25223532427915
220,4,121,2659.8869570558986,17.4,2011,Asia,Diesel,Front-wheel drive,0,16.41167176790015
240,2,135,3392.811844197846,19.8,2020,Europe,Gasoline,Front-wheel drive,1,12.38650489094445
220,5,,2783.677866308544,10.1,2003,Europe,Diesel,Front-wheel drive,1,16.739961157294182
220,1,133,2783.6049091295563,13.4,2007,Asia,Gasoline,Front-wheel drive,2,15.833485370047349
190,4,117,2462.7114448509383,14.7,2009,Asia,Diesel,Front-wheel drive,-1,17.461864650100132
200,4,106,1538.2232594959567,14.3,2018,Asia,Diesel,All-wheel drive,-1,22.21676825872975
270,7,122,3235.1262555330864,13.2,2005,USA,Gasoline,Front-wheel drive,0,12.957416724881478
180,5,154,2593.6773077673274,17.9,2011,Asia,Gasoline,All-wheel drive,1,15.909866702408927
150,4,207,2725.498003726564,14.3,2016,USA,Gasoline,All-wheel drive,0,17.416599704003893
160,4,140,2999.420281729116,15.7,2002,Europe,Gasoline,All-wheel drive,2,15.091777777657194
150,3,145,2737.8641719624243,12.7,2019,Europe,Diesel,Front-wheel drive,0,16.164963161016175
260,5,167,3389.409159532589,14.5,2010,Europe,Gasoline,All-wheel drive,0,13.367134287401775
220,2,171,3550.11310419044,16.5,2014,Europe,Gasoline,Front-wheel drive,-1,12.73814465306403
240,3,162,2976.2672964880603,16.6,2011,Asia,Gasoline,All-wheel drive,1,15.203847317838617
230,6,134,1873.7274751204852,,2010,USA,Gasoline,Front-wheel drive,0,21.3705164400711
180,3,83,2869.7663753728966,,2001,Asia,Gasoline,All-wheel drive,1,14.361515249835554
230,5,162,3010.3439868906867,15.2,2020,Europe,Gasoline,Front-wheel drive,1,14.9693426643357
250,3,119,2682.2064971709888,,2014,USA,Diesel,All-wheel drive,1,15.682068656304226
180,3,160,3499.4750052085824,12.5,2013,Asia,Diesel,Front-wheel drive,-2,13.052481184092315
220,3,119,3566.2958648601825,18.7,2019,Asia,Diesel,All-wheel drive,0,11.741071307441068
140,4,138,3054.597393605431,17.8,2022,USA,Gasoline,All-wheel drive,0,14.002934520089717
220,7,142,2953.6089185296673,13.4,2020,Asia,Diesel,Front-wheel drive,-1,15.870010230972342
150,6,221,2876.9589630363075,18.4,2010,Europe,Gasoline,Front-wheel drive,3,16.24443028005602
140,5,140,3016.461135399279,10.5,2006,USA,Gasoline,All-wheel drive,,15.731848779333152
150,4,154,3100.2446348573194,16.8,2010,Asia,Diesel,All-wheel drive,2,13.505574864677586
210,6,168,3380.625889786026,11.6,2023,Asia,Diesel,Front-wheel drive,1,14.07030495304374
240,1,129,2765.6799327759536,13.4,2014,USA,Gasoline,All-wheel drive,2,16.560317060694274
190,7,107,3168.113693825254,15.4,2009,Europe,Gasoline,All-wheel drive,2,13.245755607838602
140,3,156,3245.82976074725,15.7,2011,USA,Gasoline,Front-wheel drive,1,13.098060586813553
260,2,114,2894.7271979813295,12.5,2004,USA,Gasoline,Front-wheel drive,0,15.393628256915042
50,3,154,3640.310805413541,14.6,2015,USA,Diesel,Front-wheel drive,1,11.826147538817073
180,5,135,3007.871107381624,15.5,2011,USA,Diesel,Front-wheel drive,-2,14.578330519295967
240,3,146,3115.2916624343165,16.1,2004,Europe,Gasoline,All-wheel drive,1,14.711905254911208
270,1,141,1880.3043056165131,18.6,2013,USA,Gasoline,Front-wheel drive,0,20.209353131489795
100,2,161,3587.05504995409,14.6,2012,USA,Diesel,Front-wheel drive,1,12.069458940017771
160,3,127,3659.741621717737,9.7,2016,USA,Diesel,All-wheel drive,2,11.74224784636568
130,3,142,3472.1555513368467,17.3,2010,USA,Gasoline,All-wheel drive,,12.273938482947282
220,1,133,2638.4842812401607,16.6,2006,USA,Diesel,All-wheel drive,1,16.6255448847541
260,2,166,3375.9491150722943,13.8,2001,Europe,Gasoline,All-wheel drive,-1,13.247672262555533
160,6,153,2822.3379690699967,20,2019,USA,Gasoline,All-wheel drive,0,15.895535615512152
190,4,143,2722.883937453734,12.5,2020,Europe,Gasoline,Front-wheel drive,1,16.835981787267112
300,4,193,2650.2953625520136,20.7,2007,Europe,Gasoline,Front-wheel drive,-2,16.30160955252512
160,4,122,2916.4491027903673,17.5,2016,USA,Gasoline,Front-wheel drive,,14.8187177310618
110,5,149,3281.7577864220884,15.3,2008,USA,Gasoline,All-wheel drive,0,13.420308421189192
110,4,153,3448.100732377394,,2001,Asia,Diesel,All-wheel drive,1,12.963769790868247
180,5,164,2804.7242863354386,15.2,2006,USA,Gasoline,All-wheel drive,-1,16.204042132245647
270,2,160,3629.810899554436,17.6,2017,Europe,Gasoline,Front-wheel drive,-1,12.165322409135277
240,4,150,3602.5451779868145,18,2005,USA,Gasoline,Front-wheel drive,1,12.06769204999133
190,2,,3255.806666658536,13.6,2021,USA,Gasoline,All-wheel drive,1,13.616359915328355
180,4,178,2968.799954840851,,2003,Asia,Diesel,All-wheel drive,0,16.301488114199543
250,1,159,3069.1072962403805,18.6,2010,Europe,Diesel,Front-wheel drive,1,14.697287792463904
240,2,133,3771.7266247498947,18.6,2004,Europe,Diesel,All-wheel drive,0,11.200646830104384
210,5,132,2910.985305752072,,2004,Asia,Diesel,All-wheel drive,1,15.128763028287956
140,5,157,2577.3098980273558,13.1,2011,Asia,Gasoline,All-wheel drive,1,16.47666951726096
230,4,164,2948.689762965741,16.5,2003,USA,Diesel,Front-wheel drive,1,15.386442274999647
220,0,136,3174.9697284669937,16.3,2016,Europe,Diesel,All-wheel drive,0,13.83108333239317
240,3,135,2012.1444373325232,14.1,2004,Asia,Gasoline,Front-wheel drive,0,20.107299634436682
240,6,98,2828.910157353932,15.2,2022,USA,Gasoline,All-wheel drive,0,15.350840682672207
260,1,102,2803.647928960345,,2007,Europe,Diesel,Front-wheel drive,-2,15.67231892834073
210,6,165,3334.0699838324354,14.5,2012,USA,Gasoline,All-wheel drive,0,13.270364409159917
170,3,215,3149.317578654389,12.2,2008,Europe,Gasoline,All-wheel drive,-1,15.09095717906624
190,3,120,3334.9288229578187,14.5,2017,Europe,Gasoline,Front-wheel drive,2,13.65758412792219
200,6,219,2874.0686161471363,9,2011,USA,Diesel,Front-wheel drive,2,17.34915736314343
300,4,,3217.664208335019,,2000,Asia,Diesel,Front-wheel drive,0,14.07246882738959
210,,177,3078.5980646280177,17.8,2004,Europe,Gasoline,Front-wheel drive,0,14.550798051622024
210,4,117,3983.5854616875486,13.1,2012,Asia,Diesel,All-wheel drive,0,9.509775538922943
120,3,148,3508.8035211180663,14.5,2012,USA,Gasoline,All-wheel drive,0,12.01784532047454
230,8,94,2828.8350018688675,16.4,2009,Europe,Gasoline,Front-wheel drive,-1,15.822129944793364
160,8,145,2271.883888737451,15,2008,USA,Diesel,Front-wheel drive,,18.469457942979826
150,1,,2398.0394955716433,,2005,Europe,Gasoline,All-wheel drive,-1,18.091637648052156
120,6,123,2806.9937006469186,14.8,2021,Asia,Diesel,All-wheel drive,0,15.59317318532108
220,8,189,2710.026294399467,15.1,2015,USA,Gasoline,All-wheel drive,-1,17.487133549903135
230,5,136,3121.0359281731967,13.4,2019,Asia,Diesel,All-wheel drive,1,14.95306292524787
260,4,162,2511.0913002973166,15.8,2005,Europe,Diesel,All-wheel drive,1,17.153305420420438
220,0,191,2698.807065394996,17,2006,USA,Diesel,Front-wheel drive,0,16.603196203163588
230,6,131,2948.20130216653,17.3,2019,USA,Gasoline,Front-wheel drive,1,14.625830598245555
220,4,164,2778.5277847151874,12.1,2012,Asia,Gasoline,Front-wheel drive,1,16.878614761198467
290,,120,3330.222218024644,17.3,2004,USA,Diesel,All-wheel drive,-1,12.774606748072914
310,,138,3449.8276316363495,15.8,2003,Asia,Gasoline,All-wheel drive,0,12.54241657154005
160,6,131,2960.3717952524134,11.5,2001,USA,Diesel,Front-wheel drive,-1,14.898365629014636
180,,112,3324.6352653053177,13.9,2003,Asia,Diesel,Front-wheel drive,-2,12.944711635483635
190,4,151,2271.695166688402,13.3,2004,USA,Gasoline,All-wheel drive,1,19.134192927597407
150,3,199,3427.4851982094674,16.8,2021,USA,Gasoline,Front-wheel drive,0,13.990715595227446
150,3,158,3040.463484594791,14.5,2012,Europe,Diesel,All-wheel drive,-2,15.44125678069408
210,6,189,3271.3851449232006,17.9,2003,Asia,Diesel,All-wheel drive,-1,13.502393400145088
160,3,147,3199.0987751746893,16.8,2008,Europe,Diesel,Front-wheel drive,,14.316372906609827
220,3,135,2160.393012798765,17.1,2021,Europe,Diesel,Front-wheel drive,0,18.373161277696923
220,5,145,2621.9902958745506,16.1,2013,USA,Gasoline,All-wheel drive,-1,16.962389676718256
110,3,128,2572.7532487186786,16.9,2001,USA,Diesel,All-wheel drive,0,17.009473873255335
210,2,116,3008.76772947232,16.2,2017,Asia,Gasoline,All-wheel drive,1,14.77206030038521
220,2,,3401.023673993878,18,2013,USA,Gasoline,All-wheel drive,-1,12.707726754911173
120,3,191,2814.2326454403137,17.8,2017,Europe,Diesel,All-wheel drive,2,15.709450705632596
190,1,173,3315.8387894257594,12.9,2016,Europe,Diesel,Front-wheel drive,-1,13.715145213385643
230,7,171,3597.768696666636,13.4,2016,Asia,Gasoline,Front-wheel drive,0,12.589188345231712
200,4,131,2106.093029269494,18.5,2022,USA,Gasoline,All-wheel drive,0,19.165000856907426
230,0,92,3859.055028198238,17.5,2021,USA,Diesel,Front-wheel drive,-1,10.063681575848056
160,4,101,2728.7052278941205,13.8,2005,USA,Diesel,Front-wheel drive,1,15.94701928630142
200,5,177,2561.9911221016464,17.5,2001,USA,Gasoline,Front-wheel drive,2,17.014170535808507
220,3,,2822.2255779112543,14,2014,Asia,Gasoline,Front-wheel drive,0,16.077016147552467
330,5,188,3421.983396393217,13.9,2014,Asia,Gasoline,All-wheel drive,,13.530863544083878
150,3,171,2668.5311946214897,15.2,2010,Europe,Gasoline,Front-wheel drive,1,16.63322667774457
210,5,151,3267.6577939570457,12.4,2006,Asia,Gasoline,Front-wheel drive,2,14.01687848221129
250,3,188,3237.682436569214,18.5,2011,Europe,Diesel,Front-wheel drive,-1,14.27615312230593
100,4,176,3053.737211616727,11.4,2020,Europe,Gasoline,Front-wheel drive,0,15.933427993268966
210,3,171,3500.0013500385435,13.4,2022,Asia,Gasoline,All-wheel drive,,13.35437339664754
210,3,150,2526.182508499824,15.2,2005,Asia,Gasoline,Front-wheel drive,0,17.921476174455645
140,4,104,3756.0762733702477,18.8,2003,Europe,Gasoline,All-wheel drive,0,10.589616530360223
160,4,165,2957.9008504911308,12.4,2014,USA,Gasoline,All-wheel drive,-1,15.556513882533597
90,5,124,3962.057533058857,13.8,2019,Europe,Gasoline,Front-wheel drive,,10.404796695844478
170,5,185,3170.657480075858,13.4,2017,USA,Diesel,All-wheel drive,1,14.552977653483204
250,8,138,3749.2006493341246,17,2019,Asia,Diesel,Front-wheel drive,-1,10.165071411846155
200,2,145,2709.1669734741563,16,2017,Europe,Gasoline,Front-wheel drive,0,16.674703118616918
230,,178,3720.216713455021,11.9,2007,Europe,Diesel,Front-wheel drive,,12.196870214858698
160,4,177,2744.2240404416034,18.5,2009,Asia,Gasoline,Front-wheel drive,-2,16.272835365659322
180,6,178,3206.1640689808064,14.1,2009,Europe,Diesel,Front-wheel drive,1,14.302202867481737
300,2,144,3327.2727297810784,,2006,Europe,Gasoline,Front-wheel drive,0,13.216965774978258
250,2,139,2460.545539665016,,2003,USA,Diesel,All-wheel drive,0,17.943615911664217
210,4,170,3402.6654810203163,13.7,2011,Europe,Gasoline,Front-wheel drive,-1,13.865287462109473
170,2,195,3383.709281351121,12,2003,Europe,Diesel,Front-wheel drive,1,13.566950182046874
120,4,164,3125.19786000623,18.4,2008,Europe,Diesel,Front-wheel drive,1,14.18393251888186
220,5,,2653.299877125493,10.2,2013,Asia,Diesel,All-wheel drive,0,17.1343035147322
160,2,186,3354.6039223891744,11.4,2006,Asia,Gasoline,All-wheel drive,1,13.4603548044401
180,8,185,3022.0656266996093,13.3,2023,Europe,Diesel,Front-wheel drive,2,15.863577250306529
230,6,206,3009.1688633863823,15,2005,Asia,Diesel,All-wheel drive,0,15.046814620048965
300,2,144,2591.5540383542148,11.8,2013,Asia,Diesel,Front-wheel drive,-1,17.726180978436737
140,4,112,3736.3827200010896,15.3,2021,USA,Gasoline,Front-wheel drive,2,10.370184017082948
150,4,167,3643.7352604357966,13.2,2005,Asia,Diesel,All-wheel drive,-1,12.109164016989213
170,3,132,2831.0322858259806,17.3,2013,USA,Gasoline,All-wheel drive,0,15.375230332985375
250,5,105,3146.8308928067295,13.5,2006,USA,Diesel,Front-wheel drive,1,13.801151169788296
170,0,153,2813.8605313473518,,2015,Asia,Diesel,Front-wheel drive,0,16.368748405755266
210,4,164,2550.5118316514877,,2021,Asia,Diesel,Front-wheel drive,0,16.48099725210784
170,4,181,2820.0278367155033,14.3,2022,Asia,Diesel,Front-wheel drive,-1,16.401004995105275
200,4,178,2132.856826007369,14.9,2013,Asia,Diesel,All-wheel drive,1,19.416789018935813
220,3,173,2751.831603066383,16.9,2001,Europe,Diesel,All-wheel drive,-2,16.01968556279034
210,3,95,2027.3859828529316,14.1,2006,Asia,Diesel,Front-wheel drive,-1,19.20814188342046
220,3,182,2550.7954519388572,,2006,USA,Gasoline,Front-wheel drive,0,17.925648458367416
150,,,2564.158416987701,13.7,2008,Asia,Gasoline,All-wheel drive,1,16.742392674620973
230,3,174,3628.2571412706866,,2021,USA,Gasoline,Front-wheel drive,1,11.907034116791019
210,7,151,2454.950827555058,12.3,2005,Asia,Gasoline,All-wheel drive,-1,17.377889925054703
190,2,141,3195.8669415834306,17.2,2017,Europe,Diesel,All-wheel drive,-1,13.479433776438931
190,2,179,3317.780972348011,14.7,2022,Asia,Gasoline,All-wheel drive,-2,13.766178325685631
180,3,,2957.1738064837255,11.5,2008,USA,Diesel,Front-wheel drive,-1,14.921958225538296
310,2,167,3107.5512205232794,15.9,2007,Europe,Gasoline,Front-wheel drive,0,14.488682229044404
160,4,172,2350.141165049561,14.6,2002,Europe,Diesel,Front-wheel drive,-1,17.730385531385547
210,3,176,2762.544589591404,19.1,2006,USA,Diesel,All-wheel drive,1,15.745406469814657
270,3,160,3284.049849319988,16.6,2009,Asia,Diesel,Front-wheel drive,0,13.853699660788461
200,4,,2610.4689143693304,16.5,2013,USA,Gasoline,All-wheel drive,0,17.856469390467222
200,5,106,3467.975262150446,16.6,2006,USA,Diesel,All-wheel drive,-3,12.009313628027419
210,6,,3034.6137282471627,14.5,2005,Asia,Diesel,All-wheel drive,2,14.36320201510114
230,5,140,2500.5274164974558,13.1,2013,Asia,Gasoline,Front-wheel drive,-1,17.39397499560292
180,3,158,2920.1260860119883,10,2004,Asia,Diesel,All-wheel drive,-1,15.444309768863407
230,9,165,2423.799481574223,13.9,2020,Asia,Diesel,All-wheel drive,0,18.214271907007927
170,5,112,3395.690963394932,,2017,Asia,Diesel,All-wheel drive,1,12.794423114383305
180,6,,2841.0449316289564,12.9,2019,USA,Gasoline,Front-wheel drive,-1,16.557262413591136
190,,161,3440.0317353482596,13.7,2016,Europe,Diesel,All-wheel drive,0,13.239691024662658
150,3,139,2528.939187890383,15.2,2004,Europe,Diesel,All-wheel drive,0,17.043453539204176
140,6,103,2522.0964716110634,,2020,Asia,Gasoline,Front-wheel drive,-1,17.095572251433374
170,2,189,3273.928258952894,17.6,2014,Europe,Diesel,All-wheel drive,0,14.022672332597951
260,3,128,3159.180745976427,11.1,2016,Asia,Diesel,All-wheel drive,0,15.026656871926289
210,9,169,2252.608401052267,13.3,2021,USA,Gasoline,Front-wheel drive,,18.820899966634432
250,9,163,2407.4426417354794,15.3,2015,USA,Diesel,Front-wheel drive,0,17.737981295438292
200,,179,2690.443328092724,15.6,2011,Asia,Gasoline,All-wheel drive,-2,16.59576087239228
280,4,144,4131.376237441259,15.8,2010,USA,Gasoline,Front-wheel drive,0,9.26630844404865
90,3,137,3196.9194685212765,15,2001,Europe,Gasoline,All-wheel drive,1,14.437681473006844
170,4,165,3310.764962801274,10.5,2012,USA,Gasoline,All-wheel drive,-2,13.861027138071206
250,6,198,2778.18226079635,15.4,2000,Europe,Diesel,All-wheel drive,0,16.605453901318448
150,5,164,3079.538005145859,12.1,2007,Europe,Diesel,All-wheel drive,-1,14.852061151509625
170,4,95,2746.0456378556055,19,2007,Asia,Gasoline,Front-wheel drive,0,14.977545537010494
240,2,141,2924.8848921789795,12.7,2003,Asia,Diesel,Front-wheel drive,0,16.001471084801132
220,5,122,2737.200949129177,17,2004,USA,Diesel,Front-wheel drive,-1,15.191681692803721
150,8,106,2052.3177518833277,15.7,2003,Asia,Diesel,Front-wheel drive,-1,19.906125149567814
160,3,128,2704.889121379114,12.6,2010,Asia,Gasoline,All-wheel drive,0,16.413162094766857
110,3,164,2931.1714578027,,2013,USA,Gasoline,Front-wheel drive,-2,16.09463594324699
220,7,,3269.3376016146876,,2008,USA,Gasoline,All-wheel drive,0,13.537868883087896
110,6,188,3331.2263496546193,14.1,2008,Europe,Gasoline,Front-wheel drive,-1,13.839164973375684
160,,116,2975.613083510533,19.5,2022,Asia,Gasoline,All-wheel drive,,14.888531935099389
250,4,89,3064.8193323369455,19.7,2013,USA,Diesel,All-wheel drive,0,14.000041221144846
190,6,151,3648.157006384784,16.9,2008,USA,Diesel,All-wheel drive,0,11.521131952960772
160,0,164,3261.181596607172,19.5,2018,USA,Diesel,All-wheel drive,-1,13.142312519707758
220,4,147,4132.260976168944,19.5,2019,Asia,Gasoline,All-wheel drive,-1,8.311443476693361
160,6,171,2192.4893948452814,18.8,2001,Europe,Gasoline,Front-wheel drive,2,19.2750030474776
150,2,,2741.0848089413516,18.5,2003,USA,Gasoline,Front-wheel drive,-1,16.006324922415715
170,6,135,2937.8584929743893,,2012,Asia,Diesel,Front-wheel drive,-1,15.70706255568809
240,2,155,3197.4752644656432,18,2008,USA,Diesel,Front-wheel drive,0,13.553896815957565
280,5,180,2813.61370715858,14,2008,Europe,Gasoline,All-wheel drive,1,16.235901989937773
220,6,109,1861.7441441137598,,2020,Asia,Gasoline,Front-wheel drive,1,19.664864813918342
170,4,215,3642.4962695190925,16.2,2015,USA,Diesel,All-wheel drive,0,12.77479986965908
190,3,184,2967.5477724149555,18.3,2001,Asia,Diesel,Front-wheel drive,0,15.12600134740419
160,5,99,3827.867166849655,14.5,2011,USA,Gasoline,All-wheel drive,0,10.07076483819714
150,3,152,1940.977644833442,14.5,2011,Asia,Diesel,Front-wheel drive,1,20.596271298549375
190,,132,3426.458253293431,14.6,2009,USA,Diesel,Front-wheel drive,0,13.58512895469683
150,5,171,2624.729635547271,,2023,Europe,Gasoline,All-wheel drive,-1,17.126861126933402
200,6,183,3100.3804518345178,15,2022,USA,Gasoline,All-wheel drive,-1,15.645630771565337
180,3,138,2760.9910186313996,14.1,2007,Asia,Diesel,All-wheel drive,0,15.859223400127195
200,4,167,3514.908714032811,16.4,2013,USA,Diesel,Front-wheel drive,-2,11.883832069465852
240,0,181,2180.393506007352,17.8,2010,Europe,Gasoline,Front-wheel drive,1,18.66185827997532
170,2,131,2970.5260607468613,,2014,Asia,Diesel,Front-wheel drive,,15.795660992420856
260,4,87,4390.657284691133,16.6,2019,USA,Diesel,All-wheel drive,-1,7.516991253494363
110,4,127,3403.136114415997,13.4,2007,Europe,Gasoline,All-wheel drive,2,13.257953210980277
60,2,,2149.1075199002908,12.4,2018,Europe,Diesel,Front-wheel drive,-1,18.79514887031958
170,3,142,3012.6387455641993,16.4,2018,Europe,Gasoline,Front-wheel drive,-1,14.719009486203309
210,3,174,3190.5729466110784,14,2002,Europe,Gasoline,All-wheel drive,-1,14.378555328763992
120,6,141,3033.885183197746,16.2,2012,USA,Gasoline,All-wheel drive,-1,14.64416260009356
100,4,181,1819.0638998398392,,2007,Asia,Diesel,All-wheel drive,1,22.2411090320929
230,3,108,3394.907449506994,14.1,2012,Asia,Gasoline,Front-wheel drive,-2,12.590145349575218
200,3,126,3049.191366697366,14.5,2003,USA,Diesel,All-wheel drive,0,14.821599131671192
120,2,163,2878.654449609271,,2006,USA,Diesel,Front-wheel drive,-1,15.49259556663019
200,6,109,2959.4105034767026,14.1,2001,USA,Diesel,All-wheel drive,0,14.299783968929694
230,0,156,3783.6612692739004,,2010,Europe,Diesel,All-wheel drive,-1,10.720764090125217
130,4,119,3227.091181188817,,2023,Asia,Gasoline,Front-wheel drive,,12.961105593314581
220,5,151,3092.3864049602116,18.9,2006,Europe,Gasoline,Front-wheel drive,0,14.553730273091546
280,4,113,2649.2014102868543,15.7,2014,USA,Gasoline,Front-wheel drive,1,16.596752938144277
180,4,172,3114.1018261288377,,2008,Asia,Gasoline,All-wheel drive,-2,14.872514666100724
220,7,216,3027.760233597041,16.2,2006,USA,Diesel,All-wheel drive,0,15.928575554410251
210,4,,2908.029610770682,15.7,2014,Asia,Gasoline,Front-wheel drive,-1,14.86871761694387
200,3,121,3550.8063467847373,12,2012,USA,Gasoline,All-wheel drive,0,12.113096457910517
180,5,157,2743.779077212619,13.9,2019,USA,Diesel,All-wheel drive,1,16.167931679785404
270,3,136,2165.132669052471,11.3,2014,Asia,Gasoline,All-wheel drive,0,19.379114884633285
180,4,145,2990.701738475875,13.8,2003,USA,Diesel,Front-wheel drive,-1,16.343185547772215
190,3,155,2713.5284834010304,11.8,2006,USA,Diesel,Front-wheel drive,0,16.566722299709557
160,2,158,2942.1034008369184,,2007,Europe,Gasoline,Front-wheel drive,-1,14.895357895171204
240,3,184,2855.648124816108,,2023,Europe,Diesel,All-wheel drive,-1,16.319516682273974
190,6,184,1812.3775771018638,19.1,2012,USA,Gasoline,All-wheel drive,0,20.701380795957885
190,4,157,2730.5785547119162,20.8,2012,Asia,Gasoline,All-wheel drive,1,15.304217348115372
210,1,103,3675.801118812708,20.3,2003,Europe,Gasoline,All-wheel drive,2,10.178722405962372
200,1,188,2390.3203328436557,14.4,2015,USA,Gasoline,Front-wheel drive,2,18.047267534769304
140,5,140,2943.2273725019727,,2007,USA,Diesel,All-wheel drive,0,15.753622480802445
150,4,225,3038.900737880287,15.7,2019,USA,Diesel,All-wheel drive,-1,15.316219445103936
160,3,,3376.2198851886487,14.4,2007,Europe,Gasoline,All-wheel drive,-2,13.396258179213575
300,0,167,3207.028075827702,19,2010,USA,Gasoline,All-wheel drive,-2,13.706647084803382
110,4,134,3525.70989076538,13.5,2007,Europe,Diesel,Front-wheel drive,0,12.063694042983208
180,4,,2257.24236284417,16.7,2020,Europe,Diesel,Front-wheel drive,1,19.127741702705677
230,6,196,3883.800824899478,12.9,2020,USA,Gasoline,All-wheel drive,1,11.615526575729076
180,5,104,2638.164815585119,16.2,2018,Asia,Gasoline,All-wheel drive,2,16.645848970874326
250,5,197,3346.6980604393734,11.2,2008,Asia,Gasoline,All-wheel drive,1,14.620726192605495
200,7,158,2867.649891171705,14.5,2008,Europe,Gasoline,Front-wheel drive,0,15.395887336484826
220,3,142,3288.272185156403,13.3,2003,Europe,Diesel,All-wheel drive,0,13.069843470630769
180,2,142,2828.2929473940885,,2022,Asia,Gasoline,Front-wheel drive,1,16.204845993312624
200,2,,2587.6248219577474,12.2,2008,Europe,Diesel,Front-wheel drive,0,17.351410545684
120,2,116,2467.8504756219963,16.5,2019,Asia,Gasoline,Front-wheel drive,1,16.95579935265808
180,3,175,1882.8463768789104,14.8,2013,Asia,Gasoline,All-wheel drive,2,20.53477769951707
270,6,109,3439.456710098842,17.5,2019,Asia,Gasoline,Front-wheel drive,0,12.341977636639161
220,4,150,3285.2850032354663,9.6,2000,USA,Diesel,Front-wheel drive,-1,14.135531026888417
190,4,181,2967.589921999463,11.5,2003,Asia,Gasoline,All-wheel drive,2,15.030833589588616
240,6,101,3037.7659849410015,12.9,2017,USA,Diesel,Front-wheel drive,0,14.699231393237888
200,4,,2664.6838793666466,18.1,2013,USA,Diesel,All-wheel drive,2,17.07924959087603
220,0,168,3197.078760792267,18.9,2013,Europe,Gasoline,Front-wheel drive,-1,13.571911459581576
160,2,127,3458.251436445896,12.6,2001,USA,Diesel,All-wheel drive,-1,12.799347844576838
190,2,161,2884.7913759587836,14.4,2001,Europe,Gasoline,All-wheel drive,0,15.659905004818496
180,7,220,2622.844751085909,13.1,2013,USA,Diesel,Front-wheel drive,-1,17.155757784254526
190,6,186,2955.5061053009053,18.2,2021,Europe,Diesel,All-wheel drive,-2,14.370227244647188
150,2,175,3084.6408569719315,16.5,2017,Europe,Diesel,All-wheel drive,-1,14.59182307720147
160,1,150,3612.849999348612,10.7,2001,Europe,Gasoline,Front-wheel drive,1,12.82431077772563
190,8,170,3122.7517577610124,,2011,USA,Gasoline,Front-wheel drive,1,14.308876341857182
190,4,122,2806.7174514430553,,2001,Asia,Diesel,Front-wheel drive,-1,14.759803875953924
190,1,204,3620.5118012947605,15.2,2022,USA,Gasoline,Front-wheel drive,0,12.814719472458657
210,4,147,3136.457366714646,11.2,2015,Europe,Diesel,Front-wheel drive,0,14.82757913171424
150,2,117,1483.1985058238229,11.1,2021,Europe,Gasoline,All-wheel drive,-1,22.835926427411238
190,3,146,2696.4065899190764,15.8,2002,Europe,Diesel,All-wheel drive,,16.59921590513199
170,3,169,2643.3164408360913,,2011,USA,Gasoline,Front-wheel drive,-1,17.43530864243147
150,4,181,2399.2021685250234,16.9,2015,Asia,Gasoline,All-wheel drive,1,17.614918829362985
160,3,118,3182.6472475726746,,2022,Asia,Diesel,All-wheel drive,0,13.606769235735646
120,7,196,3260.1175478440873,11.5,2015,Asia,Gasoline,Front-wheel drive,1,14.541252646062018
200,3,128,3968.7973917925306,16,2021,Asia,Gasoline,Front-wheel drive,0,9.158428062584909
180,0,88,2996.422338712431,14,2010,Asia,Gasoline,Front-wheel drive,,14.316256322966334
160,3,202,2180.7032837302795,16.3,2015,Europe,Diesel,Front-wheel drive,1,20.09911685036081
210,3,162,2310.296212382674,12.6,2008,Europe,Diesel,Front-wheel drive,2,18.48088664006648
240,3,122,2393.311432142079,17.9,2004,Europe,Diesel,All-wheel drive,-1,17.30025761068559
180,2,112,3140.8486199199565,22.6,2021,Asia,Gasoline,All-wheel drive,1,12.86793406187915
160,4,134,2834.873453109252,14.8,2015,USA,Gasoline,Front-wheel drive,0,15.631571029876662
190,3,,2782.489819225956,15.4,2006,Asia,Gasoline,All-wheel drive,1,15.73518777999835
190,1,,2798.598407957579,14.1,2023,Asia,Gasoline,All-wheel drive,1,15.818053618812879
100,4,183,3154.583607357053,13.4,2021,USA,Gasoline,Front-wheel drive,0,14.401191581338745
210,4,179,3378.314354341497,17,2010,USA,Gasoline,Front-wheel drive,0,13.02906847925318
160,6,151,2833.9995082497876,11.8,2005,USA,Diesel,Front-wheel drive,0,16.75206538909756
260,7,119,3085.605523151951,10.8,2015,Asia,Gasoline,Front-wheel drive,-1,15.082698865335981
250,3,120,3551.043585814638,11.5,2001,Europe,Diesel,Front-wheel drive,0,11.243117608033641
230,3,150,3471.292213810873,17.7,2012,Asia,Gasoline,All-wheel drive,-1,12.483368545271642
230,1,79,2515.6003652271484,,2022,Europe,Gasoline,Front-wheel drive,1,15.533429021056955
150,5,,3409.172472588048,10.3,2008,Europe,Diesel,All-wheel drive,-1,12.773947120272535
250,5,112,3231.2921735675177,15.2,2022,Europe,Gasoline,Front-wheel drive,-2,12.55343934809472
160,6,157,2537.3476113204324,14.4,2005,Asia,Diesel,All-wheel drive,0,17.320556897271246
210,2,179,3209.0335950336844,17.6,2021,USA,Gasoline,Front-wheel drive,-2,13.506174329089074
220,4,181,3506.590509751147,17.2,2022,USA,Diesel,Front-wheel drive,0,12.48236683016464
240,4,,3004.5889977352103,11.8,2010,Europe,Gasoline,Front-wheel drive,-2,15.63897036699925
180,,160,2745.7162983615494,11.5,2005,Asia,Diesel,All-wheel drive,0,16.548559364380218
230,6,202,4253.002677043559,13.1,2022,Europe,Gasoline,All-wheel drive,2,9.540055305169732
120,2,,3472.775929846451,16.5,2019,Europe,Gasoline,Front-wheel drive,1,13.127502368825855
180,3,158,2379.7866998980853,16.3,2001,Europe,Diesel,All-wheel drive,0,18.68882939286725
170,4,152,2385.2913941491834,14.6,2009,Asia,Diesel,All-wheel drive,-2,18.647597554203355
90,4,161,3218.014728156083,15.8,2013,Europe,Diesel,All-wheel drive,-2,14.62023579577312
180,4,154,2970.3717082132925,11.9,2020,Europe,Gasoline,Front-wheel drive,0,15.446981625798982
240,3,154,3143.038381851407,17.6,2023,Europe,Diesel,All-wheel drive,0,14.665061001777383
300,3,,2358.8901960041662,13.6,2004,USA,Diesel,All-wheel drive,2,18.737328207433034
140,6,164,3044.446737379592,13.7,2015,Asia,Diesel,Front-wheel drive,-1,15.057418440301465
190,5,149,3344.485131295505,13.4,2004,Asia,Gasoline,All-wheel drive,0,13.529258289208181
140,1,110,3330.1983994678258,,2010,Europe,Diesel,Front-wheel drive,0,13.42857856250784
190,6,146,2635.1039107167317,14.3,2015,Europe,Diesel,All-wheel drive,0,16.627547729867114
220,2,202,3147.5392936348276,16.2,2015,USA,Gasoline,All-wheel drive,-1,14.522224337882115
250,4,144,2098.105534460435,,2015,Asia,Gasoline,All-wheel drive,,19.111241336713896
160,3,146,3341.8975349488537,19.1,2000,USA,Gasoline,Front-wheel drive,1,13.250433049935934
200,3,178,2302.2135481540113,16.8,2006,USA,Diesel,All-wheel drive,1,17.88332968027545
190,5,135,3065.232004223478,12,2021,Europe,Gasoline,Front-wheel drive,1,15.216467219270916
270,3,130,2633.9234041319155,16.5,2005,Europe,Diesel,Front-wheel drive,2,15.974083598661126
120,2,189,3956.4953639295986,18.4,2005,Europe,Diesel,Front-wheel drive,0,10.820562604084595
170,6,201,2938.2460193617035,12.2,2003,USA,Gasoline,All-wheel drive,0,15.906901464222248
220,3,219,2754.7635524304364,16.8,2004,Asia,Gasoline,Front-wheel drive,,16.449115152674388
130,2,189,2843.0605221210494,12.2,2001,USA,Diesel,All-wheel drive,,16.834008153958095
180,2,167,3204.5859116104293,14.4,2008,Europe,Diesel,Front-wheel drive,1,13.990599481550035
210,0,,2919.6962286253797,11.6,2020,USA,Diesel,Front-wheel drive,-1,15.343449984574967
200,2,141,1857.2947776103924,11.1,2013,USA,Diesel,Front-wheel drive,1,21.130037312737628
200,4,144,3330.2474413197224,16.1,2004,USA,Diesel,All-wheel drive,0,13.59739054789675
170,4,163,3447.8958380039403,13.8,2012,Asia,Gasoline,All-wheel drive,-1,13.666027493833148
240,1,143,3029.566736021851,17.2,2014,Europe,Gasoline,Front-wheel drive,-1,14.509021387040633
170,2,175,2886.685483094336,15.1,2004,Asia,Diesel,All-wheel drive,0,15.854479447736368
250,6,139,2517.270718297418,17.5,2019,Europe,Diesel,Front-wheel drive,-1,17.037771628605164
90,3,,2971.262740274957,13.6,2011,Asia,Diesel,Front-wheel drive,1,15.49793219854687
120,3,163,2942.6505374017747,16.8,2022,USA,Gasoline,Front-wheel drive,-1,14.987334287077665
140,4,86,2868.7686707773564,15.3,2003,Europe,Gasoline,Front-wheel drive,0,14.888445284220825
150,3,153,2191.060099196046,16.6,2018,Europe,Gasoline,Front-wheel drive,1,19.415691274072632
170,5,124,3511.0180701711934,17.5,2019,Asia,Gasoline,Front-wheel drive,-1,11.679409891603946
240,5,133,2230.973453671538,9.9,2007,USA,Gasoline,Front-wheel drive,1,18.748988846937674
260,7,137,2361.1604811390744,10.6,2009,Europe,Diesel,All-wheel drive,1,18.17732986519117
230,1,75,2986.515812242064,,2004,Europe,Gasoline,Front-wheel drive,1,14.424811961284075
180,2,160,3762.161290246484,12.8,2007,Asia,Gasoline,All-wheel drive,-2,11.390844154753328
100,4,159,3154.1746875705035,13.8,2002,Europe,Diesel,All-wheel drive,0,14.817145177499581
150,3,135,2925.9007152589147,17.4,2015,Asia,Gasoline,Front-wheel drive,-1,15.012795549175133
250,5,172,2902.8763443413545,15.3,2013,USA,Diesel,Front-wheel drive,-1,15.059854897903712
210,3,137,3164.6449598554004,17.1,2002,Asia,Diesel,Front-wheel drive,1,14.057639138812691
190,2,127,3805.64829630038,15.7,2005,USA,Gasoline,Front-wheel drive,0,10.741433707507873
250,2,130,2569.770538158713,15,2021,Europe,Gasoline,All-wheel drive,-1,17.235698333275806
260,6,174,3055.948199933675,11.9,2012,Asia,Gasoline,Front-wheel drive,0,15.232988297944523
250,2,,2128.7395150975763,14.6,2007,Asia,Diesel,All-wheel drive,1,19.22021740734077
220,2,149,3469.107973939988,14.2,2003,Asia,Diesel,All-wheel drive,1,13.177580594387635
210,1,189,3149.081846497002,10.2,2001,Asia,Diesel,Front-wheel drive,-1,15.495080658275683
240,3,146,4208.251536691971,9.7,2023,Asia,Diesel,All-wheel drive,-1,9.346587001701122
180,10,153,3633.5616221087953,18.3,2015,Asia,Diesel,All-wheel drive,0,11.242586355612207
170,3,,2505.9680769993247,,2008,Asia,Gasoline,All-wheel drive,-1,17.035890404077477
210,4,160,2472.571647775465,14.8,2017,USA,Diesel,All-wheel drive,1,17.84093159242464
220,6,89,3466.126490802176,11.3,2022,Europe,Diesel,Front-wheel drive,1,12.812457257718794
280,5,,3039.297481715058,13.8,2011,Europe,Gasoline,Front-wheel drive,2,14.72439412427124
230,3,163,2373.221722295694,12.9,2003,Europe,Gasoline,All-wheel drive,-1,18.69533244019527
210,3,89,3509.7886893050645,15.7,2013,Asia,Gasoline,Front-wheel drive,0,12.19141712396134
230,3,206,3049.338184822238,12.4,2023,Europe,Gasoline,Front-wheel drive,-1,16.21820911997567
240,6,162,2542.1220099505786,19,2015,Asia,Gasoline,All-wheel drive,1,16.83983100386547
160,2,172,2502.6156210622116,12.7,2013,Asia,Diesel,Front-wheel drive,,18.378781429198508
210,2,,2688.939919955178,11.6,2020,Asia,Diesel,Front-wheel drive,-1,17.28707599142301
190,6,185,2670.93857530515,,2006,Europe,Diesel,Front-wheel drive,0,16.97739000390958
160,6,152,3038.5718592736207,19.2,2001,Europe,Gasoline,Front-wheel drive,,14.843108134402327
240,3,178,2796.331070427201,12.5,2014,Europe,Diesel,All-wheel drive,0,16.983003330573457
240,4,178,2947.0515541091227,16.4,2014,USA,Diesel,Front-wheel drive,-1,15.548790581966252
140,2,157,3319.3302610460264,16.5,2002,USA,Diesel,All-wheel drive,1,13.937997038477851
130,7,127,3374.7749922128132,13.8,2003,Europe,Gasoline,Front-wheel drive,1,12.997800144109053
180,4,129,2326.1756282925044,18.1,2005,USA,Gasoline,All-wheel drive,0,18.077812053283075
180,6,153,3941.0629710929397,13,2009,Asia,Diesel,Front-wheel drive,1,10.9473756373629
190,3,177,2918.0954658214564,15.9,2007,Asia,Gasoline,Front-wheel drive,1,15.576945788077595
210,0,169,3498.934403333735,15.2,2009,USA,Gasoline,All-wheel drive,1,12.999983342326104
190,3,142,3332.464207393576,10,2017,Europe,Diesel,Front-wheel drive,-1,14.30553217978571
270,2,,3253.9025935297364,20.7,2023,Asia,Diesel,Front-wheel drive,-2,13.242467169535338
230,4,76,3338.329570402487,13.6,2006,Europe,Diesel,Front-wheel drive,-1,12.07185092182471
260,4,,2494.1860600638975,10.9,2001,USA,Diesel,All-wheel drive,-2,18.365488198462938
180,5,145,3060.410400973008,16,2005,USA,Diesel,All-wheel drive,-1,14.414016458164351
140,0,153,3391.5043023278904,14,2010,USA,Gasoline,All-wheel drive,0,12.856205637470625
260,6,123,3454.8690753727024,14.3,2017,Asia,Diesel,All-wheel drive,0,12.622169614957146
200,2,118,3185.4271198004844,12.1,2007,Europe,Diesel,Front-wheel drive,0,13.558840787551784
230,6,162,3610.2941231450586,17.1,2001,USA,Gasoline,Front-wheel drive,2,12.022080823968098
240,4,,3270.360906840986,,2017,Asia,Gasoline,All-wheel drive,1,13.801207889316876
210,7,151,2827.7326835401464,15.4,2020,Asia,Gasoline,All-wheel drive,-1,16.19548163552655
230,2,134,2868.8308832960633,17,2014,Asia,Diesel,All-wheel drive,3,15.259163130435597
120,4,164,2963.3523968153313,18.9,2003,USA,Diesel,Front-wheel drive,0,15.14955525956557
120,3,102,2157.718256525963,22.5,2009,USA,Gasoline,All-wheel drive,0,18.00378016657563
210,6,121,2225.120847855977,14.3,2023,Europe,Diesel,All-wheel drive,-1,18.053000964771737
270,2,96,2951.6673701622485,14.3,2006,Europe,Diesel,Front-wheel drive,-1,15.00900670054593
220,2,185,2612.7183576045063,21,2013,Asia,Diesel,Front-wheel drive,0,16.657618752564627
270,6,160,2802.5189091406933,15.8,2005,Europe,Gasoline,Front-wheel drive,,16.177715996306052
180,5,181,2849.8055487074275,,2000,Europe,Gasoline,All-wheel drive,0,15.13408412877965
240,2,,2218.452556204131,14,2008,USA,Gasoline,Front-wheel drive,0,18.76547923456836
180,4,90,3356.037477921195,16.3,2015,Europe,Diesel,All-wheel drive,-1,12.837430509147351
150,4,124,2472.8200442465836,17.9,2014,USA,Diesel,All-wheel drive,0,17.268400979916784
260,5,138,3014.061529833368,,2022,Europe,Gasoline,Front-wheel drive,-2,14.601181807208091
230,6,160,3098.479889701999,18.8,2022,Asia,Gasoline,Front-wheel drive,-1,14.727077250213911
160,4,210,2979.5317348475546,15.2,2010,Asia,Diesel,Front-wheel drive,0,15.784681226244679
290,3,190,4326.565702662577,15.5,2009,Europe,Gasoline,All-wheel drive,0,8.669351197871249
80,2,82,3141.875989022751,12.6,2001,Asia,Diesel,All-wheel drive,0,14.17161515889398
230,2,182,3041.964592561489,16.7,2010,Europe,Diesel,All-wheel drive,0,15.18828664996517
160,,126,3543.122332461703,,2007,Asia,Gasoline,All-wheel drive,1,12.245730387596328
290,1,162,2625.1456938074257,18.5,2004,Europe,Gasoline,Front-wheel drive,0,16.475966675467102
150,6,,3409.9284578954025,14.6,2021,Asia,Gasoline,Front-wheel drive,,13.499729762759499
200,,92,2855.542026728494,14.9,2003,USA,Gasoline,Front-wheel drive,0,14.225418695141368
140,3,125,2794.937032396082,,2021,USA,Diesel,Front-wheel drive,0,15.453539603363422
150,6,145,2537.19798785333,8.4,2019,Asia,Gasoline,Front-wheel drive,1,17.672813519620483
190,3,,2903.4673920482915,13.3,2003,Europe,Diesel,Front-wheel drive,0,16.047526789118436
170,8,,3055.6166660607873,15.5,2015,Europe,Diesel,Front-wheel drive,-1,14.377909638012769
240,3,203,2270.1489585986837,16.3,2003,Asia,Diesel,Front-wheel drive,-3,18.76216688930886
230,5,160,3708.067258488876,13,2007,Asia,Diesel,All-wheel drive,-1,11.698802908152917
180,7,138,2064.3054603881774,17.3,2005,Asia,Gasoline,All-wheel drive,0,19.250480640656036
180,3,,3384.4381684759305,15.5,2023,USA,Diesel,Front-wheel drive,-1,12.526592383372307
280,11,143,2495.207628423809,16.5,2008,Asia,Gasoline,All-wheel drive,0,17.76769265698941
150,3,145,3455.7727202377787,13,2003,Asia,Gasoline,Front-wheel drive,-1,12.731186394984288
180,5,144,3260.9247952374117,16.2,2015,USA,Gasoline,Front-wheel drive,1,14.029957894297263
130,4,148,2898.904138832919,10.6,2001,USA,Gasoline,Front-wheel drive,-2,15.545010341333676
250,5,152,3097.169134406736,19.9,2008,USA,Diesel,Front-wheel drive,0,13.69890237097249
230,6,182,4342.954065088886,14.5,2018,USA,Gasoline,All-wheel drive,1,8.49771957324971
250,5,118,2892.095507433469,17.4,2008,Asia,Diesel,Front-wheel drive,1,15.424416100296463
200,2,91,2728.1567616675848,14.7,2003,Asia,Gasoline,Front-wheel drive,,16.270654557621466
190,4,171,2937.3001054108536,11.5,2010,USA,Gasoline,All-wheel drive,0,15.73862201584642
240,3,,3122.6859218312056,17,2018,Asia,Gasoline,Front-wheel drive,0,13.049326573727015
240,7,187,3708.472532845186,18.7,2019,Europe,Gasoline,Front-wheel drive,-1,11.561743556040259
190,3,137,2870.691004922849,,2009,Europe,Diesel,All-wheel drive,0,15.814746240605254
240,2,161,2301.926852433535,,2004,USA,Gasoline,All-wheel drive,0,18.169279602006462
260,6,138,2269.6865666730682,,2018,USA,Gasoline,Front-wheel drive,,18.448383543683192
170,5,191,2986.654773879096,10.1,2008,Europe,Gasoline,All-wheel drive,0,15.680359940811023
250,1,129,2934.9277042597028,15.4,2009,USA,Diesel,All-wheel drive,0,15.517400662335383
200,0,157,3047.211514786145,13.8,2022,Europe,Gasoline,Front-wheel drive,0,15.731320277119277
160,3,121,2963.5664217872522,13.1,2011,Europe,Gasoline,All-wheel drive,0,15.203293079950093
220,6,171,2741.3238768767883,18.3,2014,USA,Diesel,All-wheel drive,1,16.25159886767917
250,4,130,2843.089550139266,16.2,2021,Asia,Diesel,All-wheel drive,0,16.262667673036383
310,4,194,2813.8759164345074,,2007,Europe,Gasoline,All-wheel drive,-2,15.43445262110459
250,2,142,3524.3943440102084,16.8,2014,USA,Gasoline,Front-wheel drive,-1,12.420309369905262
100,4,158,2429.594446049894,13.2,2005,Asia,Diesel,Front-wheel drive,2,18.33234611554011
250,3,162,3563.3383128422906,17.1,2015,USA,Diesel,Front-wheel drive,1,12.114511262321434
240,1,147,4078.382331765727,12,2007,USA,Diesel,Front-wheel drive,0,9.194797912237522
270,2,192,3717.105782449654,16.3,2010,Europe,Gasoline,Front-wheel drive,1,11.904849408993291
150,1,164,2704.326487364847,16.7,2003,Europe,Diesel,Front-wheel drive,0,16.663741748837968
240,3,144,3423.6700740181172,16.7,2014,Europe,Gasoline,Front-wheel drive,1,12.986634605554581
170,6,177,3705.111696953209,17.2,2011,USA,Diesel,Front-wheel drive,-1,10.920187914139342
230,2,111,2974.3737328997527,,2015,Asia,Gasoline,All-wheel drive,0,14.65704175151573
190,5,126,2773.862995145724,15.8,2019,Europe,Diesel,Front-wheel drive,0,16.09856305969708
220,4,217,2250.284669318809,14.5,2020,Europe,Diesel,Front-wheel drive,0,18.86521399422018
220,2,145,3127.1714807126755,12.9,2013,Europe,Gasoline,All-wheel drive,2,14.46949353326544
180,3,134,3354.137250110598,13,2020,USA,Diesel,All-wheel drive,-2,13.145673753121745
220,5,153,2936.932887553458,13.7,2015,USA,Gasoline,All-wheel drive,0,15.097066812578449
240,3,164,3152.5814172834275,13,2013,Europe,Diesel,All-wheel drive,0,14.730643115660527
240,6,,3420.640034878525,13.8,2018,Europe,Diesel,All-wheel drive,0,12.228685452198683
170,2,202,2453.343838910644,13.9,2009,Asia,Gasoline,All-wheel drive,0,18.259479801882517
310,1,164,2734.7591970950625,11,2015,Asia,Gasoline,All-wheel drive,,16.66187943465649
240,,168,2751.932773923678,18.2,2002,Europe,Gasoline,All-wheel drive,3,16.131174087595863
240,6,223,3520.5407204949215,14.4,2004,Asia,Diesel,Front-wheel drive,0,13.48469477546152
110,3,116,3013.7013218740526,18.1,2005,Europe,Diesel,All-wheel drive,0,13.442767073298572
190,4,108,2660.7368833202736,17.4,2007,Europe,Diesel,All-wheel drive,2,16.364263858548636
150,4,124,3445.8983806853917,,2004,Asia,Gasoline,All-wheel drive,1,12.927438584903143
240,4,,2441.4198037278998,14.6,2016,Europe,Diesel,All-wheel drive,-2,18.067815204786225
200,5,125,1977.0872963578674,16.6,2023,Europe,Diesel,All-wheel drive,1,19.850166096424662
130,3,180,2875.112831983604,15.4,2012,Asia,Diesel,All-wheel drive,1,15.88266103719102
210,8,157,3509.1028679110373,16.1,2018,Asia,Diesel,Front-wheel drive,0,12.548047696045789
220,10,190,3565.4135652180207,10.3,2017,USA,Diesel,Front-wheel drive,0,12.255444237538285
150,5,132,2661.210801210694,17.1,2004,USA,Diesel,Front-wheel drive,1,16.893924782585565
140,7,174,2789.032894720777,11.7,2013,Europe,Gasoline,All-wheel drive,1,16.08975254298849
280,,157,2900.380592770781,8.8,2014,USA,Gasoline,All-wheel drive,-1,16.08896090477612
130,4,146,3063.902741733921,15,2003,Europe,Gasoline,Front-wheel drive,0,14.886678700763628
270,1,140,2913.6281987810003,15.4,2018,Asia,Diesel,All-wheel drive,-1,15.164770072513814
170,3,194,3616.7936973129495,15,2015,Europe,Diesel,All-wheel drive,-1,11.94150057416847
130,5,141,2946.546820880891,16.8,2018,USA,Diesel,Front-wheel drive,0,15.672093017665816
170,4,142,2765.4695407096992,11.5,2020,USA,Diesel,All-wheel drive,0,16.643007742888237
160,,165,3085.285038170256,12.5,2010,Asia,Gasoline,Front-wheel drive,,15.107635178911819
240,1,173,2347.3131444223977,17.8,2011,Asia,Diesel,All-wheel drive,0,18.59792379951869
180,3,201,3055.60854484898,16.3,2009,Asia,Gasoline,Front-wheel drive,1,14.529642479482689
130,5,96,2825.054378545631,14.7,2015,Asia,Gasoline,All-wheel drive,-1,15.68978582679542
160,1,151,3656.4267977174113,,2012,Europe,Gasoline,Front-wheel drive,-1,11.735193311264897
160,1,128,2681.6859176071343,11.9,2003,USA,Gasoline,All-wheel drive,0,16.43144829102122
250,3,128,2831.991412735697,13.5,2002,USA,Gasoline,Front-wheel drive,0,16.028172908981226
190,2,167,3195.253132019846,14.9,2004,Europe,Gasoline,Front-wheel drive,1,14.01031498271453
250,2,146,2714.5731072644076,17.7,2003,USA,Gasoline,All-wheel drive,,15.66851253595321
310,,118,2550.9200258820565,15.6,2018,USA,Gasoline,Front-wheel drive,-1,16.251833353960414
150,5,174,2708.302065661304,17.4,2004,Asia,Gasoline,All-wheel drive,-1,16.512943114226328
180,4,112,3373.7380578165216,16.5,2012,Europe,Gasoline,All-wheel drive,-2,11.956838889957712
170,6,,2747.908994445223,,2004,Asia,Gasoline,Front-wheel drive,0,15.97896717870457
140,3,86,2973.7422428172836,14.9,2004,Europe,Diesel,Front-wheel drive,0,14.462433645579521
210,2,141,3631.288732117183,12.7,2010,USA,Diesel,All-wheel drive,-1,12.045200016446406
160,0,,3063.8979431336197,15.2,2008,Europe,Diesel,Front-wheel drive,-1,15.08419878015645
200,7,117,3118.9888109873355,14.7,2009,Asia,Diesel,All-wheel drive,-2,14.483878618293257
270,3,142,2933.7127863597284,,2012,Asia,Gasoline,Front-wheel drive,1,14.737935996759958
210,7,168,3222.205754056844,16.2,2019,USA,Gasoline,All-wheel drive,0,14.14429809107747
100,3,164,2979.3855050926068,15.7,2004,USA,Gasoline,All-wheel drive,-1,15.620218759651879
120,3,206,3393.5778775364633,16.8,2022,Asia,Gasoline,Front-wheel drive,-2,13.429872238656014
200,5,210,2517.4192524462096,17.4,2015,Asia,Diesel,Front-wheel drive,2,17.76679968615419
160,4,138,3115.0534440897363,10.6,2012,USA,Diesel,All-wheel drive,1,15.031993455801567
190,7,198,3075.4787619519266,15.6,2020,Europe,Gasoline,All-wheel drive,1,15.223007605154026
240,4,162,3098.2882763879147,17.2,2010,USA,Gasoline,All-wheel drive,-1,15.41057274520947
160,2,173,3158.596508757272,14.8,2016,Europe,Gasoline,Front-wheel drive,-1,14.647136387346732
190,5,119,3266.923690447896,16.4,2020,Europe,Gasoline,Front-wheel drive,0,13.389843273701418
170,2,199,2767.1097090881294,13.1,2002,Asia,Diesel,All-wheel drive,0,17.489308187143546
140,4,196,3260.678648921004,12.9,2022,USA,Gasoline,All-wheel drive,1,14.63444505581864
270,1,188,2998.9684984614755,11.8,2002,USA,Diesel,Front-wheel drive,2,15.733487082509184
190,3,186,3252.197197777913,14.6,2004,Asia,Diesel,Front-wheel drive,1,14.44593455066713
230,5,127,3283.5081465860276,,2021,Asia,Gasoline,All-wheel drive,-2,13.381149393692526
250,4,140,3549.877874801432,14.8,2021,Asia,Diesel,All-wheel drive,2,12.239066789282225
110,4,171,2300.4367248609547,12.4,2006,Asia,Diesel,Front-wheel drive,0,18.97591010935492
270,4,146,3141.2665818601886,12.3,2010,USA,Gasoline,Front-wheel drive,0,14.078699961371749
160,10,132,2776.0625815990384,18.2,2005,Asia,Diesel,Front-wheel drive,1,15.637434716462446
280,5,148,2846.584766583605,13.5,2000,USA,Gasoline,All-wheel drive,-2,15.661825161244273
240,3,156,3210.396174349336,12.3,2018,Asia,Diesel,All-wheel drive,-1,14.097565208341567
210,4,150,2785.7711760968104,,2003,USA,Diesel,All-wheel drive,-1,16.12276643943091
120,5,151,3478.897887974328,17.3,2015,USA,Diesel,All-wheel drive,-1,12.928389258845877
280,3,195,4062.3979300414203,,2007,USA,Diesel,Front-wheel drive,1,10.4820665825075
230,2,178,2669.2602778137034,10.8,2008,Europe,Gasoline,All-wheel drive,0,16.75532490663933
230,4,102,1829.6917380256127,15.6,2017,Europe,Gasoline,All-wheel drive,0,20.124726172453443
260,5,158,2880.7673828938578,12.5,2012,Asia,Diesel,Front-wheel drive,0,15.961664603918386
130,1,154,3003.755410049043,16.2,2002,Asia,Gasoline,All-wheel drive,2,15.19604288920908
220,7,128,3074.8527605631425,13.3,2013,Europe,Gasoline,Front-wheel drive,,15.004177902992001
250,5,162,2778.031075286004,17.5,2020,Europe,Diesel,Front-wheel drive,-1,15.028005355217887
120,,134,2515.5589421206028,11.8,2007,Europe,Gasoline,All-wheel drive,0,17.797243760528687
170,5,162,2786.356063520886,17.6,2020,USA,Gasoline,Front-wheel drive,0,16.172344208393138
140,4,123,2947.2613823614424,,2009,Asia,Diesel,All-wheel drive,0,14.954054007130555
290,5,178,2308.1543274731157,,2003,Europe,Diesel,Front-wheel drive,1,18.67799162466218
180,3,166,2360.362950692531,14.7,2021,Europe,Gasoline,All-wheel drive,0,18.171928864925338
110,6,127,3271.4464838042722,,2006,Europe,Gasoline,All-wheel drive,1,12.826468135598759
160,3,115,2878.3007646806695,16.6,2021,Asia,Diesel,Front-wheel drive,1,15.112669307779173
260,4,138,3472.318696298503,17.8,2002,USA,Diesel,Front-wheel drive,1,12.499621629223546
170,3,163,3501.9051243253366,14.8,2009,USA,Diesel,Front-wheel drive,-1,12.868838196947387
120,4,104,3426.978874364882,15.5,2021,Europe,Gasoline,Front-wheel drive,0,12.038194784669113
230,2,148,2279.0426290165033,13.2,2019,Europe,Diesel,Front-wheel drive,0,18.863400409261615
180,,119,2940.005380410145,17.5,2015,Asia,Diesel,Front-wheel drive,0,15.215572148589038
300,13,132,3870.1016297993356,13,2020,USA,Gasoline,Front-wheel drive,1,10.851124234582976
230,2,140,3091.6036011536758,12.7,2008,Asia,Gasoline,All-wheel drive,0,14.688795589723997
330,8,99,3038.3640616349794,18.1,2022,Europe,Gasoline,Front-wheel drive,0,13.326639264682864
150,1,186,3626.9592395957334,12.2,2020,USA,Gasoline,Front-wheel drive,,12.255472620228241
240,7,146,2333.592268615187,17.3,2007,USA,Gasoline,All-wheel drive,2,17.69324764273293
150,5,148,3315.3594140284413,,2015,Europe,Diesel,All-wheel drive,-1,13.427438857655337
170,2,122,2885.713429893008,12.3,2013,USA,Diesel,Front-wheel drive,,15.495855907330991
210,3,168,3745.6955412205507,16.6,2014,Europe,Gasoline,All-wheel drive,0,11.214775233182495
140,2,105,2674.5128273656733,15.1,2001,Europe,Diesel,Front-wheel drive,-1,16.656712929766933
180,4,152,2563.8155149160634,13.7,2003,Asia,Gasoline,All-wheel drive,2,17.49982999245488
350,5,150,3002.1147948317307,15.3,2004,USA,Diesel,Front-wheel drive,0,14.614692516355344
200,,170,3338.1146435436917,16.8,2022,Asia,Gasoline,All-wheel drive,0,12.891082406791167
200,4,171,2624.5993100252863,13,2023,Europe,Gasoline,All-wheel drive,0,17.575950072895882
160,1,171,3463.160703577253,13.8,2003,Europe,Diesel,All-wheel drive,,12.641766696642238
130,4,125,3231.991631407008,,2004,Europe,Gasoline,All-wheel drive,0,13.79464133237664
240,4,122,3514.044629507255,19.7,2004,USA,Diesel,Front-wheel drive,0,11.262055647885362
230,6,146,2431.595744075655,,2005,USA,Diesel,Front-wheel drive,0,17.208916477676397
230,5,143,2159.0261902269494,13.6,2002,Europe,Gasoline,All-wheel drive,0,19.527048900670987
210,4,178,2668.501778696133,14.9,2016,Europe,Diesel,All-wheel drive,1,17.60179695800885
350,4,105,3655.868126218373,,2016,Asia,Diesel,Front-wheel drive,-1,12.058250813981207
240,5,110,2109.8294944651043,14.6,2007,Europe,Diesel,All-wheel drive,0,18.67549551555931
130,4,237,2544.2278615628193,13.6,2005,USA,Diesel,All-wheel drive,2,18.83255286266515
190,3,143,3980.0417613517143,13.2,2016,Europe,Gasoline,Front-wheel drive,2,10.277067396591193
140,4,189,1677.3791842282976,14.3,2019,Europe,Gasoline,Front-wheel drive,-1,21.579879356215322
220,5,145,3401.3852458338533,12.7,2022,Asia,Gasoline,Front-wheel drive,1,13.173655111380638
250,5,181,3019.3414901862034,,2008,USA,Gasoline,Front-wheel drive,,15.576274631772641
160,2,,2183.22092104441,18.1,2021,Europe,Gasoline,All-wheel drive,0,18.96510171499031
220,,117,3526.3119589988983,12,2014,USA,Diesel,All-wheel drive,2,13.318141884932146
280,8,161,4282.128113683643,14.1,2023,Europe,Diesel,Front-wheel drive,-2,9.143046480303349
240,5,,2951.6844653983435,22.2,2015,Europe,Diesel,All-wheel drive,1,14.974245338828181
200,3,183,3214.944556234896,15.2,2011,USA,Diesel,All-wheel drive,0,14.71659709705727
170,5,195,3520.8476630051828,14.7,2020,USA,Diesel,All-wheel drive,2,12.79886279785619
190,6,146,3956.81131813061,,2006,Europe,Gasoline,Front-wheel drive,1,10.567998041916491
150,5,134,2601.2967601208306,17.7,2015,Europe,Diesel,Front-wheel drive,-1,15.937171956056462
190,2,114,3581.703251823247,15.1,2019,Europe,Diesel,Front-wheel drive,0,11.337391328856599
270,2,128,2089.3450243984526,,2000,USA,Gasoline,Front-wheel drive,0,19.05676993456459
170,5,148,3389.5313700519837,11,2004,Europe,Diesel,All-wheel drive,1,12.9258208028733
130,5,123,3798.823171397833,12.3,2007,Europe,Diesel,All-wheel drive,0,11.09849097051697
180,8,163,2705.3143627087534,13.7,2005,Asia,Gasoline,Front-wheel drive,-1,16.851355107389384
240,,163,3244.2745775117955,,2000,Europe,Gasoline,Front-wheel drive,-1,14.277922296215518
180,,143,3771.148245787325,11.3,2012,USA,Gasoline,Front-wheel drive,1,11.402796243575407
280,6,142,3138.566155285982,17.1,2002,Asia,Diesel,Front-wheel drive,-1,14.362521788914748
230,3,105,3452.9729324816603,13.9,2004,USA,Diesel,All-wheel drive,0,12.984016464013829
120,3,190,3197.438572505546,19.1,2007,Europe,Gasoline,All-wheel drive,1,14.733547534261048
290,4,156,3723.0485602776553,,2017,Asia,Gasoline,Front-wheel drive,,11.509438119818512
310,4,171,2641.655946542135,15.7,2018,USA,Gasoline,Front-wheel drive,-1,17.87459075511208
210,4,155,2776.0562531652736,15.4,2015,Asia,Gasoline,All-wheel drive,0,16.121786088598224
150,4,144,3070.088854053073,14.6,2019,Asia,Gasoline,Front-wheel drive,0,15.231418766126977
240,2,105,2830.6490130222405,18.5,2008,Asia,Diesel,All-wheel drive,0,14.526837018177353
180,2,132,2818.152515404046,13.9,2004,Europe,Diesel,Front-wheel drive,1,16.552092049014433
210,2,170,3814.68358957928,13.7,2008,USA,Diesel,Front-wheel drive,1,11.154360013771862
270,2,164,3922.1551769011767,,2001,Asia,Diesel,Front-wheel drive,-3,10.327289675358786
170,4,187,2709.3057912895715,20,2015,Europe,Gasoline,All-wheel drive,1,16.115689054434245
200,7,97,3239.4411069730745,10.9,2019,Asia,Diesel,Front-wheel drive,-1,14.063955637819072
110,7,114,2123.394795191768,15.6,2018,Europe,Gasoline,Front-wheel drive,0,19.117016415734202
320,5,169,2513.2328314978713,15.4,2011,USA,Gasoline,Front-wheel drive,0,18.40672447950277
160,4,125,3317.04204639791,19,2018,Europe,Diesel,Front-wheel drive,-1,12.77905629316582
220,3,142,3458.9394113906696,16.3,2022,Europe,Gasoline,All-wheel drive,-1,12.756071539125282
170,3,,3284.034102433342,13.6,2007,USA,Diesel,Front-wheel drive,-2,14.010412286517502
130,2,115,2952.9440673650165,14.5,2002,Asia,Diesel,All-wheel drive,0,14.719294968345318
240,6,181,2971.1033514667756,18.3,2008,Asia,Gasoline,Front-wheel drive,0,15.168316604982257
240,6,161,2752.631331362584,14.4,2016,Asia,Gasoline,Front-wheel drive,,15.50330010404551
170,4,108,3168.2842998230412,,2020,USA,Gasoline,All-wheel drive,,13.778521838188833
370,2,171,2483.1247746132613,13.8,2006,Asia,Gasoline,Front-wheel drive,0,17.762228825136447
210,3,135,4142.238839802322,16.4,2021,Europe,Gasoline,All-wheel drive,1,9.446409259540149
240,0,109,3390.199472224014,19,2010,USA,Diesel,All-wheel drive,,11.993355597773217
220,3,164,3734.859432997255,17.5,2016,Asia,Diesel,All-wheel drive,0,11.056881479950118
160,3,196,3189.7394216022576,17.5,2008,Europe,Diesel,All-wheel drive,1,13.698482704128985
200,4,164,3118.817818229404,13.1,2009,Asia,Gasoline,All-wheel drive,0,15.022711037758695
270,1,,2519.0810448697107,11.6,2023,Asia,Gasoline,All-wheel drive,0,17.510730015345313
210,4,181,3585.601576787487,17.7,2023,Europe,Gasoline,All-wheel drive,1,12.336376463714897
120,4,123,2219.6301319930744,13.7,2021,Europe,Gasoline,Front-wheel drive,-2,19.551943046051484
80,1,115,3926.5672826515406,17.8,2002,USA,Gasoline,Front-wheel drive,1,9.762875049271926
260,3,104,2460.6320342849895,12.3,2017,USA,Diesel,Front-wheel drive,0,17.85454632287901
230,4,133,2542.322492162514,17.9,2013,USA,Gasoline,All-wheel drive,0,16.564644822762677
190,6,184,2992.5834012794166,14.4,2003,Asia,Gasoline,Front-wheel drive,0,15.9509952621665
280,2,159,3440.456042805354,15.4,2002,USA,Gasoline,Front-wheel drive,-2,13.026295667093937
200,2,184,2696.7271887640522,12.6,2019,USA,Diesel,All-wheel drive,0,16.864693985386687
170,5,200,2887.5477995126935,16.2,2018,USA,Diesel,Front-wheel drive,1,16.283444697492826
210,7,185,2289.204274212934,11,2022,Asia,Gasoline,Front-wheel drive,1,19.64688618921176
180,4,151,2421.4089353286577,12.2,2002,Asia,Diesel,Front-wheel drive,0,18.61111363598558
220,5,169,3415.130303926856,13.6,2021,USA,Diesel,All-wheel drive,-1,13.349789773837392
180,4,131,4172.983576658875,17,2011,USA,Diesel,Front-wheel drive,1,9.015180596673654
210,5,136,3848.2971423142653,10,2020,USA,Diesel,All-wheel drive,-1,10.717960322163979
180,6,97,3284.0305407732467,15.6,2003,USA,Gasoline,All-wheel drive,3,12.69990232820924
80,5,124,3400.5606674756855,13.9,2001,Europe,Gasoline,All-wheel drive,2,12.127042483629301
280,2,,2783.8034884226477,12.9,2010,Europe,Gasoline,Front-wheel drive,1,15.364983456617875
310,0,123,3354.46545435532,19.8,2001,USA,Gasoline,Front-wheel drive,1,12.02548703486862
160,4,153,2792.9127074168737,16.5,2018,Europe,Gasoline,Front-wheel drive,0,15.768673555534
220,2,152,2920.9468985492467,17,2020,USA,Gasoline,All-wheel drive,1,15.469262737938887
70,4,133,2260.151494903569,19.1,2003,Asia,Gasoline,Front-wheel drive,1,17.736621071492518
190,4,,2617.887202620741,14.3,2014,USA,Gasoline,All-wheel drive,1,17.13491988808025
190,5,131,3642.553065519864,12.8,2005,Asia,Diesel,Front-wheel drive,-1,11.580055674656462
180,1,119,3021.494691066033,14.2,2017,Europe,Diesel,Front-wheel drive,0,14.852726075761549
220,2,91,3237.2631404599992,14,2013,Europe,Gasoline,Front-wheel drive,-1,13.356200789945651
270,4,153,3065.8549814242683,17.6,2019,Europe,Gasoline,All-wheel drive,-1,14.69067790853308
150,9,233,2206.9202691546825,17.8,2005,USA,Gasoline,Front-wheel drive,0,19.651184547973457
160,4,101,3760.7555538094366,16.2,2007,Asia,Diesel,Front-wheel drive,1,10.704862245422934
210,7,143,3176.4877203957108,12.8,2002,Europe,Diesel,Front-wheel drive,1,14.724893821644196
160,3,131,2737.377937952796,11.4,2021,USA,Diesel,All-wheel drive,-2,16.27180264321267
160,7,163,2942.634220984269,12.8,2003,Asia,Diesel,All-wheel drive,-1,16.25451485157106
220,3,154,2615.2894390330675,13.5,2014,Asia,Gasoline,All-wheel drive,0,17.387635033042503
190,4,141,2880.942719542552,17.6,2004,USA,Diesel,Front-wheel drive,,15.00238883586641
200,8,114,2909.2069667949586,10.7,2017,Europe,Gasoline,Front-wheel drive,-1,15.557234613168074
130,,143,3042.936894173251,14.8,2008,USA,Gasoline,All-wheel drive,1,14.955309475133093
310,1,,2749.9510258313394,,2011,Europe,Gasoline,All-wheel drive,0,16.563509589952485
200,3,178,3187.744845362715,16.3,2015,Asia,Diesel,Front-wheel drive,,14.27042784643844
230,6,144,2366.425617128209,16,2022,USA,Diesel,Front-wheel drive,0,18.21213019936698
240,3,142,3467.346011817798,,2020,USA,Diesel,Front-wheel drive,,12.713522085876335
140,5,121,2568.678483369127,16.1,2020,Asia,Gasoline,All-wheel drive,0,16.509936943607613
220,9,156,2678.855494319448,15.9,2017,Europe,Gasoline,All-wheel drive,0,16.419577239730806
190,1,169,2712.292665841043,,2001,Asia,Gasoline,All-wheel drive,0,16.214029849405915
260,2,,2707.0712808157678,15.9,2018,Asia,Diesel,All-wheel drive,0,16.569611426816106
160,2,186,3437.506862223406,19.4,2014,USA,Diesel,All-wheel drive,-1,12.889362899276938
170,6,109,3418.785171337123,11.8,2002,Asia,Gasoline,All-wheel drive,0,13.114524632735987
280,6,,3296.03227896131,10.6,2005,Europe,Gasoline,All-wheel drive,-1,13.747645341835952
230,8,,2925.6602077629136,,2012,Asia,Gasoline,All-wheel drive,-1,15.112902469407947
230,,204,2991.728263448656,16.2,2013,USA,Gasoline,Front-wheel drive,0,15.69015383166648
190,1,91,3632.6705376590076,16.6,2014,Europe,Diesel,Front-wheel drive,1,11.040107674819925
220,,190,3269.704089754514,19.3,2002,Europe,Gasoline,Front-wheel drive,-1,13.5954730338888
130,4,123,3278.1340569824315,15.8,2021,Europe,Gasoline,Front-wheel drive,1,12.985350551793449
220,3,,3673.7885788159792,,2015,Europe,Diesel,Front-wheel drive,1,11.583473753896786
270,4,,2708.238419680485,17.3,2015,Europe,Diesel,Front-wheel drive,0,16.39909598603402
160,3,,2817.97759124642,17.1,2003,Asia,Diesel,All-wheel drive,1,15.468457902200937
260,3,,3393.934821558355,8.9,2021,USA,Gasoline,All-wheel drive,-1,13.545633657114937
180,6,,3168.1529063097623,16.8,2014,USA,Gasoline,All-wheel drive,3,13.789646676230399
170,4,139,2514.08792087737,,2008,Asia,Diesel,All-wheel drive,-2,17.040388982400206
160,1,162,2199.579890165837,,2015,Europe,Gasoline,All-wheel drive,-1,19.052830112104044
200,2,179,2535.700651378895,15.9,2002,Asia,Diesel,Front-wheel drive,1,17.028366193018105
240,1,155,2423.1688832931295,13.4,2020,Europe,Gasoline,All-wheel drive,0,17.649511330676244
200,7,135,2639.1131035317576,15.6,2018,USA,Gasoline,Front-wheel drive,1,16.63555528731203
110,9,152,3270.727559407059,,2016,USA,Gasoline,Front-wheel drive,-1,13.387147911631113
160,5,102,2350.565458767852,19.9,2001,Asia,Gasoline,Front-wheel drive,0,17.19624095864793
210,4,161,3112.258681809287,12.1,2008,Asia,Diesel,All-wheel drive,-1,14.689207457277405
260,5,127,3848.591669586769,,2021,Europe,Diesel,Front-wheel drive,0,10.33438411985394
310,5,144,3482.48558744267,22.2,2016,USA,Gasoline,Front-wheel drive,1,11.792266012558471
160,3,165,2839.5193207886746,15,2010,Europe,Gasoline,Front-wheel drive,1,16.059104540862904
230,4,107,2595.6448758299534,11.8,2007,Asia,Gasoline,All-wheel drive,-1,17.33821806894006
180,4,110,2790.6533343905553,,2010,Asia,Diesel,Front-wheel drive,1,16.17159758679949
190,5,113,2770.4579830555062,14.6,2001,USA,Diesel,Front-wheel drive,-1,16.0179379698355
110,5,158,2986.2596184902854,,2010,Asia,Diesel,Front-wheel drive,-1,15.51678060274917
270,6,136,2851.3193801822663,13,2018,Europe,Gasoline,All-wheel drive,0,15.598548296346811
220,3,153,3054.660853409029,13.2,2011,Europe,Diesel,Front-wheel drive,3,15.37953662344936
140,3,168,2944.8878605637938,14.3,2022,Europe,Diesel,Front-wheel drive,-1,15.471436431496782
230,5,169,3063.815240720567,17.3,2001,Europe,Diesel,Front-wheel drive,0,15.091319806846961
250,5,159,3497.823916814365,,2010,USA,Gasoline,Front-wheel drive,0,12.252596978900947
140,2,183,3466.5576046677875,16.2,2004,USA,Diesel,All-wheel drive,-1,13.307987272335271
180,8,154,2617.6859466879587,15.8,2008,USA,Diesel,All-wheel drive,1,16.338406896785997
210,5,183,2968.3475447499577,17.5,2010,Asia,Gasoline,All-wheel drive,-2,15.774160031249716
220,4,120,2934.3656634697645,,2012,Europe,Diesel,Front-wheel drive,-1,15.434172517946488
210,2,170,2824.2162657337276,15.4,2012,Europe,Gasoline,Front-wheel drive,1,15.226431271531977
180,5,159,3386.3969385208056,15.5,2019,USA,Diesel,Front-wheel drive,2,12.774653455467917
50,2,92,2097.5993316780205,13.4,2018,Europe,Gasoline,Front-wheel drive,0,19.914258082165652
200,2,138,2903.0949423873494,13.1,2012,USA,Diesel,All-wheel drive,0,15.449803024871574
290,2,123,2112.4885666430273,17.4,2003,Asia,Diesel,Front-wheel drive,0,18.57100158760248
200,9,183,3104.8003906866907,14.9,2014,Europe,Diesel,Front-wheel drive,-1,14.669674908549544
240,3,167,2814.131476392473,19,2019,USA,Gasoline,Front-wheel drive,1,16.097332046964162
230,,153,3137.1023661894815,,2006,USA,Gasoline,Front-wheel drive,-1,14.732328578333664
170,,155,2905.1081195665374,17.4,2021,USA,Diesel,Front-wheel drive,0,15.282030781701367
280,7,109,2876.677355989594,18,2014,Europe,Diesel,Front-wheel drive,-1,15.08242034673987
140,2,128,2753.055647179719,14.6,2004,Europe,Gasoline,All-wheel drive,2,15.751297226516238
190,0,110,2821.4197837610063,13,2001,Asia,Gasoline,All-wheel drive,-2,16.172835138981903
160,5,196,3377.922055920314,14.8,2014,USA,Gasoline,Front-wheel drive,0,13.58620766232009
260,1,122,3078.4557570228512,13.4,2009,Europe,Gasoline,All-wheel drive,0,14.64933384244668
220,7,159,2631.4646792755584,18.5,2008,Asia,Gasoline,All-wheel drive,1,16.890887487627946
110,2,141,3311.5021111962983,19.5,2016,Asia,Gasoline,All-wheel drive,0,12.716460072869856
250,5,120,3452.523448873652,16.3,2020,USA,Diesel,Front-wheel drive,3,12.040551302204332
200,2,113,1996.0557580365257,13.1,2014,Europe,Gasoline,All-wheel drive,0,20.23888648655965
110,5,174,2318.6813742448553,13.3,2013,USA,Diesel,All-wheel drive,0,18.603941499514228
170,2,175,2616.554012397629,,2005,Asia,Diesel,All-wheel drive,-1,17.39337891679486
140,3,152,2331.0121736744404,17,2015,Asia,Gasoline,All-wheel drive,2,18.145262352137657
280,2,178,1635.1053643008745,12.5,2007,USA,Diesel,Front-wheel drive,1,23.11902133242264
150,3,,2514.5280191260217,12.2,2001,Europe,Gasoline,Front-wheel drive,3,17.426167024549827
260,4,130,3019.564918946196,,2022,USA,Diesel,Front-wheel drive,-1,15.131185896188152
170,4,166,3047.04822448194,16.8,2011,USA,Diesel,Front-wheel drive,,14.941157282708415
190,2,161,3391.483657679086,,2002,USA,Gasoline,All-wheel drive,-2,13.343909734351797
230,4,98,3396.465225611827,13.5,2019,Asia,Diesel,Front-wheel drive,1,12.124643347189238
210,2,,3424.3326645004568,14.6,2004,Asia,Gasoline,All-wheel drive,2,12.377746703120282
220,2,123,2589.462508252962,,2007,USA,Gasoline,All-wheel drive,0,16.874432527433445
210,3,,3106.563818410154,13.8,2003,USA,Gasoline,Front-wheel drive,-1,15.263728726966724
180,4,118,3332.8055723079733,16.6,2009,USA,Gasoline,Front-wheel drive,0,12.785188470444545
190,2,128,2986.896112145025,12.2,2010,USA,Gasoline,Front-wheel drive,0,15.757865475184635
190,7,112,2133.0443890779306,16.9,2003,Asia,Diesel,Front-wheel drive,0,18.59263914283935
170,3,115,3379.9766115336924,13.9,2001,Asia,Gasoline,All-wheel drive,0,12.962024652314113
220,5,135,2341.5786025585526,,2015,Europe,Gasoline,Front-wheel drive,2,17.832511647340084
190,7,196,3603.3602773712614,14.2,2018,Europe,Diesel,Front-wheel drive,,12.046686170412297
250,3,120,3512.849225069886,15.5,2013,Europe,Diesel,All-wheel drive,1,12.34612099254901
190,3,195,1637.8718922755388,19.9,2001,USA,Diesel,Front-wheel drive,0,21.78206653919129
130,0,127,3004.1683963289365,,2007,USA,Diesel,All-wheel drive,0,14.581300060968442
220,4,151,3661.2153858707484,12.8,2004,Europe,Gasoline,Front-wheel drive,0,12.116108339541926
150,4,148,3475.8866333050146,14.2,2010,Asia,Diesel,All-wheel drive,-1,12.649925838432363
220,7,160,3100.6681567103064,15.2,2020,Asia,Diesel,All-wheel drive,2,14.982230002460833
250,6,,3023.4690876925315,14.8,2010,Asia,Gasoline,Front-wheel drive,1,15.039638809428462
240,6,197,2811.1128767591204,15.5,2005,Europe,Diesel,All-wheel drive,-2,16.885006665946097
80,3,141,3618.0705777743183,12.6,2017,USA,Gasoline,All-wheel drive,-1,12.20068163967068
230,5,161,1877.548302735473,12.3,2021,USA,Diesel,Front-wheel drive,,21.382419271356035
80,9,160,3341.3033894816695,16.1,2010,Europe,Gasoline,Front-wheel drive,-1,13.22073762911618
200,1,140,2571.086616510185,16,2014,USA,Gasoline,Front-wheel drive,1,16.77902806906239
260,2,141,2480.1940493338307,17.5,2001,Europe,Diesel,Front-wheel drive,1,16.878617567077935
130,3,111,4162.24911507993,13.7,2004,Asia,Gasoline,All-wheel drive,-2,8.947512867579054
280,2,167,3002.106463797252,17.6,2019,Asia,Diesel,All-wheel drive,1,14.881659573255263
150,5,149,2367.817227200094,,2003,Europe,Diesel,All-wheel drive,0,18.212446833715664
180,2,125,3278.9985953853225,17.1,2001,Europe,Diesel,Front-wheel drive,-1,12.989916161038307
150,6,105,2972.4990815205742,16.3,2007,USA,Gasoline,Front-wheel drive,,14.687683132688655
150,2,142,3335.8376906204467,14.6,2009,Europe,Gasoline,Front-wheel drive,1,13.457854438004354
180,8,142,3151.8640598223947,,2020,Europe,Diesel,Front-wheel drive,-1,14.195093316147913
160,9,134,2869.8211496070317,18.4,2006,Europe,Diesel,Front-wheel drive,0,15.428344281391526
230,4,125,2969.3645311277064,13.8,2010,Europe,Gasoline,All-wheel drive,1,14.58799185508051
270,9,138,2606.8802375269843,11,2010,USA,Gasoline,Front-wheel drive,-1,17.005219449726095
190,,174,3207.6508068503026,18.2,2017,Europe,Diesel,All-wheel drive,0,13.734114475532593
130,1,219,2990.9137372420005,15.3,2003,Asia,Gasoline,Front-wheel drive,0,15.43962539401473
270,1,158,3574.3114144933847,18,2000,Asia,Diesel,Front-wheel drive,,11.907983509933793
180,4,200,3111.842915165575,21.5,2017,Asia,Gasoline,All-wheel drive,1,14.033182656283161
210,2,153,3166.5327881672206,16.7,2009,Europe,Gasoline,Front-wheel drive,,13.788978977403342
280,2,171,2865.499502701074,15.7,2012,USA,Diesel,Front-wheel drive,-2,16.346946614009216
300,4,168,2866.9040878300116,16.9,2018,Europe,Diesel,All-wheel drive,0,15.233705497765236
270,9,100,2881.171703305993,13.1,2013,USA,Diesel,All-wheel drive,1,15.085087988299701
260,1,144,3254.8051563638946,11.5,2011,USA,Diesel,All-wheel drive,0,14.217994191606618
210,5,114,3675.199367138952,10,2012,Europe,Gasoline,Front-wheel drive,-1,12.115230340380075
260,5,163,3063.6836383522245,17.3,2006,Asia,Gasoline,Front-wheel drive,1,14.652253994265491
180,7,200,2860.709640244527,14.3,2021,USA,Diesel,All-wheel drive,1,16.21498500963902
250,,177,2968.707519465481,15.7,2002,Asia,Gasoline,Front-wheel drive,1,15.338033569284198
280,1,168,3295.600276955073,17.8,2001,Europe,Diesel,Front-wheel drive,1,13.40883558238305
210,6,151,2255.7503220401827,20.9,2013,Europe,Gasoline,Front-wheel drive,-1,18.439916149995
180,1,149,4213.683847365942,15.3,2001,USA,Diesel,All-wheel drive,,9.48816088461494
150,4,133,2853.9684344225952,16.2,2016,USA,Diesel,Front-wheel drive,-1,15.635864531450334
290,4,169,3297.753730047631,13.4,2014,Europe,Diesel,All-wheel drive,3,14.019207307090008
60,5,156,2354.211999750489,13.2,2018,Europe,Gasoline,Front-wheel drive,0,18.37528899816658
140,6,167,3183.3216659481113,17.4,2018,Europe,Diesel,Front-wheel drive,1,13.70338531331197
180,6,145,2785.268246752609,15,2009,USA,Gasoline,All-wheel drive,-2,15.388832452444486
260,5,136,3658.939977273934,15,2005,Europe,Diesel,All-wheel drive,1,11.202546956748428
210,2,171,3119.005765643992,11.8,2015,USA,Diesel,Front-wheel drive,-2,14.77236725077087
230,3,134,4320.432576969719,16.3,2010,Asia,Gasoline,All-wheel drive,,8.399018326247802
240,1,135,3919.8666124056963,17.4,2011,USA,Diesel,All-wheel drive,-1,10.305899559750209
110,2,191,3049.511505829169,12.9,2023,Asia,Diesel,All-wheel drive,0,15.714254649043765
200,3,152,3284.086827404233,13.9,2009,Europe,Diesel,Front-wheel drive,1,13.677011559708284
170,3,,2899.6809179918682,,2011,Europe,Gasoline,Front-wheel drive,-1,16.71281648497263
160,5,174,3645.840480406898,14.9,2020,Europe,Diesel,All-wheel drive,0,12.310875497761845
150,2,131,2828.1326149711085,16.1,2021,Europe,Diesel,All-wheel drive,-2,15.475280524098988
350,5,195,2625.4193611254605,17.4,2017,Asia,Diesel,All-wheel drive,1,17.53939146611545
250,5,140,2557.7028619045495,8.9,2005,Asia,Diesel,All-wheel drive,1,17.740850930316093
170,5,159,3825.9249539065986,19.4,2018,Europe,Diesel,All-wheel drive,,10.247079502361045
90,7,155,3820.0116944103656,18.2,2003,Europe,Diesel,All-wheel drive,-2,10.795141412427013
180,8,149,2594.3508062958913,15.7,2008,USA,Gasoline,Front-wheel drive,,17.115977868778398
240,2,238,2883.4916964053864,13.7,2021,Asia,Diesel,All-wheel drive,0,17.038591697726197
250,3,176,3650.4245898571094,17.7,2020,Asia,Gasoline,All-wheel drive,1,11.846896242392047
250,6,184,3047.5850331069228,16.1,2022,USA,Gasoline,All-wheel drive,-1,14.709087441518982
210,1,175,3490.376563650765,9.1,2022,Europe,Gasoline,Front-wheel drive,0,13.749868784101636
170,4,,3433.9877493278236,14.4,2009,USA,Gasoline,All-wheel drive,0,12.20825530718334
160,2,213,3631.4632972837203,15.5,2019,Asia,Diesel,All-wheel drive,-1,12.239920949484187
190,2,145,2900.9819571519156,15,2010,USA,Gasoline,All-wheel drive,0,15.889047294908886
160,2,141,3674.017658500689,16.8,2012,USA,Gasoline,All-wheel drive,0,11.707948362781993
270,3,136,3368.5187243497307,19.6,2011,USA,Diesel,Front-wheel drive,0,12.65797311459512
150,5,105,3169.628685707492,14.5,2011,Europe,Gasoline,Front-wheel drive,3,13.88098532062967
270,1,111,2988.934910548933,18.2,2006,USA,Diesel,Front-wheel drive,,13.952095588899349
250,4,141,3021.798337328368,11.2,2003,Europe,Gasoline,All-wheel drive,0,15.408305876844484
200,8,139,3230.5901858075695,14.7,2019,Asia,Diesel,All-wheel drive,1,13.864321523108114
200,1,110,3510.561711194485,14.1,2007,Asia,Diesel,Front-wheel drive,-1,12.155793090283664
240,7,224,3443.6166621281013,15,2006,Europe,Gasoline,All-wheel drive,1,13.69512229663134
150,6,108,4255.005055558196,16.1,2017,Europe,Gasoline,Front-wheel drive,1,7.863609315828734
130,5,148,3060.1803665955704,12.1,2019,Europe,Gasoline,Front-wheel drive,1,14.963124444092545
190,4,171,2931.662710789272,,2013,Europe,Gasoline,Front-wheel drive,0,15.77871405111401
140,3,172,3237.550439905122,17,2000,USA,Gasoline,All-wheel drive,0,14.083563378672388
230,3,159,3282.8436959161922,13.2,2014,Europe,Diesel,All-wheel drive,-1,14.714390123452583
110,3,138,2584.0406448089675,11.9,2003,USA,Gasoline,Front-wheel drive,-1,17.292459132090528
180,2,167,3133.667209455756,12.7,2017,USA,Diesel,Front-wheel drive,,14.771462959213112
130,2,145,4040.4022934010736,16.4,2001,Asia,Diesel,All-wheel drive,0,9.788586234871799
140,2,104,3409.1967197902345,14.1,2018,Europe,Diesel,Front-wheel drive,1,12.487682882917115
170,3,153,3523.165743421326,,2016,Europe,Gasoline,Front-wheel drive,0,11.3494423021736
180,5,122,3341.8648581382727,14.3,2019,Asia,Diesel,Front-wheel drive,0,12.800962648288865
270,1,124,3691.3212246248177,,2021,Asia,Diesel,Front-wheel drive,1,11.403543747601224
120,2,203,3392.6962745442665,15,2005,Europe,Diesel,Front-wheel drive,0,13.38946260930369
190,3,125,2876.552704724119,16.4,2001,Europe,Diesel,All-wheel drive,0,15.102659227705887
200,2,143,2340.6444831022145,16.1,2018,Europe,Diesel,All-wheel drive,0,17.378149086054396
170,4,100,3355.34617191546,13.6,2009,Europe,Diesel,Front-wheel drive,0,12.658858188281695
190,3,145,2815.39393948361,14.7,2009,USA,Diesel,Front-wheel drive,0,15.372714197654485
300,,209,2789.5188779199693,14.7,2010,Europe,Gasoline,All-wheel drive,1,17.24776181576848
140,3,208,3291.1444873589926,14.9,2014,USA,Gasoline,All-wheel drive,0,13.905648807089435
180,3,192,3985.083494059453,14.8,2007,Asia,Diesel,Front-wheel drive,-1,10.903304435169026
190,5,85,2955.2343778352206,15.2,2010,USA,Gasoline,Front-wheel drive,-1,14.873811055092933
160,7,118,2611.0207154583413,11.9,2010,USA,Gasoline,All-wheel drive,0,17.171123281487574
110,5,115,3082.012444219564,17,2015,Europe,Diesel,Front-wheel drive,0,14.700772347235581
140,11,148,2704.8260050705408,18.9,2017,USA,Diesel,All-wheel drive,0,15.804354158350332
190,5,111,3301.881684066183,13.7,2006,USA,Diesel,All-wheel drive,0,13.515692697812781
170,4,143,3933.701278683804,16.1,2016,Europe,Diesel,Front-wheel drive,-1,10.411600787829148
220,2,154,2571.174917508787,14.6,2021,Asia,Gasoline,All-wheel drive,0,17.08719389410243
180,3,130,2089.0016050184577,16.8,2017,Europe,Gasoline,All-wheel drive,0,18.425823224010433
180,2,118,3214.2576109461634,14.7,2014,USA,Diesel,Front-wheel drive,0,13.72159863861837
190,5,206,2545.602457385987,15.5,2016,USA,Gasoline,Front-wheel drive,0,17.50363623993595
160,6,192,3197.4064421738117,17.5,2016,Europe,Gasoline,All-wheel drive,-1,14.203466215215423
180,4,134,3587.024278284959,18.4,2002,Asia,Diesel,Front-wheel drive,-1,11.505648490244578
170,2,157,2854.405725392637,12.1,2003,Asia,Diesel,All-wheel drive,1,15.984914783106353
240,3,136,3216.6990876709656,14.2,2005,Europe,Gasoline,All-wheel drive,1,14.261075683084865
200,5,,3851.366831667479,15.8,2006,Europe,Gasoline,Front-wheel drive,-1,10.568339864439405
180,4,113,2215.5194470581623,13.8,2011,USA,Diesel,Front-wheel drive,0,19.15496913555376
290,2,,3227.993916971845,16.1,2006,USA,Diesel,All-wheel drive,1,13.755046988693636
260,4,191,3733.504875335839,14.7,2007,USA,Diesel,Front-wheel drive,1,12.270548224232009
170,5,,2390.3552784558524,15.2,2013,USA,Diesel,Front-wheel drive,1,17.987433156544807
260,4,128,3370.961905821891,10.3,2003,Asia,Diesel,All-wheel drive,-1,14.00107805842275
150,1,152,2524.407793578531,17,2012,Europe,Gasoline,All-wheel drive,1,16.667293571152946
150,4,107,2846.433235174064,7.4,2013,Europe,Diesel,All-wheel drive,1,16.873526838617295
230,3,132,2008.3614698230126,13.5,2013,Europe,Gasoline,All-wheel drive,-1,19.6751465872595
150,3,119,2261.4476260883907,12.6,2016,Asia,Diesel,Front-wheel drive,-1,18.557434248529663
210,2,190,3542.08719737773,14.2,2009,Asia,Gasoline,All-wheel drive,0,12.99473509447348
180,6,169,2980.2923321967255,14.4,2023,Asia,Gasoline,All-wheel drive,-2,15.133038813933208
220,0,149,4113.605445386362,16.2,2003,Europe,Gasoline,Front-wheel drive,0,10.184961085169839
140,3,164,2993.259265022127,16.9,2009,USA,Gasoline,Front-wheel drive,1,14.869484659306794
180,5,163,2734.6018827047983,11.1,2016,USA,Diesel,Front-wheel drive,2,17.01300178458773
160,5,155,4232.789415705686,13.1,2018,USA,Gasoline,Front-wheel drive,0,9.409220773021012
80,2,150,3152.81626270216,16.1,2022,Europe,Diesel,All-wheel drive,0,14.21383104006903
200,3,,3066.2209653298974,17.2,2019,Asia,Diesel,All-wheel drive,-1,14.712776706315049
280,2,180,2844.3329930024233,12.5,2005,Europe,Gasoline,Front-wheel drive,2,16.576876818031366
210,6,116,3070.773440523598,18.9,2020,Europe,Diesel,All-wheel drive,-1,13.72226588264723
180,5,131,3547.1850280270983,,2006,Asia,Gasoline,All-wheel drive,-1,12.083581707038675
250,6,157,3252.3276269337275,17.4,2006,Europe,Diesel,Front-wheel drive,1,13.43543379607666
170,7,141,2713.063190138812,14.7,2012,USA,Gasoline,Front-wheel drive,,16.484552926764778
170,6,186,3294.380225582252,15.8,2009,Europe,Gasoline,Front-wheel drive,0,13.739230974377918
190,4,171,2522.8967849267365,12.6,2007,Asia,Diesel,Front-wheel drive,0,17.839400688136088
170,4,149,3583.2101181313437,15.1,2023,Asia,Diesel,Front-wheel drive,-1,11.43701461720786
110,1,132,3521.2609336123505,11.5,2013,Asia,Gasoline,All-wheel drive,,12.703439223303981
210,1,186,3465.2274243713746,18,2019,Europe,Diesel,Front-wheel drive,1,12.26943460369457
250,8,,2032.779438843963,13.1,2018,Asia,Gasoline,Front-wheel drive,-1,19.140324726871015
180,5,155,2903.398128584686,15.6,2010,USA,Gasoline,Front-wheel drive,0,15.80995084937953
200,6,96,3462.4683455315003,17.7,2011,Europe,Diesel,Front-wheel drive,1,12.016020544673815
180,6,139,2669.9015999443054,15.5,2019,Asia,Diesel,All-wheel drive,,16.83895149627458
230,6,,2168.5244605589287,14.1,2009,Asia,Diesel,Front-wheel drive,0,18.91379080661325
170,7,151,2532.8922208105537,11.4,2022,Asia,Diesel,Front-wheel drive,0,17.510244997288705
220,4,126,2682.093776915853,11,2002,Asia,Diesel,Front-wheel drive,0,17.431052808961176
190,6,,3186.1230908273246,13.2,2007,USA,Diesel,All-wheel drive,1,13.77623585307227
180,2,178,2811.36839672834,18.6,2008,Asia,Gasoline,Front-wheel drive,1,16.10332468403123
170,1,156,2790.2059708947013,16.5,2008,Europe,Gasoline,All-wheel drive,-2,15.63837567296612
180,3,173,2784.3274689972313,12.3,2006,USA,Diesel,All-wheel drive,1,16.311428012434206
250,3,,3816.6263646458046,15.5,2003,Europe,Diesel,All-wheel drive,0,10.799522313612934
160,5,115,3593.46567521811,20.2,2005,Europe,Gasoline,All-wheel drive,0,11.08037578727612
230,2,117,3128.8854070094526,13.6,2011,USA,Gasoline,Front-wheel drive,1,14.177645381224576
270,2,124,3035.979949018241,9.6,2018,USA,Gasoline,All-wheel drive,0,15.210674310409265
240,3,139,3251.1664944091617,14.5,2019,Europe,Diesel,Front-wheel drive,-3,13.935308209249378
180,3,131,2463.7537153575613,13.9,2010,Europe,Diesel,Front-wheel drive,-1,17.48117492438334
280,4,178,3484.716551282688,15.9,2005,Asia,Diesel,Front-wheel drive,0,13.142330161750422
220,1,152,2535.4490458402643,11,2007,Europe,Gasoline,Front-wheel drive,0,17.302253650211874
230,2,162,2508.9385571431753,14.5,2021,Europe,Gasoline,All-wheel drive,1,17.271361311918174
170,9,208,3197.468259312044,14.6,2015,Asia,Gasoline,Front-wheel drive,-1,14.648036343905005
120,1,141,2997.2288457038158,14.5,2021,USA,Diesel,Front-wheel drive,-1,15.113092192978877
160,5,214,1780.7032306140154,,2015,USA,Gasoline,All-wheel drive,0,21.68635824244786
170,4,123,3401.1187602537457,15.5,2009,Europe,Diesel,All-wheel drive,0,12.467648122207786
220,1,157,2928.7867590996966,15.6,2007,Asia,Gasoline,Front-wheel drive,1,15.32885803226505
270,5,164,3312.8679984244245,17.7,2009,Asia,Gasoline,All-wheel drive,1,13.790907530710625
210,6,81,3201.2266118093144,15.6,2016,Asia,Gasoline,Front-wheel drive,0,13.277303681063492
250,3,115,2235.343660716113,14,2018,Europe,Diesel,All-wheel drive,1,17.593641307182704
180,1,117,3560.953579404185,13.2,2013,Asia,Gasoline,All-wheel drive,0,11.861332230721185
150,2,160,3238.588911849116,12.9,2015,Europe,Diesel,All-wheel drive,-1,14.04747123267829
270,6,132,2782.9977957371025,15.7,2018,Europe,Diesel,Front-wheel drive,0,16.1647617002553
200,4,,2665.6501758088093,16.5,2007,Asia,Gasoline,Front-wheel drive,-2,16.41675643019954
280,3,152,3276.9576132052257,16.3,2006,Europe,Gasoline,All-wheel drive,-2,12.037185323338406
260,3,152,2906.279245102662,19.8,2018,Asia,Diesel,Front-wheel drive,-1,14.857416200070757
230,5,135,2546.670529980989,11.5,2001,Europe,Gasoline,Front-wheel drive,1,17.88596478511654
140,6,,3034.275905472262,16.6,2022,Europe,Diesel,Front-wheel drive,0,14.433286812034183
190,6,159,2741.55692411766,13.6,2004,Asia,Diesel,Front-wheel drive,0,16.224288942042886
150,,189,3551.134987825577,17.9,2000,Asia,Gasoline,All-wheel drive,0,11.949132748908294
230,6,130,3465.159754430637,16.4,2000,USA,Gasoline,All-wheel drive,-1,12.93819325824585
180,4,125,3512.1503969600517,14,2007,Europe,Diesel,All-wheel drive,1,11.65384746267424
210,7,156,3394.9026375685366,17.2,2008,Europe,Gasoline,Front-wheel drive,-1,12.642335957433069
220,2,,3561.7270259743646,17.1,2019,Asia,Gasoline,All-wheel drive,-2,12.101218689645627
110,2,155,3393.6074537221284,15.6,2007,Asia,Gasoline,Front-wheel drive,1,12.49764987523784
230,,,3226.346186346659,11.7,2020,USA,Diesel,All-wheel drive,0,13.834442986268922
250,4,,3967.1209457286473,12.6,2003,Asia,Gasoline,All-wheel drive,1,9.847787697653585
260,6,138,3397.001636583045,19.3,2005,USA,Gasoline,Front-wheel drive,-1,11.898076034086673
190,5,115,3454.981295886398,20,2013,USA,Gasoline,All-wheel drive,-2,11.645484039380417
230,,120,3233.0582362998334,14.1,2023,USA,Diesel,All-wheel drive,-1,13.327293238569942
210,2,141,2299.7169891572294,12.9,2002,Europe,Gasoline,All-wheel drive,1,19.006049945562047
180,2,126,2838.6741547946217,16.6,2008,Asia,Diesel,Front-wheel drive,0,15.34552793530644
280,,157,3562.9740801617104,,2005,USA,Diesel,Front-wheel drive,2,12.173007818769305
150,4,151,3400.5390151018387,12.1,2017,Asia,Gasoline,All-wheel drive,0,13.953668697844627
170,2,154,2795.553189387247,15.9,2018,Europe,Gasoline,Front-wheel drive,1,15.908644406756729
160,3,139,2177.675009263944,19.5,2005,Europe,Diesel,All-wheel drive,1,18.25041067263013
140,3,,3382.9769772614804,16.9,2013,USA,Gasoline,All-wheel drive,,12.151315883635007
200,8,126,2650.7265018020234,16.3,2020,Europe,Gasoline,All-wheel drive,1,16.66904874513111
150,1,167,2239.729043638577,,2013,Asia,Gasoline,All-wheel drive,0,19.935941191995024
180,4,144,2978.845669427386,12.1,2019,Europe,Gasoline,Front-wheel drive,0,15.265582157552197
170,2,172,3041.911893675932,16.2,2010,Europe,Diesel,Front-wheel drive,-1,14.628718046309872
190,4,113,2941.4146318618004,19,2007,USA,Diesel,All-wheel drive,-2,14.619491924335769
220,6,189,2284.160156490441,17.1,2015,USA,Gasoline,All-wheel drive,1,18.841469613907904
170,5,,3191.7328413985083,15,2015,Europe,Gasoline,All-wheel drive,0,15.523037484043044
110,4,136,3057.5190220151285,12.2,2004,USA,Diesel,Front-wheel drive,1,14.793678298751951
80,0,154,2422.5653469298354,12.2,2020,Asia,Diesel,All-wheel drive,0,17.54811489970804
180,3,158,3561.5656650983906,15.8,2004,USA,Gasoline,All-wheel drive,-1,12.357274710856906
190,1,120,2710.4485705847082,14.6,2014,USA,Gasoline,Front-wheel drive,2,16.80642873435534
120,3,145,3766.0456731545255,14.4,2007,Europe,Diesel,All-wheel drive,1,10.673863171857187
280,4,125,2594.2553914263062,13.7,2000,Europe,Gasoline,All-wheel drive,1,16.466497336466684
120,2,130,2959.729934611049,15.5,2011,USA,Gasoline,Front-wheel drive,1,14.630228756986527
220,2,111,3130.405030435311,15,2010,Europe,Gasoline,Front-wheel drive,0,13.768760691773855
230,3,189,4156.642615804911,13.3,2009,Europe,Gasoline,Front-wheel drive,0,9.687981189030577
190,2,194,2834.3629921502366,17.7,2018,Asia,Diesel,Front-wheel drive,-1,16.67592682943606
250,5,149,2872.8480322473224,18.8,2013,USA,Gasoline,Front-wheel drive,1,14.765472282369384
260,2,187,3393.1364239047743,15.6,2014,Asia,Gasoline,Front-wheel drive,1,13.295242455482978
160,6,122,3108.904796736263,13.4,2016,Asia,Diesel,All-wheel drive,0,14.052191741845563
250,,153,3456.642539875631,17.6,2016,Europe,Diesel,All-wheel drive,-1,12.535403783802064
210,2,97,3048.0857776448365,16.8,2016,USA,Gasoline,All-wheel drive,0,13.633112755973707
280,3,165,3713.318473616418,15.5,2019,Asia,Diesel,Front-wheel drive,0,11.204136593646485
160,8,175,3340.5539873017833,18.5,2023,Europe,Gasoline,Front-wheel drive,1,13.290802032898066
190,4,130,3475.112777090775,14.3,2007,Asia,Diesel,All-wheel drive,1,12.201590740949728
200,6,123,3376.331076884153,14.4,2017,Asia,Gasoline,Front-wheel drive,0,13.154437626330614
120,7,204,2195.881739168731,21.3,2011,Asia,Gasoline,Front-wheel drive,1,19.525584359331514
180,3,,3492.8259616879527,12.5,2003,Asia,Gasoline,All-wheel drive,0,12.791067589633583
290,1,123,2347.1780283078406,17.4,2002,Europe,Diesel,Front-wheel drive,,17.68030347501814
210,6,147,3619.9086071779643,12.7,2022,Europe,Gasoline,All-wheel drive,-1,12.319897520780847
190,7,118,3406.960350712561,12.4,2021,Asia,Gasoline,All-wheel drive,0,12.958548934074337
240,3,148,3200.9573567978864,14.7,2015,USA,Gasoline,Front-wheel drive,0,14.008774490357862
220,4,128,2838.650106637541,,2004,Asia,Gasoline,Front-wheel drive,0,15.770567685910539
220,4,153,2946.9949951331737,19.7,2005,Asia,Gasoline,All-wheel drive,,14.815185968633799
240,1,167,3228.6510075828355,11.7,2009,USA,Gasoline,Front-wheel drive,-1,14.669699348659318
160,5,185,3323.9240506010133,,2022,USA,Gasoline,Front-wheel drive,0,12.987022847634668
200,3,133,2833.601069572304,16.8,2010,Asia,Diesel,All-wheel drive,0,15.701741392086243
130,8,,3127.438509675625,15.4,2005,Asia,Gasoline,Front-wheel drive,-1,14.469885515533075
250,3,136,2403.87798437968,,2023,Asia,Diesel,Front-wheel drive,0,18.540148685627567
110,4,161,3064.0027073458377,17.2,2002,Europe,Diesel,Front-wheel drive,2,15.066363447545262
230,1,137,3250.3947180347427,16.6,2005,Asia,Diesel,All-wheel drive,0,13.948767593595477
140,4,147,3242.008438968661,14.8,2019,Europe,Diesel,All-wheel drive,0,13.386386094628008
170,2,101,3733.0065868459924,10.1,2001,Asia,Diesel,Front-wheel drive,1,11.600772563254896
220,2,118,3410.6232141201217,17.9,2004,Europe,Diesel,All-wheel drive,-1,12.531935966737947
240,3,78,2793.3133791145165,18.2,2014,Asia,Diesel,All-wheel drive,-1,15.241013977989468
150,2,135,3367.522773900288,15.9,2005,USA,Diesel,All-wheel drive,-1,13.25685604894426
210,2,,2187.4167096557685,13.7,2019,USA,Diesel,All-wheel drive,1,17.92627013153036
220,5,173,2947.2360227444706,13,2022,Asia,Diesel,All-wheel drive,-1,15.994320874804178
180,5,150,3008.3474810085,16.6,2015,Asia,Diesel,Front-wheel drive,0,14.664842737518873
220,7,168,3898.1079551460853,16.8,2001,Asia,Diesel,All-wheel drive,1,10.146743950328178
190,2,131,3481.6827444996457,10.9,2005,Europe,Diesel,All-wheel drive,0,12.264786922896118
210,7,164,3073.4314781132607,,2001,USA,Gasoline,All-wheel drive,1,13.868561576335113
150,2,136,3444.3403254919713,,2013,USA,Diesel,All-wheel drive,-1,12.598942611045873
220,3,140,2851.154376010812,19.9,2022,USA,Gasoline,All-wheel drive,1,15.326561907212472
280,3,159,2685.2901838330417,17.5,2019,Europe,Diesel,Front-wheel drive,0,16.533434087090928
210,3,171,2292.068300750305,16.3,2019,USA,Gasoline,Front-wheel drive,-1,18.70567012196194
70,5,110,2157.6393297233913,15.9,2001,USA,Diesel,All-wheel drive,1,18.401942703657202
180,3,119,3582.7453958867573,,2012,USA,Diesel,Front-wheel drive,1,11.345736794942933
240,0,152,2892.3954499363535,12.7,2019,Asia,Diesel,Front-wheel drive,0,15.994232298357455
290,3,152,3515.8496610370544,12.6,2003,Asia,Gasoline,All-wheel drive,-1,12.60082323711526
170,5,121,2931.8193480500286,16.2,2012,USA,Gasoline,Front-wheel drive,1,14.816853205057011
210,5,147,2614.520644888272,19.2,2008,Asia,Gasoline,Front-wheel drive,0,16.126711574800172
130,4,187,3471.296072514399,16.7,2014,Europe,Diesel,All-wheel drive,0,12.131988317260026
180,0,154,3346.9656706687083,15.8,2018,USA,Gasoline,All-wheel drive,-1,13.678140336621702
270,1,199,3581.7240291529124,17.1,2014,Europe,Gasoline,All-wheel drive,-1,13.240695935235298
150,3,211,2051.825498635461,16.5,2006,Europe,Diesel,Front-wheel drive,1,19.773327166659115
190,2,79,2848.150434084163,17,2011,Asia,Gasoline,All-wheel drive,0,14.4102256963844
300,6,170,2723.899034380466,15.6,2002,Europe,Diesel,Front-wheel drive,-2,16.62790620081538
290,6,145,4481.76422581758,17.4,2010,Asia,Gasoline,All-wheel drive,0,6.939508203379054
90,4,,3590.684516985493,12.1,2006,Europe,Gasoline,All-wheel drive,-2,12.050516144613614
300,1,169,2738.42246473291,12.8,2003,Europe,Diesel,Front-wheel drive,-2,16.7076015510394
170,,144,3023.2594624928965,,2003,Europe,Diesel,Front-wheel drive,1,14.461618148462168
190,7,123,1856.4623425822667,17.5,2020,USA,Gasoline,Front-wheel drive,0,19.860218843150108
200,2,137,3568.7026849935646,17.8,2010,USA,Gasoline,All-wheel drive,0,11.147334437519115
190,3,129,2937.6277453222547,16.3,2008,Asia,Gasoline,Front-wheel drive,0,15.59338860283379
220,3,130,3371.2055690196203,15.5,2002,Europe,Gasoline,Front-wheel drive,-1,12.935876418555994
170,,138,3075.666829479151,14.8,2015,Asia,Diesel,All-wheel drive,-1,14.715150473105933
180,1,166,2980.5574758765197,13.2,2014,USA,Gasoline,All-wheel drive,1,15.120416504855372
210,1,139,2657.049488325385,16.3,2012,USA,Diesel,Front-wheel drive,0,16.090028503141536
160,4,118,2958.3092757063278,14.1,2003,USA,Gasoline,Front-wheel drive,-1,14.133960145943506
210,3,187,2667.0089029530736,13.2,2007,Asia,Gasoline,Front-wheel drive,0,16.981630268712443
110,4,,2518.7911893933433,13.2,2002,Europe,Gasoline,All-wheel drive,0,17.893961125518487
220,2,134,2620.701361687045,12.3,2017,Asia,Gasoline,All-wheel drive,1,16.681580691358974
200,5,117,2692.781291802922,,2004,USA,Gasoline,All-wheel drive,0,15.816049717347816
180,6,125,2405.912453452543,16.2,2018,Europe,Diesel,Front-wheel drive,1,17.4977958624347
170,6,110,2193.479079671891,11.9,2014,Europe,Diesel,All-wheel drive,0,18.742644988694213
170,6,84,2472.7589512384925,12.8,2004,USA,Diesel,All-wheel drive,-1,16.735086548590868
150,7,151,2739.8408833861454,12.9,2020,USA,Gasoline,Front-wheel drive,1,15.934253394058311
210,4,115,2941.6692254260097,14.2,2014,Europe,Diesel,All-wheel drive,1,15.180997386595022
230,5,132,3515.490723191879,,2005,Europe,Diesel,Front-wheel drive,,11.62258297780062
80,4,140,2862.1424524443282,17.3,2022,Asia,Gasoline,Front-wheel drive,-1,15.18793880896024
130,5,130,3019.8015295436226,13.2,2021,USA,Diesel,Front-wheel drive,-1,15.30232959445793
240,7,140,4172.7704664843295,11.8,2015,Europe,Diesel,Front-wheel drive,0,8.806879000175305
200,4,151,3534.0545053098895,18.7,2004,Europe,Gasoline,All-wheel drive,0,11.726447112595203
250,1,180,3418.5947969739937,13.1,2013,USA,Gasoline,Front-wheel drive,0,12.82635028767572
230,3,102,1663.4799224635788,17.7,2014,Europe,Gasoline,All-wheel drive,1,21.19529668288476
240,4,141,4361.335290884409,19.9,2010,USA,Diesel,Front-wheel drive,,7.701582546474823
180,5,129,3212.9207286200153,19.7,2008,Europe,Gasoline,All-wheel drive,1,13.44863111027969
210,3,127,3419.6293230849983,17.4,2008,Europe,Diesel,Front-wheel drive,0,12.61407097769491
170,5,140,3187.31413149602,12,2012,USA,Diesel,All-wheel drive,0,14.421701279462889
140,5,106,3390.1265801689797,14.1,2012,Europe,Gasoline,All-wheel drive,-1,13.185965605588814
270,4,145,3569.394718284404,13.8,2011,USA,Diesel,Front-wheel drive,0,12.37835853138006
240,4,145,3549.027959078847,,2002,USA,Gasoline,Front-wheel drive,-1,12.245567575529769
120,5,198,2596.014687504464,16.7,2003,Asia,Diesel,Front-wheel drive,-1,17.124285642195773
170,7,172,2452.6836844463355,15.3,2016,Asia,Gasoline,Front-wheel drive,-1,18.00043452372121
190,3,159,3613.637370383808,16.8,2010,Europe,Gasoline,All-wheel drive,-1,11.60410802349052
150,5,197,3019.1931029803836,12.5,2021,Asia,Gasoline,All-wheel drive,0,15.646535807738804
160,3,170,2648.327394191292,15.5,2019,USA,Diesel,Front-wheel drive,-2,17.104669849469417
210,7,183,3071.4356166911657,15.5,2006,Europe,Gasoline,Front-wheel drive,0,14.540471126593749
220,5,77,3396.368049380344,16.3,2011,USA,Diesel,All-wheel drive,0,12.396039225442152
150,6,100,3205.766821470703,12.9,2014,USA,Gasoline,All-wheel drive,1,13.548740447867305
230,6,171,2779.249919218388,16.9,2009,Europe,Gasoline,All-wheel drive,0,16.129778358760372
210,0,159,2520.777523808313,18.5,2019,Europe,Diesel,Front-wheel drive,0,16.95400047059054
260,1,185,3800.2286739417023,16.7,2012,Asia,Gasoline,Front-wheel drive,1,11.277761764631075
210,2,154,3025.410118708097,19.5,2014,Europe,Gasoline,All-wheel drive,,14.2730467547025
170,,157,3356.254025240574,14.3,2019,USA,Gasoline,Front-wheel drive,1,13.659819132468385
170,10,133,3553.842865429803,16.1,2022,Europe,Diesel,Front-wheel drive,1,12.249137839966302
220,5,152,2360.371213070722,17.6,2001,Europe,Diesel,Front-wheel drive,0,18.54912126905374
230,3,164,3307.3557103283933,10.4,2016,Asia,Diesel,Front-wheel drive,1,14.027578582185546
250,5,,2327.091037562822,16.5,2005,Asia,Gasoline,All-wheel drive,1,18.228776002478952
190,5,122,2149.642063049184,14.2,2013,Asia,Diesel,All-wheel drive,0,18.621799058214243
240,,,3736.1778082244973,13.3,2018,USA,Diesel,All-wheel drive,,12.563004358606836
120,2,78,2981.6361384421034,16.9,2016,Europe,Gasoline,Front-wheel drive,,13.938256435827542
270,5,143,3739.0142746784786,15.6,2021,USA,Diesel,All-wheel drive,-1,10.85695196398947
170,4,152,3063.9175930319743,17.2,2021,Asia,Gasoline,Front-wheel drive,-1,14.831886716151864
170,3,158,2795.528794681084,13.9,2023,Asia,Gasoline,All-wheel drive,-1,16.054114420558612
200,2,97,2605.0041884352927,,2021,Asia,Gasoline,All-wheel drive,-1,16.12219163856492
220,3,119,2857.107127896401,15,2011,Asia,Diesel,Front-wheel drive,-1,15.339992455765653
200,3,164,3466.7322537874625,14.2,2019,Asia,Gasoline,All-wheel drive,,13.297865774531028
160,5,145,1989.140487326225,16.5,2020,Europe,Diesel,Front-wheel drive,0,20.057946364616804
150,1,173,3256.1174944467643,15,2015,Europe,Diesel,Front-wheel drive,2,14.058877524365341
200,6,162,2534.9890829623005,15.1,2019,Europe,Diesel,Front-wheel drive,0,16.762940864230764
220,6,174,4316.1576720247,16.2,2017,USA,Gasoline,Front-wheel drive,1,8.477010023240263
160,4,171,2728.9970214357563,,2016,Asia,Gasoline,Front-wheel drive,-1,16.136704163611725
140,4,152,2408.7242476779547,15.1,2009,Asia,Gasoline,All-wheel drive,0,18.00700453611416
170,3,184,3101.753164126822,16.1,2013,USA,Diesel,Front-wheel drive,,14.800492383701691
210,2,169,3732.268700681185,11.5,2004,Europe,Diesel,Front-wheel drive,0,11.632762352782049
140,2,106,2664.5076338245663,16.3,2011,Europe,Diesel,Front-wheel drive,1,15.950266975093692
140,0,163,2092.6540280464033,14.2,2014,Europe,Diesel,Front-wheel drive,1,20.202932627850863
170,3,160,2806.592137910031,15.3,2011,USA,Gasoline,Front-wheel drive,1,16.164639041383378
200,3,146,2810.736054221324,15.4,2016,USA,Gasoline,All-wheel drive,0,16.05250399232072
140,3,174,3284.7850257603477,10.9,2017,Asia,Diesel,Front-wheel drive,1,14.744858996858735
230,6,161,2829.385914633759,17.2,2001,USA,Diesel,Front-wheel drive,1,15.874551954323644
280,2,126,3586.1289892980003,12.6,2011,Europe,Diesel,Front-wheel drive,-1,11.934721913290414
170,4,145,2560.8752595576652,15.6,2010,USA,Gasoline,All-wheel drive,-1,17.28291012045407
150,3,187,2971.7979579235534,13.4,2005,USA,Diesel,All-wheel drive,1,15.302288293507473
170,5,83,3311.212651067339,14,2018,Europe,Diesel,All-wheel drive,0,12.589700618487687
250,4,163,2673.256417922764,10.9,2009,USA,Gasoline,All-wheel drive,1,17.318384890195286
190,5,156,2912.0013958943287,16.8,2003,Europe,Diesel,All-wheel drive,-1,15.504566850772658
280,7,,3249.0897202857273,16.6,2021,Europe,Diesel,All-wheel drive,0,13.55969769238411
140,5,142,3837.125409072516,14.3,2019,Asia,Gasoline,Front-wheel drive,-1,10.765555915080435
240,4,153,2101.9598784542086,,2015,USA,Gasoline,Front-wheel drive,1,19.880489464235204
200,2,163,2805.8762614796956,14.8,2014,Europe,Diesel,Front-wheel drive,-2,16.13463660693156
220,1,187,3181.9856917786374,20.5,2008,Asia,Diesel,All-wheel drive,0,14.066451067110998
130,3,175,3213.836463863417,12.8,2010,USA,Gasoline,All-wheel drive,3,14.438265280776047
190,2,,3448.3537701501164,10.1,2018,USA,Diesel,All-wheel drive,-1,13.368698747843615
240,4,172,3269.2674491122716,12.5,2006,Asia,Gasoline,Front-wheel drive,-1,13.696597035550678
120,4,145,3230.7083359671137,11.5,2020,Asia,Gasoline,Front-wheel drive,0,13.62006702735906
190,4,167,3272.781900540768,14.5,2023,USA,Diesel,All-wheel drive,1,13.737563591179859
150,4,139,1948.1686376602104,21,2020,Asia,Diesel,All-wheel drive,-1,19.51784055865248
200,4,171,3157.8340600783404,18.8,2004,USA,Gasoline,All-wheel drive,0,13.986879174760277
180,,156,3066.4313917087884,15.8,2022,Asia,Diesel,All-wheel drive,1,14.582377781380599
150,4,157,3525.5545486424494,16.3,2005,Asia,Gasoline,Front-wheel drive,1,12.283612009871495
110,5,144,3469.8091860660707,13.5,2013,USA,Gasoline,All-wheel drive,0,12.749463161510095
150,3,145,3400.2559050865434,,2014,Europe,Gasoline,Front-wheel drive,2,12.630139269913219
260,8,142,2156.6789747903695,,2003,Asia,Gasoline,All-wheel drive,1,19.094316164807207
230,2,,2130.421747440838,12.4,2010,Europe,Gasoline,All-wheel drive,0,19.205817028093815
140,3,148,3297.95827118796,19.5,2014,Europe,Gasoline,All-wheel drive,1,13.41525713113241
220,0,141,2978.823459615106,14,2019,USA,Gasoline,All-wheel drive,0,15.033845005994538
160,2,151,2383.237318887966,14.2,2010,Europe,Gasoline,Front-wheel drive,0,17.973411611340072
160,2,,2658.3080584152503,15.3,2001,Asia,Diesel,All-wheel drive,0,16.456239150645434
180,1,138,3490.1028818307964,17,2005,Asia,Diesel,Front-wheel drive,0,12.27190909268487
190,4,122,3661.335167582085,12,2017,Asia,Diesel,Front-wheel drive,0,11.641902515512216
200,9,76,2539.514394128537,11.8,2002,USA,Gasoline,All-wheel drive,1,16.640865678919308
240,4,170,1563.1321511227427,18.2,2012,Asia,Gasoline,All-wheel drive,-2,21.19437750782279
160,4,162,2635.6013990596643,,2000,Europe,Diesel,All-wheel drive,0,16.981240019835568
140,2,188,3617.538874660036,18.1,2022,USA,Diesel,All-wheel drive,2,11.8227985932001
190,6,155,3054.265375372941,14.1,2004,Europe,Gasoline,All-wheel drive,2,14.916048989073262
130,4,180,2334.9828278226105,14.9,2021,USA,Gasoline,All-wheel drive,-1,18.564673701389
150,2,122,3457.6474647587775,11.9,2009,Asia,Gasoline,Front-wheel drive,-1,12.686258761437886
210,,123,2582.8642605268265,18.1,2003,USA,Gasoline,All-wheel drive,0,16.655681238345295
130,2,144,3935.323947930411,9.7,2009,USA,Diesel,All-wheel drive,0,10.344516709955563
330,0,70,3375.1449604738464,16.3,2023,Europe,Diesel,All-wheel drive,0,12.255405411503357
170,6,144,3332.023748285968,12.2,2012,Europe,Gasoline,Front-wheel drive,1,13.56637293258749
260,,137,3013.6386407250425,,2015,Europe,Diesel,All-wheel drive,-2,15.228366056369225
170,1,122,3425.9644401792816,,2016,Europe,Gasoline,Front-wheel drive,0,12.508966843974482
130,4,123,4480.692111022432,16.1,2012,Europe,Gasoline,Front-wheel drive,-1,7.192478265246963
250,6,115,2404.6979876042155,,2014,Europe,Diesel,Front-wheel drive,1,17.384155106929878
220,8,152,3224.9618586897886,13,2012,Europe,Diesel,All-wheel drive,0,14.66426816882927
140,2,143,2779.4446316898943,,2002,Europe,Gasoline,Front-wheel drive,1,16.322634574404486
180,5,182,2457.8886835395124,16.3,2006,Europe,Diesel,All-wheel drive,-1,17.749033333048583
180,6,163,3528.970818574143,11.6,2009,USA,Diesel,Front-wheel drive,-1,13.450072818147936
120,3,180,3179.9575142518443,19.3,2009,USA,Diesel,All-wheel drive,1,13.653285352434402
210,4,189,3466.011813371597,13.3,2020,Asia,Diesel,All-wheel drive,1,13.391600961362514
210,5,156,3155.89291157179,15.2,2006,Asia,Gasoline,All-wheel drive,-1,13.782505091991482
290,6,135,3640.298677035443,11.4,2005,Europe,Gasoline,All-wheel drive,0,12.536362677260367
210,1,173,4060.2566671164973,11,2000,USA,Diesel,Front-wheel drive,-1,10.520413282537687
200,6,114,2549.786027891214,12.9,2014,USA,Diesel,All-wheel drive,0,17.15695743962277
140,7,136,3361.095581328763,16.3,2019,Europe,Diesel,Front-wheel drive,1,13.401829076415499
170,3,150,2650.337758588768,9.3,2002,USA,Gasoline,Front-wheel drive,-1,17.029562602390747
260,5,197,3918.361309141585,14.8,2002,Asia,Gasoline,All-wheel drive,,10.663052222608735
260,6,207,2639.692336286209,15.6,2010,USA,Diesel,Front-wheel drive,0,16.800538402451835
220,6,170,2368.392834624487,15.2,2019,Asia,Diesel,All-wheel drive,0,17.71654522008404
240,2,197,2464.678066010796,15.3,2002,Asia,Diesel,All-wheel drive,-1,18.50762672663004
170,3,117,3365.2492182668657,12.6,2004,Asia,Diesel,Front-wheel drive,1,12.707242250356094
210,2,135,2401.9534540678774,18.7,2005,Asia,Gasoline,Front-wheel drive,0,17.4540611477651
150,3,191,3449.418474315572,16.8,2021,USA,Gasoline,All-wheel drive,2,13.222440892191386
190,,152,3173.5619053675427,12.2,2006,Europe,Diesel,Front-wheel drive,-2,15.050829698094775
230,4,135,2936.9077901736673,15.8,2014,Europe,Diesel,All-wheel drive,1,15.154198021019171
170,5,55,3676.5278814502285,,2002,Europe,Gasoline,All-wheel drive,0,10.353445343476622
150,4,,2605.0865379944594,13.8,2016,USA,Diesel,All-wheel drive,1,16.79935256084536
170,5,156,3440.149875176527,16.1,2020,Europe,Diesel,Front-wheel drive,0,12.751852768632908
250,6,174,3890.249177794179,12.3,2015,Asia,Gasoline,Front-wheel drive,0,11.192060223473518
130,,193,3769.3831499428925,17.9,2012,Europe,Gasoline,Front-wheel drive,-1,11.532065173937388
190,5,184,2644.609943453998,11.2,2002,Europe,Diesel,Front-wheel drive,1,17.784894340462994
290,2,130,3656.6292499267583,,2023,USA,Diesel,Front-wheel drive,-2,11.608427928239921
120,5,,3753.2737405497946,15.7,2001,USA,Diesel,All-wheel drive,0,11.43760333228966
220,3,194,1944.2287513814972,15.9,2002,Asia,Gasoline,Front-wheel drive,-1,20.76093708085838
270,,88,2487.620747495169,12.7,2018,Asia,Diesel,All-wheel drive,-2,17.32810698648586
160,4,168,3404.185919013747,15.5,2001,Asia,Gasoline,Front-wheel drive,1,12.69258386603668
210,4,134,2895.5573250242915,13.5,2003,Asia,Diesel,Front-wheel drive,-2,15.160573404402431
170,4,98,3054.0578867114755,13.4,2007,Europe,Gasoline,Front-wheel drive,1,14.43599175031745
180,5,97,3528.1878640651744,,2020,Asia,Diesel,Front-wheel drive,1,11.875934632629802
70,6,179,3765.7081283646307,10.6,2012,Europe,Diesel,Front-wheel drive,-1,12.088809219209224
230,6,,3158.7048929714915,11.9,2006,Europe,Diesel,All-wheel drive,1,14.353256981152292
170,2,183,3576.2892975098875,18,2001,Asia,Gasoline,Front-wheel drive,1,11.700604758553599
250,4,134,3429.9144267906554,10.9,2012,Europe,Diesel,Front-wheel drive,0,13.051053338844852
260,,183,2493.612393153184,,2020,Asia,Gasoline,All-wheel drive,-1,17.851120621301284
210,4,137,3274.398876047042,15.6,2003,Asia,Diesel,All-wheel drive,1,13.100998024196608
240,,132,3403.8497452149163,15.2,2015,USA,Gasoline,All-wheel drive,0,13.020630131001376
230,3,,3726.4289812217075,14,2018,Europe,Diesel,Front-wheel drive,2,11.354094859918861
180,5,167,3460.4440651238356,13,2005,Europe,Diesel,Front-wheel drive,3,12.47815428112689
220,3,132,3253.6137898340744,14,2002,USA,Diesel,All-wheel drive,1,13.285273000812786
230,1,180,2568.257682555054,,2003,USA,Gasoline,All-wheel drive,0,17.213083729032032
210,3,180,3005.034740415417,,2002,USA,Diesel,All-wheel drive,,15.523361170581966
190,1,110,3358.290656077321,11.5,2010,Europe,Gasoline,Front-wheel drive,1,12.818321009668576
130,3,170,2975.7852231677957,10.2,2016,USA,Diesel,All-wheel drive,0,14.398582136832355
170,2,163,2753.8246851997783,18.6,2010,Asia,Diesel,Front-wheel drive,0,15.85987225841234
180,3,173,2819.3430687363825,12.5,2009,Europe,Gasoline,All-wheel drive,-1,16.30233633522256
170,4,205,2469.1652159473088,8.4,2019,Asia,Gasoline,All-wheel drive,0,18.130038759335516
130,4,167,2517.863965426892,11.8,2013,Europe,Gasoline,All-wheel drive,0,18.112021649516866
150,5,123,2462.7638956044843,13,2019,Asia,Gasoline,Front-wheel drive,0,18.177759983237184
210,,138,2672.7772652776457,10.4,2010,USA,Gasoline,All-wheel drive,0,17.559922387720224
160,3,163,4028.2325899291486,15.4,2007,Europe,Gasoline,All-wheel drive,-1,9.974295880797124
240,4,152,2571.6103570418595,15,2011,USA,Gasoline,All-wheel drive,1,17.030799255362265
170,1,143,2111.479380627299,16.3,2004,USA,Diesel,All-wheel drive,-1,19.25655688341389
150,8,183,4527.535745257586,14.8,2019,USA,Diesel,Front-wheel drive,-1,8.630016411443687
160,4,165,3071.339961318181,15.1,2008,Europe,Diesel,Front-wheel drive,0,14.86247309882099
230,7,134,3779.1394131022003,12.9,2006,Asia,Gasoline,Front-wheel drive,0,11.164392561605151
210,3,130,3374.316110710007,14.5,2012,USA,Diesel,Front-wheel drive,1,12.768613650646106
290,1,136,2697.757617212511,15.3,2006,USA,Diesel,All-wheel drive,0,15.929889240052924
190,4,120,3538.3756591689607,14.1,2013,USA,Diesel,Front-wheel drive,2,12.492257986952724
300,3,,2969.9060703361965,,2022,Europe,Gasoline,All-wheel drive,-1,14.43112340968311
200,5,158,3747.3519472049484,16.1,2011,Asia,Gasoline,All-wheel drive,0,10.601082271851917
160,5,171,2523.0714059526344,15.1,2017,USA,Gasoline,Front-wheel drive,1,17.7815802950052
180,5,135,2587.721626455891,15.2,2005,USA,Gasoline,Front-wheel drive,1,16.232968611795016
180,7,102,2358.686858757188,14.7,2007,Asia,Diesel,Front-wheel drive,-1,17.639749329260948
170,3,141,2964.970638961426,16.9,2019,USA,Gasoline,All-wheel drive,1,14.484174814173986
220,2,173,2531.005714236985,10.9,2011,Asia,Diesel,All-wheel drive,2,18.061854450870477
120,2,168,3580.7054213221945,16.2,2018,Europe,Diesel,Front-wheel drive,0,12.504395406113174
230,4,187,3156.508260414294,13.4,2016,USA,Diesel,Front-wheel drive,,14.567826599647649
160,4,139,2784.9424915597524,17.3,2011,Asia,Diesel,Front-wheel drive,1,15.65542297566537
150,6,162,2717.910513850031,14.8,2017,Asia,Diesel,All-wheel drive,0,16.465815358615906
270,1,116,3098.535824445876,,2022,Asia,Gasoline,All-wheel drive,0,14.315362053758772
120,3,,3512.074515056154,13.8,2017,USA,Gasoline,All-wheel drive,2,13.325576631459269
200,1,153,2500.019549303523,12.8,2004,USA,Diesel,All-wheel drive,2,16.943431677284963
290,6,185,3486.8893421845637,10,2020,USA,Diesel,All-wheel drive,0,14.162535050629899
190,5,147,2779.2760196599593,12.3,2009,Asia,Gasoline,Front-wheel drive,0,16.256485165447312
280,4,157,3182.6587477720213,13.9,2020,Asia,Diesel,All-wheel drive,0,14.017190027819147
180,2,86,3675.4725526531565,12.1,2007,Asia,Gasoline,Front-wheel drive,1,11.473417176319474
210,5,145,3092.2417972498747,18,2020,USA,Diesel,Front-wheel drive,0,14.300680349625909
290,,145,2865.3572434534826,19.2,2006,Asia,Diesel,Front-wheel drive,1,15.655354970125549
250,4,195,3553.12391017603,12.3,2002,USA,Gasoline,Front-wheel drive,1,13.17849173015945
240,5,168,3048.2489360080335,20.2,2002,USA,Diesel,All-wheel drive,2,14.238448425605723
180,2,162,2496.4902259820715,13.2,2003,Asia,Gasoline,Front-wheel drive,-1,18.63329749028846
160,2,106,3170.9737639034643,12.5,2009,USA,Diesel,Front-wheel drive,0,13.45353655646724
190,7,172,3009.8528151365595,13.1,2012,USA,Gasoline,Front-wheel drive,0,15.099432042310545
270,1,162,3696.1147989405254,14,2006,Asia,Gasoline,All-wheel drive,0,11.367324522065305
260,6,160,3558.7530209026836,12.5,2016,Europe,Gasoline,Front-wheel drive,0,12.818011731806635
200,2,204,3103.30578321251,12.2,2005,Asia,Gasoline,All-wheel drive,1,15.765257718903415
190,3,150,2403.9509774400203,13.8,2012,Asia,Gasoline,Front-wheel drive,0,18.491831619929137
130,6,167,2538.91475312146,17.1,2000,Europe,Diesel,Front-wheel drive,-1,17.099328438269954
200,5,141,4007.0871561622143,22.6,2016,USA,Gasoline,Front-wheel drive,-2,9.440756919750548
290,8,148,2934.968302669983,17,2001,Europe,Gasoline,All-wheel drive,1,14.718324957746555
200,2,138,2714.869085619494,17.2,2011,Europe,Diesel,Front-wheel drive,-1,16.214614146134178
180,7,139,2792.2397997845474,15.1,2022,Asia,Gasoline,All-wheel drive,1,16.42715422275274
180,1,165,2646.447519415262,13.5,2021,USA,Diesel,Front-wheel drive,0,16.70174372092155
210,1,110,3112.291429377879,17.5,2021,Asia,Gasoline,Front-wheel drive,-1,13.519468689022544
300,2,,3053.168200578155,,2012,Asia,Gasoline,Front-wheel drive,-1,14.656902084623246
160,2,150,3346.1382213433812,14.6,2017,USA,Diesel,Front-wheel drive,1,13.456632934978023
200,3,161,3081.1167004592444,,2002,USA,Gasoline,Front-wheel drive,0,14.920762211271063
300,3,95,3753.138609648916,16.5,2021,USA,Diesel,Front-wheel drive,1,10.561603382011207
290,3,136,4290.808901805029,16,2005,Asia,Gasoline,Front-wheel drive,-2,8.755218717241748
290,5,170,3720.3643552680323,19,2003,USA,Gasoline,Front-wheel drive,1,11.04032224007722
200,7,162,3214.4291633035414,15.8,2003,USA,Diesel,Front-wheel drive,-1,14.137123194196851
270,8,132,2976.789024128568,14.3,2002,USA,Gasoline,Front-wheel drive,1,15.175252794440755
260,3,153,3237.8102116825416,17.4,2023,Asia,Gasoline,All-wheel drive,0,13.896960247208268
160,2,149,3549.627657048678,11.4,2011,USA,Diesel,Front-wheel drive,-1,12.176245952640201
260,5,167,2855.202739361987,15.3,2004,Europe,Gasoline,All-wheel drive,0,16.35988926897998
190,4,,2783.8225831990208,17.4,2012,USA,Gasoline,All-wheel drive,,16.69410770617753
190,5,222,2999.977090312138,16.1,2016,Asia,Diesel,Front-wheel drive,-1,15.320157534414129
140,2,142,2887.166988666486,19.2,2020,Asia,Gasoline,Front-wheel drive,1,14.580023965111952
240,4,139,3162.833158494539,15.6,2006,Asia,Gasoline,All-wheel drive,1,14.416087407706922
210,8,166,3370.126808358554,19.8,2014,Asia,Gasoline,Front-wheel drive,1,12.706906154296073
250,5,154,2952.3444106268007,16.1,2020,Asia,Gasoline,All-wheel drive,,14.808723629403861
250,3,115,3485.928632984882,13.5,2007,Asia,Diesel,Front-wheel drive,1,12.429488382942862
140,3,107,1832.6497731247873,16.5,2012,Asia,Gasoline,All-wheel drive,-1,20.485269672921348
190,1,123,2956.5156680705854,13.2,2014,USA,Diesel,Front-wheel drive,1,15.175198793094932
230,5,134,2940.0739417461036,18.8,2007,Europe,Gasoline,All-wheel drive,1,15.107077453410263
230,7,119,2964.469073582315,14.4,2020,Europe,Diesel,All-wheel drive,1,15.42636500850016
140,5,133,2998.391835770265,19.1,2014,Asia,Diesel,Front-wheel drive,-1,14.774973226816916
180,5,126,3323.0825400994017,12.2,2020,USA,Gasoline,Front-wheel drive,0,13.341184679619762
160,9,158,2452.4352254816195,15.9,2009,Europe,Diesel,All-wheel drive,2,17.80863808988284
310,6,79,2747.6488027163673,15.6,2011,Europe,Gasoline,Front-wheel drive,-1,15.218669916393717
240,2,161,3143.461057605549,13.2,2003,Europe,Diesel,All-wheel drive,1,14.543349785108326
190,5,162,2939.32486088918,17.2,2018,Asia,Diesel,Front-wheel drive,1,15.131213355756095
170,4,104,2948.0927150568277,16.7,2017,Asia,Diesel,Front-wheel drive,0,14.19779007142395
200,6,138,2817.7502914000447,9.7,2004,Asia,Diesel,Front-wheel drive,-1,16.265287059828342
190,3,200,3187.1699251139958,15.9,2005,Europe,Diesel,All-wheel drive,,14.627433364250537
240,3,170,2505.3548215506676,14.7,2010,Europe,Gasoline,All-wheel drive,0,17.308121267398516
100,4,182,3335.45835762357,8.7,2015,Europe,Diesel,All-wheel drive,0,14.273246038446633
300,4,113,2223.8101540459857,,2020,Asia,Gasoline,All-wheel drive,0,18.34899639276831
180,6,161,2974.1980700785834,16.5,2012,USA,Gasoline,All-wheel drive,0,15.206180759488198
200,,140,2882.5802169092394,11.7,2003,Asia,Gasoline,All-wheel drive,0,16.172714911266596
140,7,84,2799.808999073873,16.1,2018,Asia,Diesel,All-wheel drive,0,15.068119320230954
200,4,182,2439.2830462962665,,2001,Asia,Diesel,All-wheel drive,0,18.14876509303681
230,6,124,3381.2245794254923,14.5,2000,Asia,Diesel,All-wheel drive,1,12.616210217593501
150,5,,2510.4108964056463,10,2010,Europe,Gasoline,Front-wheel drive,0,17.163764907064895
210,3,148,2713.9275566049814,16.7,2004,Europe,Gasoline,All-wheel drive,0,16.50327338769915
240,6,176,3013.9012932146147,14.1,2016,Asia,Diesel,All-wheel drive,1,14.96573839162697
240,3,186,2377.637514193877,14.8,2012,USA,Gasoline,Front-wheel drive,0,18.692146624109355
230,5,89,1808.567032453904,15.9,2003,USA,Gasoline,All-wheel drive,1,20.445752032906743
240,6,181,2627.0448997461035,16.7,2020,USA,Gasoline,All-wheel drive,0,16.842608721798044
260,5,150,2829.778719054973,9.9,2022,Europe,Gasoline,All-wheel drive,0,15.939516524090816
200,5,140,2946.6795587552656,11,2001,Europe,Gasoline,All-wheel drive,0,15.193933729366153
240,6,174,2925.775631050695,11.2,2023,Asia,Gasoline,Front-wheel drive,-1,15.80521710681194
200,3,187,3116.131126666276,18.1,2011,Europe,Diesel,Front-wheel drive,-1,15.067619861586323
160,6,186,2324.9456658505887,,2009,USA,Diesel,Front-wheel drive,2,18.176636727816735
190,5,154,2864.2289053933473,17.6,2016,Europe,Gasoline,Front-wheel drive,-1,14.866440412015283
180,4,148,3162.118916988614,13.2,2002,USA,Gasoline,All-wheel drive,-1,14.291054994496767
220,6,175,2582.6055034413866,12.7,2009,USA,Diesel,All-wheel drive,0,17.72910998686147
130,2,160,3483.904403207969,,2016,Europe,Diesel,Front-wheel drive,0,12.18418865073838
210,0,189,2829.9309682146536,12.1,2004,USA,Gasoline,Front-wheel drive,1,16.11320350832339
250,4,,3529.6319190841455,13.6,2009,Europe,Diesel,Front-wheel drive,0,12.327295914777313
280,5,186,3271.8903881659494,15.4,2007,Asia,Diesel,Front-wheel drive,0,14.419191550587774
240,4,194,2878.3832832439116,11,2002,Asia,Diesel,All-wheel drive,0,16.275557144191954
280,0,162,3560.6038361958754,18.8,2007,USA,Diesel,All-wheel drive,-1,12.260753940318805
190,1,159,2800.258444040028,15.8,2001,USA,Gasoline,All-wheel drive,1,16.06287973502214
250,2,130,3298.7446978046573,15.9,2020,USA,Diesel,Front-wheel drive,1,13.132014455957153
190,3,126,3588.016865399304,14,2019,Asia,Gasoline,All-wheel drive,0,12.013017040127336
220,3,177,2640.902230999198,12.2,2008,Europe,Gasoline,Front-wheel drive,-1,16.769692061302234
170,7,180,3994.583781387895,15,2013,Asia,Gasoline,Front-wheel drive,1,10.405935881664815
190,1,138,2652.31722239225,16.3,2005,Europe,Diesel,Front-wheel drive,-2,16.148406401704406
160,0,,2918.2434430522253,14,2011,Europe,Diesel,Front-wheel drive,1,16.104027112131597
170,4,,3679.5949700126143,9.2,2019,Asia,Diesel,All-wheel drive,0,12.663444609856336
160,7,150,2472.9096881370015,14.8,2019,USA,Gasoline,All-wheel drive,-2,17.6448793602405
200,3,168,3057.586980634511,15.2,2006,Europe,Gasoline,Front-wheel drive,0,15.00894440495501
200,,153,2947.0587075201133,,2007,Asia,Gasoline,All-wheel drive,-1,15.47842520526291
220,6,200,3852.138940754625,12.9,2006,Asia,Diesel,All-wheel drive,2,11.758484734024584
240,5,134,3162.613102873982,18.7,2008,Europe,Diesel,All-wheel drive,2,12.507049952567385
190,8,172,3142.843788850002,17,2021,Europe,Gasoline,Front-wheel drive,-1,14.773001327540609
160,,161,2107.9471824211337,12.8,2001,USA,Gasoline,All-wheel drive,1,20.41099954394384
160,3,118,2980.2408242570705,14.9,2002,Asia,Gasoline,Front-wheel drive,0,14.691548345376365
140,,125,3436.723097599175,15.5,2022,Asia,Gasoline,All-wheel drive,0,12.155230144062985
190,6,78,3007.065180473458,15.2,2019,Europe,Gasoline,Front-wheel drive,-1,14.288442148490766
190,3,174,2876.8541805523396,16.2,2011,USA,Diesel,All-wheel drive,1,15.79632568496137
280,3,143,3515.1424162296767,16.2,2004,USA,Gasoline,Front-wheel drive,-1,12.64306586500262
210,8,134,3051.276086120345,16.8,2014,Asia,Diesel,All-wheel drive,-2,14.3980335856639
180,3,188,3852.38576503503,15.8,2008,Asia,Gasoline,Front-wheel drive,-1,10.72580981803367
160,2,,2981.866055248001,18.8,2019,Europe,Gasoline,Front-wheel drive,0,15.30862062715166
170,5,175,4076.2859189908686,14.9,2007,USA,Gasoline,Front-wheel drive,0,9.429600301663813
270,3,110,2389.430296209118,12.4,2007,Europe,Gasoline,Front-wheel drive,-1,17.84538547822949
250,,204,2439.3349275322093,13.8,2012,USA,Diesel,All-wheel drive,1,18.649975338004538
260,0,,2954.566443065439,16.2,2019,Europe,Diesel,All-wheel drive,,15.08356494160519
210,4,91,3096.394375649742,9.2,2015,Asia,Diesel,Front-wheel drive,0,14.65125013278294
280,3,111,2049.405281882471,15.2,2022,Asia,Diesel,All-wheel drive,-1,19.603529385046745
130,2,124,2947.7931344353487,17.2,2008,Europe,Gasoline,All-wheel drive,1,15.457235572410527
180,3,161,2737.812671093021,14.1,2011,USA,Diesel,All-wheel drive,0,16.87037840686377
220,5,118,3469.3972255526037,17.9,2014,Europe,Gasoline,All-wheel drive,0,12.119807022938614
220,6,172,2643.3916417366795,,2020,USA,Gasoline,Front-wheel drive,1,16.917446652458906
270,2,178,3506.251657013972,12.3,2000,USA,Diesel,Front-wheel drive,-1,13.184123326999897
130,4,134,3154.2449916180813,14.8,2019,Asia,Gasoline,All-wheel drive,-1,13.369069190957514
140,3,100,2408.8553670958863,15.2,2021,Europe,Gasoline,Front-wheel drive,0,17.28685981764948
210,3,166,2886.098719574554,19.2,2012,Asia,Diesel,Front-wheel drive,1,15.305828420211748
140,1,169,2853.409220581733,11.5,2007,Europe,Gasoline,All-wheel drive,-1,15.896209486480567
150,3,98,2432.2290193501635,14.5,2006,Asia,Gasoline,All-wheel drive,-1,17.512555242690848
170,2,179,3012.240564770732,14.2,2013,Asia,Diesel,Front-wheel drive,1,15.265071483847235
130,4,152,2484.593696102448,9.3,2009,Asia,Diesel,Front-wheel drive,-1,18.707940114142772
230,3,126,2172.6027480958455,17.2,2022,USA,Diesel,Front-wheel drive,2,18.565979879553854
170,,163,2343.3655026414212,14.7,2003,Europe,Diesel,Front-wheel drive,0,18.53989409077706
170,1,149,2660.3907211306214,16.9,2004,USA,Diesel,All-wheel drive,,15.942152343750518
310,2,113,2609.9908317697755,15,2014,USA,Diesel,Front-wheel drive,0,16.727333918510716
120,2,158,2703.6261529314615,13.6,2004,Asia,Diesel,Front-wheel drive,2,16.415246766870563
170,6,152,2808.44520089327,13.6,2008,USA,Gasoline,Front-wheel drive,1,16.47695935489317
240,4,168,2771.3514315650727,14.4,2019,USA,Gasoline,All-wheel drive,0,16.101383592496255
150,9,214,4076.839692275945,16.7,2019,USA,Gasoline,Front-wheel drive,1,10.383436394041277
150,5,156,3332.202758331327,20.5,2013,Europe,Diesel,All-wheel drive,0,12.844459150802809
220,4,152,3388.5658438567402,17,2000,Asia,Diesel,All-wheel drive,0,13.08415027681734
190,2,174,3313.377109597631,17.6,2005,USA,Diesel,Front-wheel drive,-1,13.630594575750587
220,10,90,3568.9108956898835,,2003,Asia,Gasoline,Front-wheel drive,-1,12.128072935071438
300,2,128,2987.7459873136304,11.9,2023,Europe,Gasoline,All-wheel drive,0,15.104042615232235
230,5,157,3698.221709110379,10,2012,USA,Diesel,All-wheel drive,-1,12.336899048298493
260,1,157,3255.684379012235,15.6,2020,Asia,Gasoline,All-wheel drive,-1,13.697474925116797
160,4,170,2933.953926916224,14.8,2019,USA,Gasoline,Front-wheel drive,-1,15.181659855742382
220,7,116,4269.659235237795,9.6,2007,USA,Gasoline,Front-wheel drive,-1,7.962868115335997
190,3,,2374.098575471934,9.9,2016,Europe,Diesel,All-wheel drive,0,18.703246571638
230,4,160,3500.082290011323,16.5,2017,USA,Gasoline,Front-wheel drive,-1,13.017764850524324
200,6,134,3113.620015414128,17.5,2009,USA,Gasoline,All-wheel drive,0,13.77469327100277
250,2,140,2356.385246103914,16.4,2021,USA,Gasoline,Front-wheel drive,0,17.985192603362872
210,2,161,2489.0782154370995,14.6,2020,Europe,Gasoline,Front-wheel drive,2,17.7591448504026
200,6,147,3146.1326235425254,14.5,2001,Asia,Diesel,All-wheel drive,2,14.023707258548498
110,3,154,3017.152412135138,11.6,2001,USA,Diesel,All-wheel drive,0,15.540002112613891
240,3,135,3652.71597096378,13.2,2003,Europe,Gasoline,Front-wheel drive,1,11.65944586374768
150,,142,3648.7728776216977,11.6,2009,USA,Gasoline,Front-wheel drive,-1,11.544121420726233
160,2,164,2465.4965245896387,13,2015,Asia,Diesel,Front-wheel drive,0,18.33846041692045
270,1,152,2695.1354721301554,14.5,2021,Europe,Diesel,Front-wheel drive,0,16.762105789444217
180,2,129,2757.646475870189,16.8,2021,Europe,Gasoline,Front-wheel drive,0,15.102201237686188
170,4,131,2761.3594648580734,16.7,2000,Asia,Diesel,All-wheel drive,-1,15.777466511460768
270,4,,2819.0613069539177,15.6,2016,USA,Gasoline,All-wheel drive,1,16.371332404034373
270,7,156,2949.1570640373047,15.7,2008,USA,Diesel,Front-wheel drive,0,15.078387823533598
190,3,152,2535.6865480514484,15.9,2015,Europe,Diesel,All-wheel drive,1,16.68575300421999
130,2,,3239.270225763985,18.7,2017,Europe,Diesel,All-wheel drive,1,12.99364095666662
170,1,64,2862.5044220308155,15.5,2002,Asia,Gasoline,All-wheel drive,1,14.711404366718572
180,3,103,2368.4156531815233,18,2007,USA,Gasoline,All-wheel drive,-1,16.9528058602677
130,3,154,3272.473239163542,19.4,2001,Europe,Diesel,All-wheel drive,1,13.327947773430774
190,3,159,1890.3034378083726,12.4,2018,USA,Gasoline,All-wheel drive,0,20.42510921744197
190,4,130,3155.6219047226746,15,2018,Asia,Gasoline,All-wheel drive,0,13.846218064283196
130,4,124,1993.044305288216,13.3,2020,USA,Diesel,All-wheel drive,0,20.100568960063843
210,4,134,3097.439136626333,14.2,2004,USA,Gasoline,Front-wheel drive,-1,14.172939351463203
160,3,167,2052.6156929664235,10.2,2010,USA,Diesel,Front-wheel drive,0,20.353963417649307
280,10,116,3275.0969559120695,15.8,2012,Asia,Diesel,Front-wheel drive,0,13.283674261204398
180,4,151,2969.351216744611,,2022,USA,Gasoline,Front-wheel drive,2,15.325230181063066
260,4,96,2017.0658431332654,15,2006,Europe,Gasoline,Front-wheel drive,0,19.7465287135414
210,4,103,3818.1894105031843,,2004,Asia,Diesel,Front-wheel drive,0,11.438397425239225
260,,146,2606.771136321273,14.4,2010,Europe,Gasoline,Front-wheel drive,0,17.13117968637613
220,,108,3410.2817919833947,17.3,2021,Europe,Diesel,All-wheel drive,1,12.750235821209822
180,4,132,2462.0833735666174,16.1,2015,Asia,Gasoline,All-wheel drive,0,17.565293881853083
220,3,113,3385.4119127325257,19.4,2012,Asia,Gasoline,All-wheel drive,1,12.540235329216658
230,5,166,3144.759246574053,14.4,2020,Europe,Diesel,All-wheel drive,1,14.39258096649856
230,3,166,3646.5389734430573,13.3,2016,Asia,Diesel,Front-wheel drive,,12.19004036671846
210,5,154,3200.7131540227583,18,2008,Europe,Diesel,All-wheel drive,-1,13.87761290064807
70,,135,3095.523513845869,,2021,Europe,Diesel,All-wheel drive,0,14.304296540377726
240,3,129,2043.1576333659582,16.3,2002,Europe,Gasoline,All-wheel drive,-1,19.310724735573203
250,4,163,2924.37102435017,12.3,2012,Europe,Diesel,All-wheel drive,1,15.777765740626991
200,2,216,2960.5744194872404,17.1,2021,USA,Diesel,All-wheel drive,-2,15.720354618856643
260,3,180,2726.944079844929,16.7,2015,Asia,Gasoline,All-wheel drive,-1,16.514666732916726
230,4,129,2322.2255394886197,10.3,2014,Europe,Gasoline,All-wheel drive,-1,18.637449272553532
200,2,89,4013.2253203479413,18,2018,Asia,Diesel,Front-wheel drive,0,8.677107510641703
160,0,,2425.1024079303083,14,2022,Europe,Gasoline,Front-wheel drive,1,17.530499950565293
140,8,160,3192.65367333713,18.6,2015,Europe,Diesel,All-wheel drive,0,13.564640830336462
160,3,148,3316.160814000243,14.8,2007,Europe,Gasoline,All-wheel drive,0,13.21703750630662
240,2,143,3249.5695772226154,15.2,2016,Asia,Gasoline,All-wheel drive,1,13.900285480511267
130,5,194,3570.1443380108585,11.9,2021,USA,Diesel,All-wheel drive,1,13.055256099972324
260,3,141,2168.524309702736,16.2,2021,Asia,Diesel,Front-wheel drive,2,18.697727126839787
200,6,167,3658.583215443827,14.3,2003,Europe,Gasoline,All-wheel drive,,11.906708531901298
200,1,166,3137.715173079657,14.4,2004,Europe,Gasoline,All-wheel drive,0,15.275164908187273
160,2,177,3582.294140094812,17.4,2009,USA,Diesel,All-wheel drive,0,12.397631108332787
210,4,80,3568.342915730587,22,2019,Asia,Gasoline,Front-wheel drive,-2,10.076849314670676
270,3,176,3244.000780454434,11.7,2015,Asia,Gasoline,Front-wheel drive,1,14.48514167916053
190,4,182,3102.9240897259206,16.5,2000,USA,Diesel,All-wheel drive,1,14.278676161010715
280,3,167,2594.513838814807,19.3,2007,USA,Diesel,All-wheel drive,1,17.413137154650148
200,5,211,2821.424519811262,13.2,2008,Asia,Diesel,All-wheel drive,-1,17.24259112501264
140,2,147,3182.0402782450337,17.7,2016,Asia,Diesel,Front-wheel drive,0,14.070467619758144
240,6,194,2609.8348011063463,12,2015,Asia,Gasoline,Front-wheel drive,-1,17.805609949025783
220,4,153,2909.3189238615364,18.7,2016,Europe,Gasoline,All-wheel drive,0,15.041599740470236
270,5,159,3434.537701471387,,2011,Europe,Gasoline,All-wheel drive,0,13.150093590815613
210,8,117,2907.0252470133314,15.6,2018,Asia,Gasoline,All-wheel drive,-1,15.944156885939284
150,3,,2895.278745247634,15,2003,Asia,Gasoline,All-wheel drive,0,16.047819195348914
220,6,133,2414.0696746369604,14.5,2012,Asia,Gasoline,All-wheel drive,0,17.78081154053672
170,6,159,3895.489481397187,16.3,2008,Asia,Gasoline,All-wheel drive,-1,10.426162625991752
190,7,143,3252.98729592143,13.7,2001,Europe,Gasoline,All-wheel drive,0,13.579017959278987
220,5,125,2334.1496270133425,11.9,2008,Asia,Gasoline,All-wheel drive,0,17.984989909299813
240,5,122,3287.85854716056,16.2,2023,USA,Gasoline,Front-wheel drive,1,13.02344288226428
190,,137,2541.9724965805776,12.8,2006,Asia,Gasoline,All-wheel drive,,17.08667704671275
270,3,109,2618.977646518094,17.9,2004,USA,Diesel,Front-wheel drive,1,16.37738380295546
110,4,,3040.54103818638,14.4,2022,USA,Gasoline,All-wheel drive,0,14.232992467413977
200,6,88,2370.3001369426574,,2011,Asia,Gasoline,Front-wheel drive,,17.5790906232763
100,9,139,3014.8784285140073,17.2,2001,USA,Gasoline,All-wheel drive,-1,14.848516278635238
230,7,145,3083.900679710824,17.1,2014,USA,Gasoline,Front-wheel drive,0,13.733984040188739
240,2,159,3576.214732474217,12.2,2020,USA,Diesel,Front-wheel drive,0,12.571749491693684
160,2,136,3581.564638791716,15.7,2008,USA,Diesel,Front-wheel drive,1,11.730956057477563
240,8,143,3332.176452637524,16.7,2023,Asia,Diesel,All-wheel drive,0,13.163088159100486
110,4,128,3833.214164420619,11.4,2014,USA,Diesel,All-wheel drive,0,10.903670233327707
300,,,3260.5193222149323,14.7,2005,Europe,Diesel,Front-wheel drive,2,13.722352367060207
200,3,184,2952.5468064989377,,2020,Asia,Diesel,Front-wheel drive,-2,14.954671690575395
200,3,83,2794.270459487695,16,2022,Europe,Diesel,Front-wheel drive,1,15.110030982385688
210,0,112,3163.453512030712,15.4,2016,Europe,Diesel,All-wheel drive,0,14.031971194471922
200,6,100,3543.1356924209585,15.4,2004,USA,Gasoline,Front-wheel drive,,11.087649793684207
240,6,180,3670.0656820692757,15.1,2010,Asia,Gasoline,All-wheel drive,0,11.847192837327222
180,2,165,3451.6148184991525,20.6,2015,USA,Gasoline,All-wheel drive,-1,11.677787439082396
160,6,102,3283.159797261822,18.4,2013,Asia,Diesel,Front-wheel drive,2,12.700547693784399
190,5,173,2829.8627440394944,13.3,2017,USA,Gasoline,All-wheel drive,0,16.230853122167282
180,0,132,3736.204748094465,17.9,2018,Europe,Gasoline,Front-wheel drive,1,11.049768593029162
140,4,152,3188.422789446092,11.7,2015,Europe,Diesel,All-wheel drive,0,14.68591328818465
150,5,133,1723.8277516767432,16.8,2019,Europe,Gasoline,All-wheel drive,0,20.908352848450832
170,2,118,3615.727884705945,11.6,2013,Europe,Gasoline,All-wheel drive,0,12.094320251940657
200,3,142,2807.085768073254,15,2017,Asia,Diesel,Front-wheel drive,1,15.937745823453488
270,1,144,2931.2264806792537,11.9,2018,USA,Diesel,All-wheel drive,0,16.547106527854414
130,2,,2867.4637987790557,,2003,Europe,Gasoline,All-wheel drive,0,15.598058866174714
270,,158,3290.1370372501087,17.5,2013,Asia,Gasoline,All-wheel drive,-1,13.14448947025665
160,,151,3533.214977158563,16.7,2000,Asia,Gasoline,All-wheel drive,-1,12.193329299735293
220,8,121,2607.9565118151513,18.8,2008,USA,Gasoline,All-wheel drive,0,16.62947182389394
240,2,160,3219.3316657249584,15.7,2012,Asia,Diesel,Front-wheel drive,-1,13.424287077200486
190,5,136,3339.86882785217,16.7,2001,Asia,Gasoline,Front-wheel drive,0,12.252769090181223
110,4,133,2255.4870132229225,12.3,2011,Asia,Diesel,Front-wheel drive,-1,18.757334603480118
170,1,123,3277.023670561731,16.5,2016,Europe,Gasoline,All-wheel drive,-1,12.958705966223226
160,3,181,3298.421798128595,17.8,2018,USA,Gasoline,All-wheel drive,-1,13.766032044031451
190,1,,3020.304908624853,15.7,2005,Europe,Diesel,All-wheel drive,0,15.43103469129397
170,2,144,2198.747597523332,12.2,2007,USA,Diesel,Front-wheel drive,-2,19.81881774442229
200,4,126,2884.48430528317,,2014,Europe,Diesel,All-wheel drive,-2,14.981134994348777
150,2,127,2307.3964196982006,16.5,2017,Europe,Gasoline,Front-wheel drive,0,18.64591176758783
210,2,188,1738.846509093705,18.4,2015,Europe,Gasoline,All-wheel drive,0,21.614960636549643
150,4,174,2656.4199195695423,15.8,2010,USA,Gasoline,All-wheel drive,1,17.48346307150875
180,6,163,3215.2910043142538,13.6,2008,Europe,Diesel,All-wheel drive,-1,14.397707478173226
200,3,141,2461.20319100502,,2001,USA,Diesel,Front-wheel drive,1,17.5032014979564
230,5,145,3163.184605578765,13.4,2011,Europe,Diesel,Front-wheel drive,2,14.062507129372024
250,4,,3097.934443604139,13.8,2003,Europe,Gasoline,Front-wheel drive,-1,15.019661876443488
210,1,176,2486.253478428113,14.4,2008,Europe,Gasoline,All-wheel drive,0,17.92967963336106
160,3,172,3636.244722694573,13.4,2022,USA,Gasoline,Front-wheel drive,0,11.46519625585145
260,2,138,2785.5372577618928,15.7,2011,Asia,Diesel,Front-wheel drive,-1,16.063399384304457
250,5,127,2598.9617031359717,11.5,2020,Asia,Gasoline,Front-wheel drive,0,17.00891327690338
220,6,149,2823.2345836628233,14.2,2001,USA,Gasoline,Front-wheel drive,-1,15.879956969069056
220,3,205,2814.0394598005823,17.8,2013,Europe,Diesel,All-wheel drive,0,15.784439401477345
100,4,133,2301.8596556208777,19,2014,Asia,Diesel,All-wheel drive,-2,17.552148803971466
180,4,191,2594.910408674255,16.5,2005,Asia,Diesel,Front-wheel drive,-2,17.37078038494693
220,3,,2826.8400500966404,14.7,2006,Asia,Diesel,Front-wheel drive,-2,15.552653292433167
330,4,175,3491.4596068404117,12.8,2014,Europe,Gasoline,Front-wheel drive,0,13.094496764791149
210,3,182,3152.8252101484436,,2021,USA,Gasoline,Front-wheel drive,1,13.659858309354181
220,4,158,4264.5632476128485,15.7,2016,USA,Diesel,Front-wheel drive,1,9.028015794514038
220,6,159,3772.2018378999946,13.7,2019,Europe,Gasoline,Front-wheel drive,0,10.775542053217837
210,3,154,2699.7905136798936,21.8,2008,USA,Diesel,Front-wheel drive,0,15.523126671650989
310,2,186,3047.432567022571,13.9,2011,USA,Gasoline,All-wheel drive,-1,16.053958122573174
330,5,123,3136.0006744658217,9.3,2010,Europe,Diesel,All-wheel drive,,15.312901845998224
110,5,143,3094.6077575624176,15.6,2013,USA,Diesel,All-wheel drive,0,13.869367883897405
240,3,154,3060.99762475466,16.2,2011,Europe,Diesel,All-wheel drive,0,14.50653919805689
210,,152,3747.467391996321,13.7,2021,USA,Gasoline,Front-wheel drive,1,11.7484407197295
180,9,108,3010.3811613803964,16.4,2009,Asia,Gasoline,Front-wheel drive,0,14.613010983573094
260,5,172,3171.5965261336673,14.6,2008,USA,Gasoline,All-wheel drive,-1,14.506773108586847
270,1,139,3543.3671590242966,,2014,USA,Diesel,All-wheel drive,0,12.137065154357135
150,7,193,2106.627725863158,16,2013,Asia,Diesel,Front-wheel drive,0,19.11641948580176
170,6,157,2732.3752634974676,10.7,2010,Asia,Gasoline,Front-wheel drive,0,16.63234147149211
140,6,189,2164.61386206607,15.5,2008,Europe,Gasoline,All-wheel drive,1,20.15756324240981
210,5,114,2997.4158611622815,14.7,2001,USA,Diesel,All-wheel drive,-2,14.471066119448025
140,5,152,3263.65896012538,15.3,2015,Europe,Gasoline,All-wheel drive,-1,13.481609445968274
190,4,147,2348.797557271285,14.1,2006,Europe,Diesel,Front-wheel drive,1,18.381311203569165
120,5,,3246.9351890041553,12.6,2004,Europe,Diesel,Front-wheel drive,1,14.328402204199302
260,7,122,2503.931492704641,14.6,2003,USA,Diesel,Front-wheel drive,0,17.17484483373723
90,7,127,3833.7822373394906,10.7,2016,USA,Diesel,Front-wheel drive,-1,11.610299484112751
260,5,138,2488.7347155304196,13,2014,Asia,Gasoline,All-wheel drive,-1,17.64448701075671
240,3,136,3155.46554395523,13.5,2002,Asia,Diesel,All-wheel drive,0,14.588110005538578
270,4,122,3796.2876473875867,13.8,2006,USA,Gasoline,Front-wheel drive,-1,10.495765942462096
180,5,,3134.589024311885,16.6,2010,Asia,Gasoline,Front-wheel drive,0,13.85289469089549
180,4,135,3503.9688414231473,8.1,2020,USA,Diesel,All-wheel drive,-1,13.357594752697501
210,4,119,2466.8886920363193,14.8,2016,Europe,Gasoline,Front-wheel drive,-1,16.709134362093355
140,6,191,3625.1698757836775,15.1,2003,Asia,Gasoline,Front-wheel drive,1,11.640939444751673
240,5,119,2716.6569074132976,18,2011,Asia,Gasoline,Front-wheel drive,0,15.567718608863812
190,7,216,3213.8123801404404,12.5,2011,Asia,Gasoline,All-wheel drive,1,15.095138183347798
280,9,111,2930.7068342285343,16.9,2008,USA,Diesel,Front-wheel drive,2,13.930998312469693
250,3,179,3934.678029932027,16.1,2006,Europe,Diesel,All-wheel drive,1,10.55482516815861
140,4,97,3192.130243961107,,2013,Asia,Gasoline,All-wheel drive,0,12.448527289705929
150,1,157,3143.6837820839955,15.7,2017,USA,Gasoline,Front-wheel drive,-1,14.40014492675564
180,3,210,2584.5393408330897,15.7,2004,Asia,Diesel,All-wheel drive,,17.980316397742858
170,4,112,2070.6970140082653,14.1,2023,Europe,Diesel,Front-wheel drive,1,19.259594096655363
220,4,142,3496.3356357717867,13.2,2005,Europe,Gasoline,All-wheel drive,-1,12.19824002822432
180,2,101,2618.487759830385,18.5,2019,Asia,Diesel,Front-wheel drive,-1,15.949930482561848
290,0,,2608.1258564003497,,2006,Europe,Gasoline,All-wheel drive,1,16.98465054053412
210,5,157,3117.1976674592433,,2012,Europe,Diesel,Front-wheel drive,-1,14.268606620606874
170,5,163,4032.337352292058,19.4,2008,Asia,Diesel,All-wheel drive,0,9.727918525681048
240,10,163,3125.2010211397574,14.8,2014,Europe,Diesel,All-wheel drive,,14.751773179931579
210,4,95,2866.4064851325957,11.4,2010,Asia,Gasoline,All-wheel drive,1,15.928011191058163
180,5,137,3284.5574011685867,13.6,2001,Asia,Gasoline,All-wheel drive,1,14.152107112205362
150,4,103,3534.453368349885,20.6,2003,USA,Gasoline,Front-wheel drive,-1,10.797232453327638
230,5,128,3118.4009644595403,16.5,2004,Europe,Gasoline,All-wheel drive,0,13.063454628045694
200,5,213,2429.4006434560533,16,2020,USA,Diesel,Front-wheel drive,,18.737357445222578
180,,123,2875.191410620831,13.6,2012,Asia,Gasoline,Front-wheel drive,-1,15.709006165974783
210,4,172,2621.3432917940167,19.9,2014,Europe,Diesel,Front-wheel drive,0,17.02448433576916
150,6,147,3617.5992314325695,17.7,2018,USA,Diesel,Front-wheel drive,-1,11.93235084517725
210,9,147,3328.105280454653,16.5,2022,Asia,Gasoline,Front-wheel drive,0,13.655900373573777
100,4,170,3385.51275217071,13.6,2021,USA,Diesel,Front-wheel drive,,13.666365904408826
170,4,150,3223.1422176950396,12.6,2002,USA,Diesel,All-wheel drive,-1,14.506261310197104
160,7,106,3447.1433623084604,16.8,2016,USA,Gasoline,Front-wheel drive,-2,12.753688707007345
160,4,148,3339.022146373813,,2021,Asia,Diesel,All-wheel drive,-1,13.51870170045155
190,1,161,2760.9616593844603,15.9,2013,Asia,Diesel,All-wheel drive,-1,16.560319360687522
180,7,163,3490.926815137184,15.2,2008,Europe,Diesel,All-wheel drive,-3,12.543844503332002
200,6,,2735.981597467957,,2005,USA,Gasoline,Front-wheel drive,1,16.060321452070596
170,5,,2458.136177742391,17.3,2010,USA,Diesel,All-wheel drive,0,17.658283666270005
280,8,205,2386.9406002578094,13.1,2022,Europe,Gasoline,Front-wheel drive,-2,19.060041559209033
90,4,154,4071.505101719579,,2022,Asia,Gasoline,Front-wheel drive,1,10.761181757087726
250,5,152,3318.389848478263,13.4,2018,Europe,Gasoline,Front-wheel drive,-2,13.580975803558188
110,2,171,3147.075681651428,14.9,2009,USA,Diesel,All-wheel drive,1,15.201148736360993
120,5,136,3378.297169506821,14.8,2020,Asia,Diesel,All-wheel drive,0,12.903413688067745
140,6,142,3823.0016232798966,11.7,2006,Europe,Diesel,Front-wheel drive,-1,11.28716074957615
250,4,141,4321.391307325026,,2021,USA,Diesel,Front-wheel drive,0,8.256132942705044
190,3,,2135.0886555892303,19.5,2022,USA,Diesel,Front-wheel drive,0,17.967738779921948
220,6,141,2540.1371510502263,12.3,2008,Asia,Gasoline,Front-wheel drive,0,17.3082668954369
170,3,,2870.2035006263404,11,2018,Asia,Diesel,Front-wheel drive,1,15.756218297541125
250,1,161,2607.7486560947964,14.7,2018,USA,Gasoline,All-wheel drive,1,17.120750792894352
200,5,171,2300.587423056592,14.8,2006,USA,Diesel,All-wheel drive,-1,19.297901752388974
210,2,182,2509.775321498556,17.1,2011,Europe,Diesel,All-wheel drive,,17.248697251511178
240,,169,2806.7664975067005,15.8,2022,Europe,Diesel,Front-wheel drive,1,15.975415890442697
210,5,152,3062.5704636070986,13.6,2021,USA,Diesel,Front-wheel drive,0,14.484031541000432
130,2,121,2602.143159225371,15.1,2016,USA,Diesel,Front-wheel drive,,16.456217025947392
210,2,154,2834.2737809965383,11.7,2013,USA,Diesel,Front-wheel drive,-1,15.35667970457715
220,4,143,3292.342856415975,17.4,2015,USA,Diesel,All-wheel drive,0,13.51157388975139
40,6,194,3703.0700610625377,12.6,2004,Europe,Gasoline,Front-wheel drive,1,12.594446056507715
160,3,115,2519.3201154807757,9.7,2006,USA,Gasoline,All-wheel drive,-1,17.669588031826198
150,4,165,3090.794051569199,18.3,2001,Europe,Gasoline,All-wheel drive,1,14.08967427806597
200,3,140,3123.0659315854446,15.4,2009,USA,Diesel,Front-wheel drive,0,13.890137419926447
200,2,117,3550.190464989679,18.5,2013,Europe,Gasoline,Front-wheel drive,0,12.034563056062522
250,2,164,2895.9550063907764,12.4,2010,Europe,Diesel,Front-wheel drive,1,15.375479117499268
320,4,174,3596.820351881328,,2014,Europe,Diesel,All-wheel drive,0,12.674382728686904
190,4,172,3342.6968672116873,,2022,Europe,Diesel,All-wheel drive,2,13.695900581984365
160,4,,3300.3081298135994,19.2,2011,USA,Diesel,All-wheel drive,-1,12.55238441585565
140,4,114,2760.983017017766,15.3,2018,Europe,Gasoline,All-wheel drive,2,15.947086365636173
280,1,160,3684.548384683345,16.5,2001,USA,Gasoline,Front-wheel drive,0,11.712395034789687
130,5,151,2385.3835462300553,14.3,2005,USA,Gasoline,All-wheel drive,-1,18.156919953772583
220,6,,3016.8637989983717,13.3,2017,Europe,Diesel,Front-wheel drive,-2,15.239343717478596
210,2,124,3617.8452483045053,,2002,Europe,Diesel,All-wheel drive,0,11.535650432776976
200,13,176,3027.440316950418,16.2,2023,Europe,Gasoline,All-wheel drive,1,15.079407625902888
180,3,157,2957.4493841720755,16.6,2014,USA,Diesel,All-wheel drive,-2,15.119353265605687
260,3,155,3677.0554735575333,21.1,2005,Europe,Diesel,Front-wheel drive,0,10.93523224407957
250,4,150,2985.704630232919,,2022,USA,Gasoline,Front-wheel drive,-1,15.215270368530273
210,6,121,2246.9826362224894,,2003,USA,Diesel,All-wheel drive,2,19.347072778985762
250,2,118,1947.7658389022786,,2009,Europe,Diesel,Front-wheel drive,2,19.826098537391402
260,5,135,3039.2839426334617,10.9,2003,Asia,Diesel,All-wheel drive,-1,15.587198987980333
220,0,149,3823.5134184068083,18.4,2015,Europe,Gasoline,Front-wheel drive,0,10.101437487382668
210,6,,4199.036857039885,13.7,2003,Asia,Diesel,All-wheel drive,-2,9.959680594316152
210,1,148,3177.75601050671,12.7,2010,Europe,Diesel,Front-wheel drive,0,14.310430192130607
220,6,158,3310.0330388991943,14.5,2003,USA,Gasoline,All-wheel drive,-1,13.077715261052997
200,3,178,3009.3225212913476,13.3,2005,Europe,Diesel,Front-wheel drive,-1,15.41370183730548
130,4,115,2947.8088799147445,,2011,Asia,Gasoline,Front-wheel drive,,14.023805236922156
180,6,136,3262.0878873000465,15.8,2019,USA,Diesel,All-wheel drive,-3,13.12192261682215
200,8,123,3124.3755161856197,19.3,2004,Europe,Gasoline,All-wheel drive,0,13.375188961587059
240,3,114,3322.618216040847,17.1,2007,Asia,Gasoline,All-wheel drive,2,12.789835667737307
200,4,166,3758.578244316762,15.1,2013,Asia,Gasoline,Front-wheel drive,0,11.235353850466943
200,3,180,3580.2928100247627,14.8,2015,USA,Diesel,All-wheel drive,1,13.03747911155408
210,4,158,2587.2282383474803,12.4,2017,Europe,Gasoline,All-wheel drive,0,17.95066289469054
250,4,85,3506.276343490797,14.8,2019,Europe,Diesel,All-wheel drive,1,12.233758642049473
170,3,150,2801.998639415574,21.8,2021,USA,Gasoline,Front-wheel drive,1,15.084739385159418
220,3,171,2538.050337409925,14,2009,Europe,Gasoline,Front-wheel drive,1,17.043282770343755
120,2,152,2809.1931884724318,14.1,2015,Asia,Gasoline,All-wheel drive,2,15.398093860563344
160,7,152,3728.950381036875,14.2,2023,Europe,Diesel,All-wheel drive,0,11.561929700751575
170,2,162,3427.0581086398356,20.2,2017,Europe,Gasoline,Front-wheel drive,0,12.682367140440785
180,12,126,2428.002269906443,8.5,2011,Europe,Gasoline,Front-wheel drive,-1,18.117697356926435
200,4,127,3685.4903876253366,14.6,2014,Europe,Diesel,Front-wheel drive,1,11.808659344192108
180,4,139,2150.867053853115,16.8,2012,USA,Gasoline,Front-wheel drive,0,18.98744314274634
190,4,106,2605.7927393234113,14.3,2022,USA,Gasoline,Front-wheel drive,-1,16.154707202555645
180,5,160,3803.459499747503,22.7,2022,Europe,Gasoline,All-wheel drive,0,10.103535021625197
220,3,159,2889.9570599344884,14.3,2006,Europe,Diesel,Front-wheel drive,0,15.535447271649373
280,,141,2905.1314627161846,13.4,2003,Europe,Gasoline,Front-wheel drive,0,15.247665460263354
210,8,141,2642.0986502625556,11.5,2012,USA,Gasoline,Front-wheel drive,,17.39076199138717
130,5,198,2262.341351003094,17.5,2008,Asia,Diesel,Front-wheel drive,-2,18.655000649692045
190,3,127,2554.23717592174,15.9,2004,Asia,Diesel,All-wheel drive,1,16.443447380600045
250,5,197,3278.6355107292306,15.7,2000,Asia,Gasoline,Front-wheel drive,-1,14.401021448511472
240,4,82,3067.165854368329,15.8,2016,Europe,Diesel,All-wheel drive,0,14.230319481597869
80,3,,3336.1703528829403,17.2,2009,Europe,Gasoline,All-wheel drive,-1,13.563144338604616
130,6,244,2896.70117251654,,2013,Asia,Gasoline,Front-wheel drive,1,16.069712030533758
190,6,121,3739.121471428314,10.2,2019,Asia,Diesel,Front-wheel drive,1,10.811796107461774
90,5,155,3174.49270622353,19.1,2005,Europe,Gasoline,All-wheel drive,-2,14.066813659024128
260,8,153,2581.123419905881,14.7,2007,Europe,Gasoline,All-wheel drive,1,16.471135553501565
250,2,213,3394.5905006534376,10.1,2018,Europe,Diesel,All-wheel drive,-1,13.826432316826098
210,3,142,2440.0349135002716,,2021,USA,Gasoline,All-wheel drive,1,17.826995079252914
170,4,,3326.128788100899,15.5,2003,Europe,Gasoline,All-wheel drive,0,12.143735449230475
260,5,183,3001.2160974622925,18.1,2006,Europe,Diesel,Front-wheel drive,0,14.441252561238748
210,6,194,3256.5317164910084,12.4,2002,USA,Gasoline,All-wheel drive,,14.157225493548154
250,1,155,3566.609645826078,15,2012,Asia,Gasoline,Front-wheel drive,,12.441623931838132
270,3,76,3357.007457876263,18.1,2022,Asia,Diesel,Front-wheel drive,2,11.663976018712424
160,4,,2653.3777364898397,17.9,2010,Europe,Gasoline,All-wheel drive,0,16.819716265683667
210,5,160,2297.7412319970354,,2021,USA,Diesel,All-wheel drive,1,18.663586714652435
240,5,105,3359.7242206984115,11.3,2018,USA,Gasoline,Front-wheel drive,0,12.959651497814225
70,3,158,3752.0993081481893,11.7,2012,USA,Diesel,Front-wheel drive,0,11.968379587759065
110,7,145,3454.743091115055,16.3,2019,USA,Gasoline,Front-wheel drive,1,12.621547400539072
220,4,119,2339.848826691204,11.7,2016,USA,Gasoline,All-wheel drive,1,18.315030305930396
290,3,133,3396.938767696826,15.6,2011,Europe,Gasoline,All-wheel drive,-1,13.068378417757902
210,4,62,3332.463479195205,17.1,2005,Europe,Diesel,All-wheel drive,2,11.852799406712807
